date,close
1990-12-19,99.98
1990-12-20,104.39
1990-12-21,109.13
1990-12-24,114.55
1990-12-25,120.25
1990-12-26,125.27
1990-12-27,125.28
1990-12-28,126.45
1990-12-31,127.61
1991-01-02,128.84
1991-01-03,130.14
1991-01-04,131.44
1991-01-07,132.06
1991-01-08,132.68
1991-01-09,133.34
1991-01-10,133.97
1991-01-11,134.6
1991-01-14,134.67
1991-01-15,134.74
1991-01-16,134.24
1991-01-17,134.25
1991-01-18,134.24
1991-01-21,134.24
1991-01-22,133.72
1991-01-23,133.17
1991-01-24,132.61
1991-01-25,132.05
1991-01-28,131.46
1991-01-29,130.95
1991-01-30,130.44
1991-01-31,129.97
1991-02-01,129.51
1991-02-04,129.05
1991-02-05,128.58
1991-02-06,129.14
1991-02-07,129.79
1991-02-08,130.38
1991-02-11,130.97
1991-02-12,131.35
1991-02-13,131.92
1991-02-14,132.53
1991-02-19,133.13
1991-02-20,133.67
1991-02-21,134.28
1991-02-22,134.87
1991-02-25,134.4
1991-02-26,133.93
1991-02-27,133.47
1991-02-28,133.01
1991-03-01,132.53
1991-03-04,131.99
1991-03-05,131.46
1991-03-06,130.94
1991-03-07,130.41
1991-03-08,129.89
1991-03-11,129.31
1991-03-12,128.77
1991-03-13,126.15
1991-03-14,125.63
1991-03-15,125.17
1991-03-18,124.71
1991-03-19,124.22
1991-03-20,123.66
1991-03-21,123.12
1991-03-22,122.62
1991-03-25,122.12
1991-03-26,121.62
1991-03-27,121.12
1991-03-28,120.61
1991-03-29,120.19
1991-04-01,120.73
1991-04-02,121.21
1991-04-03,121.71
1991-04-04,121.72
1991-04-05,121.54
1991-04-08,121.09
1991-04-09,120.62
1991-04-10,120.16
1991-04-11,119.64
1991-04-12,119.21
1991-04-15,118.77
1991-04-16,118.34
1991-04-17,117.9
1991-04-18,117.45
1991-04-19,117.08
1991-04-22,116.63
1991-04-23,116.19
1991-04-24,115.79
1991-04-25,115.36
1991-04-26,115.56
1991-04-29,114.75
1991-04-30,113.94
1991-05-02,113.16
1991-05-03,112.41
1991-05-06,111.61
1991-05-07,110.82
1991-05-08,110.03
1991-05-09,109.29
1991-05-10,108.53
1991-05-13,107.84
1991-05-14,107.19
1991-05-15,106.57
1991-05-16,105.77
1991-05-17,106.75
1991-05-20,107.82
1991-05-21,108.81
1991-05-22,108.25
1991-05-23,109.08
1991-05-24,110.08
1991-05-27,110.66
1991-05-28,111.68
1991-05-29,112.75
1991-05-30,113.82
1991-05-31,114.83
1991-06-03,115.97
1991-06-04,117.12
1991-06-05,118.17
1991-06-06,118.17
1991-06-07,120.47
1991-06-10,121.67
1991-06-11,122.89
1991-06-12,124.11
1991-06-13,125.34
1991-06-14,124.53
1991-06-17,125.77
1991-06-18,127.03
1991-06-19,128.29
1991-06-20,129.57
1991-06-21,130.86
1991-06-24,132.17
1991-06-25,133.49
1991-06-26,134.83
1991-06-27,136.19
1991-06-28,137.56
1991-07-01,136.85
1991-07-02,135.96
1991-07-03,135.27
1991-07-04,136.63
1991-07-05,135.96
1991-07-08,135.28
1991-07-09,134.64
1991-07-10,133.99
1991-07-11,133.38
1991-07-12,132.8
1991-07-15,133.14
1991-07-16,134.47
1991-07-17,135.81
1991-07-18,137.17
1991-07-19,136.7
1991-07-22,138.07
1991-07-23,139.39
1991-07-24,140.68
1991-07-25,140.19
1991-07-26,140.66
1991-07-29,141.52
1991-07-30,142.39
1991-07-31,143.8
1991-08-01,145.24
1991-08-02,146.68
1991-08-05,148.15
1991-08-06,149.62
1991-08-07,151.12
1991-08-08,152.61
1991-08-09,154.1
1991-08-12,155.54
1991-08-13,157.07
1991-08-14,158.63
1991-08-15,160.21
1991-08-16,161.6
1991-08-19,163.21
1991-08-20,164.84
1991-08-21,166.49
1991-08-22,168.16
1991-08-23,169.81
1991-08-26,171.51
1991-08-27,173.19
1991-08-28,174.92
1991-08-29,176.66
1991-08-30,178.43
1991-09-02,180.22
1991-09-03,181.97
1991-09-04,183.69
1991-09-05,185.51
1991-09-06,187.36
1991-09-09,189.24
1991-09-10,188.33
1991-09-11,187.22
1991-09-12,186.22
1991-09-13,187.79
1991-09-16,189.66
1991-09-17,188.65
1991-09-18,187.63
1991-09-19,186.88
1991-09-20,185.92
1991-09-23,185.0
1991-09-24,184.08
1991-09-25,183.19
1991-09-26,182.33
1991-09-27,181.82
1991-09-30,180.92
1991-10-03,182.48
1991-10-04,184.29
1991-10-07,186.0
1991-10-08,187.49
1991-10-09,189.12
1991-10-10,191.01
1991-10-11,192.85
1991-10-14,194.67
1991-10-15,196.61
1991-10-16,198.57
1991-10-17,200.51
1991-10-18,202.51
1991-10-21,204.53
1991-10-22,206.53
1991-10-23,208.25
1991-10-24,210.07
1991-10-25,211.86
1991-10-28,213.98
1991-10-29,215.78
1991-10-30,216.43
1991-10-31,218.6
1991-11-01,220.72
1991-11-04,222.77
1991-11-05,224.65
1991-11-06,226.88
1991-11-07,228.93
1991-11-08,231.22
1991-11-11,233.55
1991-11-12,235.8
1991-11-13,236.67
1991-11-14,237.45
1991-11-15,238.25
1991-11-18,240.62
1991-11-19,242.24
1991-11-20,244.5
1991-11-21,246.31
1991-11-22,248.53
1991-11-25,250.85
1991-11-26,252.97
1991-11-27,255.45
1991-11-28,257.35
1991-11-29,259.6
1991-12-02,262.19
1991-12-03,264.81
1991-12-04,265.77
1991-12-05,266.66
1991-12-06,269.35
1991-12-09,270.27
1991-12-10,272.91
1991-12-11,273.71
1991-12-12,274.41
1991-12-13,277.0
1991-12-16,277.85
1991-12-17,278.68
1991-12-18,279.51
1991-12-19,280.17
1991-12-20,282.83
1991-12-23,285.65
1991-12-24,286.22
1991-12-25,287.15
1991-12-26,288.03
1991-12-27,290.85
1991-12-30,291.71
1991-12-31,292.75
1992-01-02,293.75
1992-01-03,296.52
1992-01-06,297.68
1992-01-07,298.77
1992-01-08,299.66
1992-01-09,300.62
1992-01-10,301.83
1992-01-13,303.06
1992-01-14,305.74
1992-01-15,306.63
1992-01-16,306.85
1992-01-17,307.38
1992-01-20,307.39
1992-01-21,307.87
1992-01-22,307.95
1992-01-23,308.53
1992-01-24,309.05
1992-01-27,311.61
1992-01-28,311.84
1992-01-29,312.42
1992-01-30,312.73
1992-01-31,313.24
1992-02-03,314.18
1992-02-07,314.72
1992-02-10,315.56
1992-02-11,316.43
1992-02-12,316.44
1992-02-13,317.06
1992-02-14,319.68
1992-02-17,319.77
1992-02-18,337.11
1992-02-19,342.41
1992-02-20,347.99
1992-02-21,359.59
1992-02-24,360.5
1992-02-25,360.37
1992-02-26,360.1
1992-02-27,362.45
1992-02-28,364.66
1992-03-02,365.39
1992-03-03,367.0
1992-03-04,368.32
1992-03-05,369.76
1992-03-06,371.76
1992-03-09,373.53
1992-03-10,375.23
1992-03-11,376.14
1992-03-12,376.92
1992-03-13,376.38
1992-03-16,377.05
1992-03-17,377.49
1992-03-18,377.66
1992-03-19,377.31
1992-03-20,377.99
1992-03-23,378.89
1992-03-24,378.69
1992-03-25,378.12
1992-03-26,379.13
1992-03-27,380.77
1992-03-30,381.44
1992-03-31,381.24
1992-04-01,381.01
1992-04-02,381.12
1992-04-03,381.33
1992-04-06,381.47
1992-04-07,381.93
1992-04-08,382.43
1992-04-09,381.65
1992-04-10,382.03
1992-04-13,391.11
1992-04-14,400.61
1992-04-15,406.72
1992-04-16,410.55
1992-04-17,414.42
1992-04-20,413.85
1992-04-21,410.06
1992-04-22,399.88
1992-04-23,407.25
1992-04-24,414.4
1992-04-27,424.58
1992-04-28,436.09
1992-04-29,444.16
1992-04-30,445.38
1992-05-04,453.62
1992-05-05,449.21
1992-05-06,449.96
1992-05-07,454.65
1992-05-08,468.11
1992-05-11,491.5
1992-05-12,506.53
1992-05-13,514.04
1992-05-14,523.36
1992-05-15,544.35
1992-05-18,571.82
1992-05-19,598.11
1992-05-20,616.99
1992-05-21,1266.49
1992-05-22,1339.99
1992-05-25,1421.57
1992-05-26,1301.35
1992-05-27,1193.17
1992-05-28,1160.17
1992-05-29,1234.71
1992-06-01,1183.24
1992-06-02,1141.02
1992-06-03,1059.07
1992-06-04,1104.46
1992-06-05,1105.76
1992-06-08,1093.46
1992-06-09,1126.62
1992-06-10,1187.02
1992-06-11,1178.3
1992-06-12,1171.71
1992-06-15,1171.85
1992-06-16,1169.57
1992-06-17,1169.57
1992-06-18,1168.43
1992-06-19,1171.94
1992-06-22,1169.9
1992-06-23,1158.17
1992-06-24,1151.06
1992-06-25,1160.23
1992-06-26,1164.67
1992-06-29,1169.51
1992-06-30,1191.19
1992-07-01,1194.18
1992-07-02,1187.48
1992-07-03,1189.16
1992-07-06,1201.01
1992-07-07,1206.46
1992-07-08,1185.5
1992-07-09,1178.53
1992-07-10,1188.62
1992-07-13,1136.33
1992-07-14,1114.05
1992-07-15,1107.69
1992-07-16,1124.64
1992-07-17,1125.56
1992-07-20,1098.82
1992-07-21,1082.39
1992-07-22,1035.66
1992-07-23,1014.57
1992-07-24,1142.02
1992-07-27,1149.33
1992-07-28,1105.95
1992-07-29,1087.12
1992-07-30,1057.4
1992-07-31,1052.07
1992-08-03,1031.55
1992-08-04,1035.63
1992-08-05,1012.55
1992-08-06,1002.17
1992-08-07,1005.23
1992-08-10,964.09
1992-08-11,863.41
1992-08-12,781.21
1992-08-13,850.94
1992-08-14,858.38
1992-08-17,939.46
1992-08-18,933.44
1992-08-19,939.51
1992-08-20,932.32
1992-08-21,916.25
1992-08-24,884.1
1992-08-25,849.57
1992-08-26,877.25
1992-08-27,863.77
1992-08-28,848.2
1992-08-31,823.27
1992-09-01,824.96
1992-09-02,787.67
1992-09-03,764.11
1992-09-04,753.58
1992-09-07,702.83
1992-09-08,640.12
1992-09-09,635.74
1992-09-10,692.78
1992-09-11,776.29
1992-09-14,734.98
1992-09-15,738.16
1992-09-16,769.04
1992-09-17,761.72
1992-09-18,754.4
1992-09-21,733.44
1992-09-22,722.7
1992-09-23,712.37
1992-09-24,730.57
1992-09-25,729.79
1992-09-28,724.7
1992-09-29,710.63
1992-09-30,702.32
1992-10-05,679.62
1992-10-06,674.24
1992-10-07,665.26
1992-10-08,643.69
1992-10-09,660.29
1992-10-12,690.57
1992-10-13,673.99
1992-10-14,663.75
1992-10-15,663.53
1992-10-16,664.75
1992-10-19,632.4
1992-10-20,616.29
1992-10-21,585.7
1992-10-22,539.8
1992-10-23,559.73
1992-10-26,506.94
1992-10-27,450.28
1992-10-28,463.21
1992-10-29,484.25
1992-10-30,507.25
1992-11-02,477.61
1992-11-03,479.81
1992-11-04,469.9
1992-11-05,462.63
1992-11-06,457.05
1992-11-09,428.61
1992-11-10,400.53
1992-11-11,410.16
1992-11-12,415.79
1992-11-13,414.09
1992-11-16,399.32
1992-11-17,393.52
1992-11-18,407.61
1992-11-19,398.95
1992-11-20,401.44
1992-11-23,410.39
1992-11-24,440.04
1992-11-25,571.63
1992-11-26,562.01
1992-11-27,637.67
1992-11-30,724.6
1992-12-01,716.74
1992-12-02,722.2
1992-12-03,808.2
1992-12-04,807.02
1992-12-07,793.25
1992-12-08,753.94
1992-12-09,676.45
1992-12-10,625.23
1992-12-11,722.28
1992-12-14,705.07
1992-12-15,682.24
1992-12-16,685.82
1992-12-17,707.82
1992-12-18,698.13
1992-12-21,731.68
1992-12-22,725.78
1992-12-23,732.05
1992-12-24,758.59
1992-12-25,764.28
1992-12-28,757.31
1992-12-29,768.91
1992-12-30,767.52
1992-12-31,780.39
1993-01-04,814.04
1993-01-05,847.44
1993-01-06,847.44
1993-01-07,868.97
1993-01-08,889.47
1993-01-11,977.42
1993-01-12,987.26
1993-01-13,1024.05
1993-01-14,1086.43
1993-01-15,1063.76
1993-01-18,1055.32
1993-01-19,991.83
1993-01-20,1043.31
1993-01-21,1074.26
1993-01-22,1100.31
1993-01-27,1162.44
1993-01-28,1150.37
1993-01-29,1198.48
1993-02-01,1278.5
1993-02-02,1310.58
1993-02-03,1300.56
1993-02-04,1371.58
1993-02-05,1332.96
1993-02-08,1393.17
1993-02-09,1474.92
1993-02-10,1454.46
1993-02-11,1397.38
1993-02-12,1458.76
1993-02-15,1536.82
1993-02-16,1513.48
1993-02-17,1504.0
1993-02-18,1508.22
1993-02-19,1499.74
1993-02-22,1456.29
1993-02-23,1367.36
1993-02-24,1264.96
1993-02-25,1410.36
1993-02-26,1339.88
1993-03-01,1199.73
1993-03-02,1245.11
1993-03-03,1231.77
1993-03-04,1159.13
1993-03-05,1109.54
1993-03-08,1209.65
1993-03-09,1137.79
1993-03-10,1188.97
1993-03-11,1261.8
1993-03-12,1236.37
1993-03-15,1171.73
1993-03-16,1222.55
1993-03-17,1202.85
1993-03-18,1184.48
1993-03-19,1174.99
1993-03-22,1036.92
1993-03-23,971.25
1993-03-24,956.97
1993-03-25,945.42
1993-03-26,1039.76
1993-03-29,970.45
1993-03-30,958.05
1993-03-31,925.91
1993-04-01,947.23
1993-04-02,944.01
1993-04-05,947.87
1993-04-06,1059.62
1993-04-07,1099.62
1993-04-08,1243.02
1993-04-09,1243.02
1993-04-12,1203.54
1993-04-13,1297.36
1993-04-14,1272.39
1993-04-15,1278.84
1993-04-16,1214.75
1993-04-19,1223.22
1993-04-20,1235.52
1993-04-21,1222.56
1993-04-22,1267.35
1993-04-23,1260.25
1993-04-26,1345.61
1993-04-27,1363.44
1993-04-28,1372.5
1993-04-29,1349.68
1993-04-30,1358.78
1993-05-03,1352.24
1993-05-04,1241.16
1993-05-05,1246.82
1993-05-06,1162.92
1993-05-07,1199.81
1993-05-10,1128.29
1993-05-11,1136.74
1993-05-12,1140.19
1993-05-13,1177.28
1993-05-14,1167.47
1993-05-17,1140.04
1993-05-18,1130.26
1993-05-19,1147.22
1993-05-20,1165.4
1993-05-21,1143.97
1993-05-24,1026.13
1993-05-25,997.95
1993-05-26,995.45
1993-05-27,963.61
1993-05-28,972.77
1993-05-31,935.48
1993-06-01,928.58
1993-06-02,1081.2
1993-06-03,1018.29
1993-06-04,1004.3
1993-06-07,1064.98
1993-06-08,1074.58
1993-06-09,1065.19
1993-06-10,1044.44
1993-06-11,1047.0
1993-06-14,1000.43
1993-06-15,1001.61
1993-06-16,1004.24
1993-06-17,998.0
1993-06-18,1005.98
1993-06-21,977.61
1993-06-22,981.13
1993-06-23,986.02
1993-06-24,980.17
1993-06-25,1006.64
1993-06-28,1002.42
1993-06-29,1028.44
1993-06-30,1007.05
1993-07-01,997.53
1993-07-02,986.98
1993-07-05,952.31
1993-07-06,897.64
1993-07-07,903.79
1993-07-08,896.16
1993-07-09,868.57
1993-07-12,845.52
1993-07-13,870.05
1993-07-14,836.39
1993-07-15,838.7
1993-07-16,846.87
1993-07-19,836.98
1993-07-20,808.21
1993-07-21,811.74
1993-07-22,815.53
1993-07-23,813.54
1993-07-26,787.81
1993-07-27,791.62
1993-07-28,798.33
1993-07-29,806.67
1993-07-30,881.07
1993-08-02,843.27
1993-08-03,832.72
1993-08-04,850.54
1993-08-05,849.3
1993-08-06,855.52
1993-08-09,885.27
1993-08-10,862.08
1993-08-11,883.02
1993-08-12,917.04
1993-08-13,947.26
1993-08-16,1023.87
1993-08-17,974.11
1993-08-18,947.93
1993-08-19,968.51
1993-08-20,946.54
1993-08-23,893.23
1993-08-24,894.44
1993-08-25,911.4
1993-08-26,903.91
1993-08-27,894.59
1993-08-30,899.27
1993-08-31,895.68
1993-09-01,893.97
1993-09-02,901.39
1993-09-03,922.69
1993-09-06,947.53
1993-09-07,909.04
1993-09-08,909.13
1993-09-09,901.66
1993-09-10,903.56
1993-09-13,879.24
1993-09-14,876.62
1993-09-15,880.78
1993-09-16,875.08
1993-09-17,881.41
1993-09-20,875.0
1993-09-21,890.23
1993-09-22,881.24
1993-09-23,884.02
1993-09-24,875.81
1993-09-27,880.98
1993-09-28,898.15
1993-09-29,886.12
1993-09-30,890.27
1993-10-04,892.55
1993-10-05,885.86
1993-10-06,885.04
1993-10-07,887.62
1993-10-08,874.76
1993-10-11,868.38
1993-10-12,871.42
1993-10-13,859.7
1993-10-14,855.04
1993-10-15,856.92
1993-10-18,835.25
1993-10-19,839.6
1993-10-20,843.85
1993-10-21,832.25
1993-10-22,818.81
1993-10-25,784.97
1993-10-26,783.23
1993-10-27,778.38
1993-10-28,824.66
1993-10-29,814.82
1993-11-01,816.71
1993-11-02,812.67
1993-11-03,805.71
1993-11-04,804.26
1993-11-05,814.39
1993-11-08,836.99
1993-11-09,846.15
1993-11-10,833.17
1993-11-11,848.27
1993-11-12,865.97
1993-11-15,890.46
1993-11-16,880.33
1993-11-17,887.65
1993-11-18,903.07
1993-11-19,924.67
1993-11-22,949.77
1993-11-23,957.95
1993-11-24,953.23
1993-11-25,986.69
1993-11-26,965.39
1993-11-29,972.96
1993-11-30,984.93
1993-12-01,974.8
1993-12-02,972.8
1993-12-03,980.67
1993-12-06,995.72
1993-12-07,1022.34
1993-12-08,1009.67
1993-12-09,984.9
1993-12-10,978.57
1993-12-13,950.77
1993-12-14,925.2
1993-12-15,940.61
1993-12-16,908.08
1993-12-17,901.7
1993-12-20,783.79
1993-12-21,840.34
1993-12-22,821.19
1993-12-23,833.77
1993-12-24,834.39
1993-12-27,839.9
1993-12-28,839.57
1993-12-29,821.16
1993-12-30,826.23
1993-12-31,833.8
1994-01-03,833.9
1994-01-04,832.69
1994-01-05,846.98
1994-01-06,869.33
1994-01-07,879.64
1994-01-10,900.3
1994-01-11,891.79
1994-01-12,888.04
1994-01-13,897.46
1994-01-14,849.23
1994-01-17,859.28
1994-01-18,835.06
1994-01-19,807.5
1994-01-20,802.61
1994-01-21,812.88
1994-01-24,839.2
1994-01-25,815.89
1994-01-26,812.41
1994-01-27,818.6
1994-01-28,799.26
1994-01-31,770.25
1994-02-01,755.15
1994-02-02,772.2
1994-02-03,780.17
1994-02-04,797.86
1994-02-14,779.91
1994-02-15,772.76
1994-02-16,776.1
1994-02-17,768.57
1994-02-18,769.18
1994-02-21,754.41
1994-02-22,768.17
1994-02-23,759.71
1994-02-24,758.84
1994-02-25,787.42
1994-02-28,770.98
1994-03-01,757.29
1994-03-02,742.06
1994-03-03,734.45
1994-03-04,726.3
1994-03-07,718.4
1994-03-08,711.27
1994-03-09,716.11
1994-03-10,698.89
1994-03-11,717.38
1994-03-14,788.42
1994-03-15,772.76
1994-03-16,793.87
1994-03-17,776.04
1994-03-18,765.22
1994-03-21,731.62
1994-03-22,739.31
1994-03-23,725.21
1994-03-24,724.3
1994-03-25,719.05
1994-03-28,702.23
1994-03-29,706.91
1994-03-30,706.34
1994-03-31,704.46
1994-04-01,698.84
1994-04-04,694.38
1994-04-05,682.75
1994-04-06,679.74
1994-04-07,677.31
1994-04-08,678.85
1994-04-11,659.05
1994-04-12,665.61
1994-04-13,656.79
1994-04-14,636.08
1994-04-15,626.79
1994-04-18,604.15
1994-04-19,572.73
1994-04-20,540.24
1994-04-21,582.43
1994-04-22,566.07
1994-04-25,560.8
1994-04-26,579.72
1994-04-27,598.5
1994-04-28,599.63
1994-04-29,592.56
1994-05-03,605.77
1994-05-04,619.58
1994-05-05,590.87
1994-05-06,585.8
1994-05-09,581.7
1994-05-10,595.38
1994-05-11,591.18
1994-05-12,582.16
1994-05-13,590.39
1994-05-16,592.57
1994-05-17,592.02
1994-05-18,583.32
1994-05-19,590.54
1994-05-20,594.22
1994-05-23,587.65
1994-05-24,590.46
1994-05-25,586.76
1994-05-26,577.46
1994-05-27,573.36
1994-05-30,544.26
1994-05-31,556.26
1994-06-01,545.05
1994-06-02,546.58
1994-06-03,548.75
1994-06-06,542.97
1994-06-07,529.76
1994-06-08,533.56
1994-06-09,523.0
1994-06-10,514.54
1994-06-13,492.03
1994-06-14,490.75
1994-06-15,496.11
1994-06-16,506.36
1994-06-17,527.85
1994-06-20,502.43
1994-06-21,498.07
1994-06-22,505.18
1994-06-23,500.39
1994-06-24,492.33
1994-06-27,472.1
1994-06-28,469.95
1994-06-29,468.2
1994-06-30,469.29
1994-07-01,458.37
1994-07-04,438.58
1994-07-05,443.61
1994-07-06,431.71
1994-07-07,425.98
1994-07-08,437.75
1994-07-11,428.15
1994-07-12,429.21
1994-07-13,437.62
1994-07-14,431.8
1994-07-15,413.93
1994-07-18,398.96
1994-07-19,400.48
1994-07-20,393.87
1994-07-21,380.9
1994-07-22,363.73
1994-07-25,375.39
1994-07-26,388.75
1994-07-27,371.1
1994-07-28,339.81
1994-07-29,333.92
1994-08-01,445.64
1994-08-02,432.61
1994-08-03,522.98
1994-08-04,562.77
1994-08-05,683.04
1994-08-08,711.8
1994-08-09,621.58
1994-08-10,739.66
1994-08-11,689.31
1994-08-12,689.66
1994-08-15,665.88
1994-08-16,693.01
1994-08-17,725.04
1994-08-18,748.56
1994-08-19,713.85
1994-08-22,681.8
1994-08-23,714.61
1994-08-24,705.71
1994-08-25,722.23
1994-08-26,707.41
1994-08-29,710.68
1994-08-30,756.2
1994-08-31,785.33
1994-09-01,790.19
1994-09-02,830.18
1994-09-05,940.61
1994-09-06,1004.92
1994-09-07,931.57
1994-09-08,972.84
1994-09-09,962.52
1994-09-12,1019.97
1994-09-13,1033.47
1994-09-14,974.86
1994-09-15,972.54
1994-09-16,978.99
1994-09-19,927.62
1994-09-20,914.39
1994-09-21,969.03
1994-09-22,918.44
1994-09-23,867.65
1994-09-26,880.6
1994-09-27,870.15
1994-09-28,839.37
1994-09-29,839.37
1994-09-30,791.15
1994-10-05,706.42
1994-10-06,660.5
1994-10-07,738.03
1994-10-10,698.93
1994-10-11,705.07
1994-10-12,711.01
1994-10-13,635.38
1994-10-14,663.75
1994-10-17,616.34
1994-10-18,624.52
1994-10-19,652.89
1994-10-20,718.99
1994-10-21,712.71
1994-10-24,785.85
1994-10-25,744.52
1994-10-26,686.31
1994-10-27,703.62
1994-10-28,677.45
1994-10-31,654.98
1994-11-01,673.79
1994-11-02,667.86
1994-11-03,717.36
1994-11-04,666.77
1994-11-07,674.67
1994-11-08,709.69
1994-11-09,723.91
1994-11-10,711.68
1994-11-11,731.16
1994-11-14,733.39
1994-11-15,705.43
1994-11-16,706.63
1994-11-17,697.17
1994-11-18,698.81
1994-11-21,699.1
1994-11-22,692.39
1994-11-23,679.61
1994-11-24,678.02
1994-11-25,685.33
1994-11-28,681.49
1994-11-29,687.56
1994-11-30,683.59
1994-12-01,682.3
1994-12-02,677.91
1994-12-05,663.13
1994-12-06,653.98
1994-12-07,652.85
1994-12-08,643.86
1994-12-09,640.67
1994-12-12,620.47
1994-12-13,636.68
1994-12-14,625.21
1994-12-15,666.68
1994-12-16,680.23
1994-12-19,653.37
1994-12-20,667.94
1994-12-21,672.47
1994-12-22,673.48
1994-12-23,677.84
1994-12-26,675.88
1994-12-27,660.88
1994-12-28,649.59
1994-12-29,645.06
1994-12-30,647.87
1995-01-03,639.88
1995-01-04,653.81
1995-01-05,646.89
1995-01-06,640.76
1995-01-09,625.97
1995-01-10,610.3
1995-01-11,613.13
1995-01-12,602.12
1995-01-13,597.84
1995-01-16,588.81
1995-01-17,587.94
1995-01-18,593.64
1995-01-19,571.72
1995-01-20,571.24
1995-01-23,553.44
1995-01-24,547.57
1995-01-25,555.77
1995-01-26,553.1
1995-01-27,562.59
1995-02-06,533.72
1995-02-07,532.49
1995-02-08,533.75
1995-02-09,553.35
1995-02-10,541.38
1995-02-13,548.84
1995-02-14,548.11
1995-02-15,542.84
1995-02-16,538.37
1995-02-17,533.76
1995-02-20,534.96
1995-02-21,541.14
1995-02-22,594.64
1995-02-23,589.12
1995-02-24,558.43
1995-02-27,561.27
1995-02-28,549.26
1995-03-01,556.95
1995-03-02,560.85
1995-03-03,577.22
1995-03-06,616.3
1995-03-07,632.96
1995-03-08,620.8
1995-03-09,605.59
1995-03-10,586.29
1995-03-13,586.23
1995-03-14,588.24
1995-03-15,572.6
1995-03-16,579.88
1995-03-17,593.52
1995-03-20,585.45
1995-03-21,591.95
1995-03-22,613.7
1995-03-23,611.13
1995-03-24,611.77
1995-03-27,629.36
1995-03-28,626.55
1995-03-29,637.15
1995-03-30,630.93
1995-03-31,646.92
1995-04-03,656.88
1995-04-04,660.16
1995-04-05,649.7
1995-04-06,659.06
1995-04-07,673.72
1995-04-10,667.39
1995-04-11,641.08
1995-04-12,644.74
1995-04-13,632.76
1995-04-14,640.04
1995-04-17,631.26
1995-04-18,625.52
1995-04-19,631.51
1995-04-20,645.2
1995-04-21,635.99
1995-04-24,619.73
1995-04-25,619.84
1995-04-26,601.83
1995-04-27,573.31
1995-04-28,579.93
1995-05-02,579.04
1995-05-03,580.38
1995-05-04,571.2
1995-05-05,574.17
1995-05-08,571.51
1995-05-09,578.5
1995-05-10,565.14
1995-05-11,568.06
1995-05-12,584.84
1995-05-15,582.04
1995-05-16,578.85
1995-05-17,582.89
1995-05-18,763.51
1995-05-19,855.81
1995-05-22,897.42
1995-05-23,750.3
1995-05-24,741.93
1995-05-25,696.85
1995-05-26,727.62
1995-05-29,710.59
1995-05-30,711.0
1995-05-31,700.51
1995-06-01,708.67
1995-06-02,716.82
1995-06-05,691.64
1995-06-06,689.13
1995-06-07,716.45
1995-06-08,695.93
1995-06-09,702.62
1995-06-12,698.72
1995-06-13,698.95
1995-06-14,689.22
1995-06-15,646.85
1995-06-16,646.54
1995-06-19,638.96
1995-06-20,640.66
1995-06-21,651.81
1995-06-22,644.47
1995-06-23,650.14
1995-06-26,653.4
1995-06-27,649.93
1995-06-28,647.64
1995-06-29,643.92
1995-06-30,630.58
1995-07-03,613.18
1995-07-04,620.62
1995-07-05,636.03
1995-07-06,637.77
1995-07-07,666.78
1995-07-10,666.24
1995-07-11,649.19
1995-07-12,648.91
1995-07-13,656.15
1995-07-14,652.8
1995-07-17,695.45
1995-07-18,715.47
1995-07-19,690.98
1995-07-20,690.3
1995-07-21,693.56
1995-07-24,709.92
1995-07-25,703.58
1995-07-26,691.12
1995-07-27,697.72
1995-07-28,695.42
1995-07-31,695.55
1995-08-01,715.4
1995-08-02,699.99
1995-08-03,703.44
1995-08-04,709.88
1995-08-07,718.08
1995-08-08,712.53
1995-08-09,717.46
1995-08-10,735.15
1995-08-11,744.99
1995-08-14,776.13
1995-08-15,751.48
1995-08-16,767.66
1995-08-17,769.45
1995-08-18,757.43
1995-08-21,739.06
1995-08-22,739.86
1995-08-23,729.89
1995-08-24,733.85
1995-08-25,727.58
1995-08-28,725.62
1995-08-29,722.08
1995-08-30,715.73
1995-08-31,723.87
1995-09-01,728.84
1995-09-04,737.89
1995-09-05,739.53
1995-09-06,753.75
1995-09-07,753.84
1995-09-08,751.08
1995-09-11,775.45
1995-09-12,763.69
1995-09-13,763.18
1995-09-14,758.13
1995-09-15,755.93
1995-09-18,757.4
1995-09-19,736.74
1995-09-20,726.14
1995-09-21,731.17
1995-09-22,730.01
1995-09-25,723.35
1995-09-26,728.86
1995-09-27,708.46
1995-09-28,711.19
1995-09-29,722.43
1995-10-04,717.79
1995-10-05,724.88
1995-10-06,719.96
1995-10-09,706.29
1995-10-10,708.63
1995-10-11,710.89
1995-10-12,704.4
1995-10-13,702.98
1995-10-16,701.34
1995-10-17,702.4
1995-10-18,716.83
1995-10-19,702.79
1995-10-20,726.29
1995-10-23,723.09
1995-10-24,723.57
1995-10-25,760.41
1995-10-26,731.47
1995-10-27,722.37
1995-10-30,722.78
1995-10-31,717.32
1995-11-01,723.39
1995-11-02,721.7
1995-11-03,727.78
1995-11-06,736.15
1995-11-07,729.69
1995-11-08,711.61
1995-11-09,711.2
1995-11-10,708.76
1995-11-13,688.7
1995-11-14,688.87
1995-11-15,692.2
1995-11-16,682.44
1995-11-17,676.19
1995-11-20,674.74
1995-11-21,678.42
1995-11-22,663.32
1995-11-23,658.37
1995-11-24,659.37
1995-11-27,645.03
1995-11-28,652.57
1995-11-29,641.59
1995-11-30,641.14
1995-12-01,633.81
1995-12-04,634.92
1995-12-05,637.22
1995-12-06,628.43
1995-12-07,631.84
1995-12-08,636.78
1995-12-11,619.26
1995-12-12,629.45
1995-12-13,613.8
1995-12-14,614.75
1995-12-15,603.89
1995-12-18,592.14
1995-12-19,592.06
1995-12-20,601.04
1995-12-21,597.43
1995-12-22,594.24
1995-12-25,580.03
1995-12-26,572.22
1995-12-27,570.4
1995-12-28,556.82
1995-12-29,555.29
1996-01-02,537.87
1996-01-03,542.42
1996-01-04,558.76
1996-01-05,536.37
1996-01-08,539.17
1996-01-09,558.62
1996-01-10,547.62
1996-01-11,545.64
1996-01-12,547.11
1996-01-15,551.04
1996-01-16,547.76
1996-01-17,537.31
1996-01-18,517.63
1996-01-19,523.51
1996-01-22,516.46
1996-01-23,519.6
1996-01-24,522.63
1996-01-25,521.37
1996-01-26,525.57
1996-01-29,529.14
1996-01-30,532.57
1996-01-31,537.35
1996-02-01,536.68
1996-02-02,536.04
1996-02-05,522.85
1996-02-06,520.69
1996-02-07,524.3
1996-02-08,521.86
1996-02-09,525.41
1996-02-12,523.85
1996-02-13,529.58
1996-02-14,529.25
1996-02-15,536.98
1996-02-16,552.94
1996-03-04,601.98
1996-03-05,587.06
1996-03-06,559.7
1996-03-07,569.33
1996-03-08,573.13
1996-03-11,568.12
1996-03-12,563.88
1996-03-13,563.2
1996-03-14,562.3
1996-03-15,562.39
1996-03-18,567.87
1996-03-19,566.55
1996-03-20,569.67
1996-03-21,569.76
1996-03-22,570.18
1996-03-25,570.24
1996-03-26,563.52
1996-03-27,562.35
1996-03-28,554.04
1996-03-29,556.39
1996-04-01,566.19
1996-04-02,557.21
1996-04-03,560.98
1996-04-04,563.19
1996-04-05,582.53
1996-04-08,581.38
1996-04-09,578.07
1996-04-10,579.82
1996-04-11,583.38
1996-04-12,586.96
1996-04-15,584.67
1996-04-16,590.85
1996-04-17,593.38
1996-04-18,600.28
1996-04-19,618.12
1996-04-22,613.97
1996-04-23,623.77
1996-04-24,664.65
1996-04-25,652.67
1996-04-26,707.61
1996-04-29,738.62
1996-04-30,681.16
1996-05-02,654.43
1996-05-03,650.04
1996-05-06,671.28
1996-05-07,661.16
1996-05-08,661.27
1996-05-09,656.9
1996-05-10,661.47
1996-05-13,666.1
1996-05-14,665.41
1996-05-15,682.05
1996-05-16,683.07
1996-05-17,711.93
1996-05-20,703.084
1996-05-21,661.852
1996-05-22,668.621
1996-05-23,642.673
1996-05-24,639.802
1996-05-27,637.959
1996-05-28,646.912
1996-05-29,650.555
1996-05-30,636.364
1996-05-31,643.65
1996-06-03,641.092
1996-06-04,651.511
1996-06-05,696.97
1996-06-06,702.637
1996-06-07,727.341
1996-06-10,764.386
1996-06-11,752.26
1996-06-12,755.772
1996-06-13,768.681
1996-06-14,777.275
1996-06-17,751.996
1996-06-18,793.564
1996-06-19,796.911
1996-06-20,793.585
1996-06-21,796.108
1996-06-24,793.339
1996-06-25,780.65
1996-06-26,801.463
1996-06-27,806.461
1996-06-28,804.251
1996-07-01,761.115
1996-07-02,759.713
1996-07-03,786.134
1996-07-04,785.429
1996-07-05,785.379
1996-07-08,807.339
1996-07-09,817.612
1996-07-10,820.046
1996-07-11,792.068
1996-07-12,796.41
1996-07-15,789.158
1996-07-16,823.08
1996-07-17,808.99
1996-07-18,818.044
1996-07-19,856.928
1996-07-22,884.939
1996-07-23,871.487
1996-07-24,887.596
1996-07-25,868.159
1996-07-26,845.123
1996-07-29,855.421
1996-07-30,836.932
1996-07-31,822.477
1996-08-01,835.105
1996-08-02,838.875
1996-08-05,853.193
1996-08-06,862.223
1996-08-07,867.267
1996-08-08,875.999
1996-08-09,871.604
1996-08-12,886.046
1996-08-13,874.805
1996-08-14,871.645
1996-08-15,865.827
1996-08-16,853.87
1996-08-19,835.209
1996-08-20,822.442
1996-08-21,833.606
1996-08-22,818.196
1996-08-23,803.693
1996-08-26,773.068
1996-08-27,787.467
1996-08-28,796.839
1996-08-29,788.734
1996-08-30,809.938
1996-09-02,804.778
1996-09-03,800.223
1996-09-04,812.015
1996-09-05,814.383
1996-09-06,801.234
1996-09-09,793.586
1996-09-10,764.449
1996-09-11,769.245
1996-09-12,757.087
1996-09-13,779.069
1996-09-16,778.293
1996-09-17,776.479
1996-09-18,760.756
1996-09-19,769.099
1996-09-20,805.538
1996-09-23,851.986
1996-09-24,849.924
1996-09-25,835.181
1996-09-26,854.664
1996-09-27,875.525
1996-10-03,865.486
1996-10-04,863.459
1996-10-07,864.663
1996-10-08,877.607
1996-10-09,874.011
1996-10-10,904.095
1996-10-11,909.894
1996-10-14,940.786
1996-10-15,937.293
1996-10-16,933.883
1996-10-17,952.322
1996-10-18,939.932
1996-10-21,964.392
1996-10-22,976.471
1996-10-23,1010.834
1996-10-24,1007.914
1996-10-25,1012.672
1996-10-28,1022.864
1996-10-29,1017.518
1996-10-30,958.939
1996-10-31,976.71
1996-11-01,930.789
1996-11-04,945.117
1996-11-05,928.029
1996-11-06,915.051
1996-11-07,928.141
1996-11-08,919.674
1996-11-11,933.969
1996-11-12,943.003
1996-11-13,940.522
1996-11-14,953.19
1996-11-15,950.827
1996-11-18,1004.689
1996-11-19,1015.958
1996-11-20,1014.925
1996-11-21,940.773
1996-11-22,951.832
1996-11-25,976.55
1996-11-26,967.589
1996-11-27,980.381
1996-11-28,992.639
1996-11-29,1032.947
1996-12-02,1134.523
1996-12-03,1122.989
1996-12-04,1169.92
1996-12-05,1212.081
1996-12-06,1212.889
1996-12-09,1247.658
1996-12-10,1230.254
1996-12-11,1244.9
1996-12-12,1177.136
1996-12-13,1110.038
1996-12-16,1000.022
1996-12-17,905.579
1996-12-18,972.73
1996-12-19,902.423
1996-12-20,885.238
1996-12-23,902.014
1996-12-24,865.577
1996-12-25,895.177
1996-12-26,924.235
1996-12-27,922.348
1996-12-30,934.213
1996-12-31,917.018
1997-01-02,919.435
1997-01-03,899.613
1997-01-06,876.495
1997-01-07,898.171
1997-01-08,896.408
1997-01-09,906.975
1997-01-10,918.401
1997-01-13,929.521
1997-01-14,907.85
1997-01-15,916.718
1997-01-16,915.006
1997-01-17,919.851
1997-01-20,933.28
1997-01-21,929.113
1997-01-22,942.436
1997-01-23,945.8
1997-01-24,953.918
1997-01-27,959.057
1997-01-28,956.311
1997-01-29,962.102
1997-01-30,960.171
1997-01-31,964.742
1997-02-17,982.404
1997-02-18,894.847
1997-02-19,962.691
1997-02-20,965.082
1997-02-21,1017.131
1997-02-24,1009.564
1997-02-25,1017.958
1997-02-26,1031.514
1997-02-27,1025.3
1997-02-28,1040.273
1997-03-03,1063.045
1997-03-04,1068.163
1997-03-05,1052.147
1997-03-06,1079.134
1997-03-07,1077.72
1997-03-10,1099.679
1997-03-11,1109.733
1997-03-12,1126.162
1997-03-13,1117.281
1997-03-14,1125.8
1997-03-17,1158.476
1997-03-18,1162.634
1997-03-19,1161.265
1997-03-20,1120.719
1997-03-21,1167.168
1997-03-24,1191.732
1997-03-25,1197.844
1997-03-26,1215.308
1997-03-27,1214.257
1997-03-28,1202.668
1997-03-31,1234.617
1997-04-01,1241.028
1997-04-02,1233.847
1997-04-03,1246.03
1997-04-04,1260.963
1997-04-07,1276.409
1997-04-08,1247.264
1997-04-09,1286.849
1997-04-10,1281.891
1997-04-11,1278.525
1997-04-14,1316.92
1997-04-15,1324.956
1997-04-16,1327.784
1997-04-17,1323.369
1997-04-18,1338.033
1997-04-21,1362.075
1997-04-22,1365.497
1997-04-23,1378.842
1997-04-24,1380.281
1997-04-25,1364.975
1997-04-28,1351.997
1997-04-29,1376.77
1997-04-30,1393.749
1997-05-05,1448.926
1997-05-06,1482.993
1997-05-07,1495.457
1997-05-08,1405.184
1997-05-09,1467.227
1997-05-12,1500.398
1997-05-13,1464.282
1997-05-14,1379.22
1997-05-15,1417.674
1997-05-16,1315.921
1997-05-19,1344.611
1997-05-20,1381.115
1997-05-21,1354.882
1997-05-22,1235.223
1997-05-23,1254.266
1997-05-26,1251.551
1997-05-27,1281.744
1997-05-28,1270.351
1997-05-29,1263.349
1997-05-30,1285.182
1997-06-02,1336.283
1997-06-03,1338.756
1997-06-04,1361.186
1997-06-05,1360.232
1997-06-06,1275.304
1997-06-09,1274.92
1997-06-10,1241.742
1997-06-11,1220.395
1997-06-12,1212.766
1997-06-13,1243.979
1997-06-16,1261.466
1997-06-17,1245.934
1997-06-18,1232.68
1997-06-19,1230.74
1997-06-20,1291.199
1997-06-23,1283.495
1997-06-24,1303.928
1997-06-25,1297.592
1997-06-26,1284.459
1997-06-27,1250.272
1997-07-02,1199.061
1997-07-03,1150.623
1997-07-04,1159.342
1997-07-07,1096.819
1997-07-08,1109.666
1997-07-09,1120.841
1997-07-10,1120.154
1997-07-11,1154.794
1997-07-14,1185.72
1997-07-15,1200.114
1997-07-16,1190.826
1997-07-17,1197.226
1997-07-18,1209.857
1997-07-21,1193.525
1997-07-22,1208.248
1997-07-23,1198.861
1997-07-24,1174.217
1997-07-25,1170.862
1997-07-28,1141.777
1997-07-29,1153.229
1997-07-30,1179.421
1997-07-31,1189.76
1997-08-01,1192.828
1997-08-04,1200.333
1997-08-05,1196.274
1997-08-06,1171.941
1997-08-07,1199.24
1997-08-08,1206.053
1997-08-11,1184.083
1997-08-12,1146.809
1997-08-13,1120.127
1997-08-14,1168.113
1997-08-15,1143.064
1997-08-18,1134.634
1997-08-19,1132.905
1997-08-20,1144.639
1997-08-21,1164.545
1997-08-22,1171.833
1997-08-25,1184.096
1997-08-26,1194.043
1997-08-27,1198.513
1997-08-28,1213.892
1997-08-29,1221.064
1997-09-01,1229.865
1997-09-02,1226.303
1997-09-03,1240.82
1997-09-04,1251.298
1997-09-05,1251.55
1997-09-08,1255.229
1997-09-09,1231.027
1997-09-10,1256.041
1997-09-11,1242.713
1997-09-12,1208.697
1997-09-15,1179.286
1997-09-16,1187.22
1997-09-17,1167.557
1997-09-18,1172.366
1997-09-19,1184.521
1997-09-22,1103.974
1997-09-23,1041.965
1997-09-24,1110.012
1997-09-25,1117.01
1997-09-26,1109.634
1997-09-29,1084.072
1997-09-30,1097.383
1997-10-06,1098.903
1997-10-07,1102.573
1997-10-08,1134.868
1997-10-09,1122.466
1997-10-10,1130.785
1997-10-13,1119.817
1997-10-14,1117.928
1997-10-15,1125.782
1997-10-16,1150.307
1997-10-17,1176.489
1997-10-20,1187.368
1997-10-21,1191.87
1997-10-22,1177.52
1997-10-23,1173.364
1997-10-24,1178.306
1997-10-27,1235.827
1997-10-28,1177.924
1997-10-29,1184.086
1997-10-30,1174.846
1997-10-31,1180.393
1997-11-03,1180.854
1997-11-04,1184.7
1997-11-05,1194.038
1997-11-06,1181.123
1997-11-07,1195.141
1997-11-10,1185.784
1997-11-11,1186.634
1997-11-12,1174.189
1997-11-13,1185.024
1997-11-14,1197.832
1997-11-17,1191.333
1997-11-18,1183.349
1997-11-19,1181.627
1997-11-20,1172.427
1997-11-21,1158.555
1997-11-24,1124.941
1997-11-25,1125.528
1997-11-26,1143.818
1997-11-27,1122.516
1997-11-28,1139.628
1997-12-01,1133.087
1997-12-02,1130.167
1997-12-03,1122.546
1997-12-04,1135.873
1997-12-05,1136.204
1997-12-08,1139.364
1997-12-09,1148.171
1997-12-10,1157.842
1997-12-11,1159.169
1997-12-12,1153.84
1997-12-15,1168.026
1997-12-16,1174.802
1997-12-17,1146.522
1997-12-18,1154.166
1997-12-19,1160.768
1997-12-22,1169.007
1997-12-23,1171.254
1997-12-24,1169.664
1997-12-25,1181.278
1997-12-26,1191.919
1997-12-29,1186.606
1997-12-30,1181.143
1997-12-31,1194.102
1998-01-05,1220.473
1998-01-06,1233.62
1998-01-07,1244.07
1998-01-08,1237.164
1998-01-09,1239.901
1998-01-12,1226.966
1998-01-13,1167.647
1998-01-14,1202.215
1998-01-15,1215.431
1998-01-16,1213.962
1998-01-19,1213.129
1998-01-20,1203.715
1998-01-21,1200.203
1998-01-22,1204.43
1998-01-23,1222.913
1998-02-09,1248.04
1998-02-10,1236.513
1998-02-11,1250.238
1998-02-12,1246.295
1998-02-13,1245.911
1998-02-16,1236.236
1998-02-17,1238.5
1998-02-18,1229.831
1998-02-19,1232.584
1998-02-20,1226.02
1998-02-23,1208.603
1998-02-24,1208.218
1998-02-25,1194.673
1998-02-26,1206.674
1998-02-27,1206.53
1998-03-02,1188.306
1998-03-03,1201.789
1998-03-04,1213.253
1998-03-05,1207.541
1998-03-06,1206.452
1998-03-09,1200.834
1998-03-10,1199.832
1998-03-11,1190.037
1998-03-12,1178.97
1998-03-13,1184.961
1998-03-16,1188.482
1998-03-17,1202.835
1998-03-18,1193.909
1998-03-19,1188.715
1998-03-20,1187.501
1998-03-23,1179.869
1998-03-24,1194.017
1998-03-25,1191.553
1998-03-26,1188.865
1998-03-27,1223.565
1998-03-30,1249.435
1998-03-31,1243.016
1998-04-01,1254.965
1998-04-02,1269.015
1998-04-03,1286.084
1998-04-06,1306.378
1998-04-07,1303.14
1998-04-08,1322.793
1998-04-09,1297.225
1998-04-10,1311.514
1998-04-13,1318.748
1998-04-14,1313.721
1998-04-15,1324.707
1998-04-16,1316.246
1998-04-17,1298.107
1998-04-20,1296.005
1998-04-21,1305.223
1998-04-22,1332.182
1998-04-23,1324.559
1998-04-24,1315.167
1998-04-27,1310.378
1998-04-28,1332.99
1998-04-29,1332.499
1998-04-30,1343.448
1998-05-04,1352.926
1998-05-05,1352.52
1998-05-06,1348.412
1998-05-07,1327.873
1998-05-08,1357.595
1998-05-11,1354.606
1998-05-12,1349.649
1998-05-13,1369.262
1998-05-14,1367.127
1998-05-15,1368.087
1998-05-18,1368.183
1998-05-19,1362.292
1998-05-20,1357.431
1998-05-21,1366.656
1998-05-22,1375.817
1998-05-25,1389.366
1998-05-26,1390.416
1998-05-27,1399.542
1998-05-28,1397.895
1998-05-29,1411.206
1998-06-01,1415.575
1998-06-02,1413.08
1998-06-03,1420.0
1998-06-04,1406.303
1998-06-05,1408.614
1998-06-08,1403.73
1998-06-09,1369.65
1998-06-10,1368.297
1998-06-11,1347.677
1998-06-12,1383.388
1998-06-15,1365.341
1998-06-16,1348.588
1998-06-17,1348.942
1998-06-18,1370.685
1998-06-19,1392.878
1998-06-22,1399.356
1998-06-23,1397.956
1998-06-24,1401.742
1998-06-25,1382.036
1998-06-26,1385.618
1998-06-29,1361.432
1998-06-30,1339.202
1998-07-01,1316.441
1998-07-02,1331.65
1998-07-03,1335.125
1998-07-06,1315.283
1998-07-07,1324.4
1998-07-08,1338.984
1998-07-09,1343.232
1998-07-10,1360.619
1998-07-13,1358.813
1998-07-14,1336.558
1998-07-15,1335.466
1998-07-16,1325.633
1998-07-17,1314.715
1998-07-20,1287.073
1998-07-21,1313.01
1998-07-22,1299.148
1998-07-23,1316.271
1998-07-24,1326.821
1998-07-27,1321.899
1998-07-28,1317.946
1998-07-29,1311.94
1998-07-30,1315.302
1998-07-31,1316.919
1998-08-03,1302.102
1998-08-04,1293.457
1998-08-05,1307.44
1998-08-06,1294.162
1998-08-07,1271.069
1998-08-10,1234.581
1998-08-11,1207.672
1998-08-12,1190.554
1998-08-13,1204.18
1998-08-14,1168.026
1998-08-17,1070.41
1998-08-18,1071.3
1998-08-19,1126.081
1998-08-20,1149.907
1998-08-21,1177.623
1998-08-24,1178.554
1998-08-25,1179.066
1998-08-26,1160.288
1998-08-27,1145.216
1998-08-28,1129.722
1998-08-31,1150.223
1998-09-01,1143.125
1998-09-02,1136.89
1998-09-03,1147.197
1998-09-04,1163.527
1998-09-07,1178.375
1998-09-08,1167.597
1998-09-09,1190.683
1998-09-10,1213.674
1998-09-11,1218.005
1998-09-14,1239.605
1998-09-15,1230.126
1998-09-16,1252.138
1998-09-17,1233.703
1998-09-18,1207.001
1998-09-21,1222.379
1998-09-22,1222.634
1998-09-23,1229.862
1998-09-24,1199.061
1998-09-25,1221.578
1998-09-28,1230.211
1998-09-29,1231.747
1998-09-30,1242.896
1998-10-05,1234.779
1998-10-06,1217.457
1998-10-07,1213.785
1998-10-08,1228.71
1998-10-09,1236.932
1998-10-12,1247.146
1998-10-13,1244.068
1998-10-14,1240.595
1998-10-15,1254.814
1998-10-16,1251.525
1998-10-19,1246.236
1998-10-20,1243.645
1998-10-21,1207.825
1998-10-22,1216.094
1998-10-23,1217.429
1998-10-26,1208.266
1998-10-27,1216.788
1998-10-28,1225.929
1998-10-29,1216.76
1998-10-30,1217.316
1998-11-02,1223.478
1998-11-03,1236.872
1998-11-04,1235.804
1998-11-05,1253.275
1998-11-06,1259.765
1998-11-09,1283.121
1998-11-10,1286.559
1998-11-11,1286.199
1998-11-12,1282.988
1998-11-13,1282.508
1998-11-16,1293.743
1998-11-17,1290.595
1998-11-18,1285.503
1998-11-19,1275.607
1998-11-20,1275.374
1998-11-23,1273.785
1998-11-24,1278.916
1998-11-25,1263.85
1998-11-26,1252.818
1998-11-27,1245.081
1998-11-30,1247.417
1998-12-01,1234.358
1998-12-02,1236.969
1998-12-03,1232.506
1998-12-04,1219.196
1998-12-07,1209.541
1998-12-08,1223.258
1998-12-09,1224.087
1998-12-10,1204.635
1998-12-11,1214.21
1998-12-14,1196.296
1998-12-15,1194.844
1998-12-16,1183.062
1998-12-17,1160.09
1998-12-18,1155.92
1998-12-21,1154.428
1998-12-22,1185.966
1998-12-23,1172.512
1998-12-24,1168.981
1998-12-25,1173.913
1998-12-28,1159.937
1998-12-29,1142.729
1998-12-30,1148.264
1998-12-31,1146.7
1999-01-04,1125.819
1999-01-05,1119.965
1999-01-06,1132.59
1999-01-07,1137.729
1999-01-08,1168.814
1999-01-11,1172.813
1999-01-12,1158.868
1999-01-13,1148.154
1999-01-14,1148.655
1999-01-15,1137.309
1999-01-18,1153.119
1999-01-19,1158.551
1999-01-20,1151.374
1999-01-21,1158.499
1999-01-22,1162.35
1999-01-25,1148.123
1999-01-26,1138.21
1999-01-27,1146.493
1999-01-28,1140.975
1999-01-29,1134.673
1999-02-01,1120.531
1999-02-02,1126.404
1999-02-03,1116.865
1999-02-04,1103.497
1999-02-05,1081.442
1999-02-08,1065.816
1999-02-09,1090.087
1999-03-01,1097.975
1999-03-02,1100.919
1999-03-03,1128.736
1999-03-04,1128.954
1999-03-05,1132.357
1999-03-08,1142.107
1999-03-09,1136.941
1999-03-10,1132.736
1999-03-11,1149.925
1999-03-12,1158.702
1999-03-15,1164.639
1999-03-16,1166.93
1999-03-17,1159.096
1999-03-18,1151.991
1999-03-19,1172.933
1999-03-22,1172.743
1999-03-23,1170.949
1999-03-24,1169.034
1999-03-25,1156.854
1999-03-26,1161.12
1999-03-29,1169.489
1999-03-30,1157.507
1999-03-31,1158.054
1999-04-01,1168.504
1999-04-02,1184.402
1999-04-05,1194.469
1999-04-06,1199.6
1999-04-07,1201.634
1999-04-08,1202.469
1999-04-09,1205.139
1999-04-12,1195.337
1999-04-13,1178.192
1999-04-14,1181.517
1999-04-15,1170.616
1999-04-16,1166.237
1999-04-19,1159.473
1999-04-20,1171.603
1999-04-21,1144.065
1999-04-22,1137.162
1999-04-23,1139.997
1999-04-26,1112.791
1999-04-27,1091.695
1999-04-28,1091.089
1999-04-29,1116.405
1999-04-30,1120.927
1999-05-04,1111.757
1999-05-05,1116.932
1999-05-06,1128.224
1999-05-07,1120.738
1999-05-10,1071.927
1999-05-11,1095.402
1999-05-12,1099.996
1999-05-13,1088.863
1999-05-14,1063.277
1999-05-17,1065.557
1999-05-18,1059.874
1999-05-19,1109.089
1999-05-20,1147.707
1999-05-21,1168.72
1999-05-24,1213.654
1999-05-25,1202.885
1999-05-26,1236.046
1999-05-27,1283.02
1999-05-28,1277.15
1999-05-31,1279.326
1999-06-01,1311.594
1999-06-02,1287.931
1999-06-03,1268.324
1999-06-04,1285.579
1999-06-07,1326.518
1999-06-08,1333.644
1999-06-09,1348.606
1999-06-10,1364.345
1999-06-11,1370.39
1999-06-14,1427.707
1999-06-15,1387.592
1999-06-16,1460.168
1999-06-17,1501.007
1999-06-18,1498.915
1999-06-21,1546.408
1999-06-22,1564.444
1999-06-23,1606.5
1999-06-24,1654.11
1999-06-25,1593.859
1999-06-28,1693.16
1999-06-29,1739.205
1999-06-30,1689.428
1999-07-01,1560.787
1999-07-02,1613.533
1999-07-05,1581.819
1999-07-06,1517.253
1999-07-07,1568.652
1999-07-08,1577.987
1999-07-09,1584.75
1999-07-12,1559.732
1999-07-13,1524.821
1999-07-14,1559.52
1999-07-15,1549.336
1999-07-16,1519.741
1999-07-19,1479.076
1999-07-20,1574.603
1999-07-21,1609.811
1999-07-22,1550.73
1999-07-23,1585.98
1999-07-26,1602.031
1999-07-27,1590.713
1999-07-28,1597.199
1999-07-29,1595.86
1999-07-30,1601.459
1999-08-02,1616.276
1999-08-03,1626.841
1999-08-04,1649.128
1999-08-05,1653.537
1999-08-06,1646.593
1999-08-09,1628.836
1999-08-10,1602.147
1999-08-11,1583.401
1999-08-12,1575.642
1999-08-13,1571.901
1999-08-16,1560.068
1999-08-17,1576.405
1999-08-18,1581.929
1999-08-19,1637.743
1999-08-20,1628.934
1999-08-23,1644.999
1999-08-24,1648.469
1999-08-25,1625.765
1999-08-26,1638.233
1999-08-27,1633.9
1999-08-30,1619.039
1999-08-31,1627.116
1999-09-01,1599.552
1999-09-02,1611.958
1999-09-03,1587.887
1999-09-06,1560.678
1999-09-07,1562.794
1999-09-08,1571.598
1999-09-09,1675.122
1999-09-10,1659.929
1999-09-13,1670.143
1999-09-14,1672.892
1999-09-15,1662.803
1999-09-16,1645.511
1999-09-17,1648.558
1999-09-20,1633.835
1999-09-21,1625.588
1999-09-22,1617.057
1999-09-23,1604.203
1999-09-24,1619.326
1999-09-27,1602.158
1999-09-28,1591.432
1999-09-29,1584.954
1999-09-30,1570.702
1999-10-08,1534.515
1999-10-11,1522.48
1999-10-12,1537.796
1999-10-13,1507.422
1999-10-14,1508.726
1999-10-15,1543.798
1999-10-18,1501.665
1999-10-19,1470.9
1999-10-20,1485.827
1999-10-21,1458.53
1999-10-22,1497.462
1999-10-25,1468.266
1999-10-26,1482.667
1999-10-27,1536.821
1999-10-28,1514.525
1999-10-29,1504.563
1999-11-01,1493.096
1999-11-02,1487.469
1999-11-03,1475.684
1999-11-04,1464.828
1999-11-05,1465.232
1999-11-08,1471.375
1999-11-09,1464.03
1999-11-10,1450.152
1999-11-11,1443.905
1999-11-12,1450.327
1999-11-15,1451.536
1999-11-16,1431.319
1999-11-17,1462.79
1999-11-18,1482.452
1999-11-19,1468.472
1999-11-22,1464.588
1999-11-23,1466.434
1999-11-24,1454.578
1999-11-25,1444.241
1999-11-26,1444.513
1999-11-29,1435.468
1999-11-30,1434.973
1999-12-01,1447.116
1999-12-02,1435.837
1999-12-03,1437.233
1999-12-06,1426.995
1999-12-07,1428.261
1999-12-08,1424.848
1999-12-09,1416.726
1999-12-10,1428.939
1999-12-13,1417.107
1999-12-14,1422.263
1999-12-15,1451.057
1999-12-16,1434.867
1999-12-17,1419.551
1999-12-21,1395.497
1999-12-22,1387.51
1999-12-23,1369.461
1999-12-24,1355.367
1999-12-27,1345.352
1999-12-28,1348.821
1999-12-29,1356.926
1999-12-30,1366.58
2000-01-04,1406.371
2000-01-05,1409.682
2000-01-06,1463.942
2000-01-07,1516.604
2000-01-10,1545.112
2000-01-11,1479.781
2000-01-12,1438.02
2000-01-13,1424.442
2000-01-14,1408.848
2000-01-17,1433.33
2000-01-18,1426.623
2000-01-19,1440.724
2000-01-20,1466.863
2000-01-21,1465.085
2000-01-24,1477.344
2000-01-25,1476.506
2000-01-26,1481.117
2000-01-27,1506.767
2000-01-28,1534.997
2000-02-14,1673.943
2000-02-15,1670.67
2000-02-16,1693.109
2000-02-17,1640.649
2000-02-18,1668.091
2000-02-21,1677.136
2000-02-22,1632.294
2000-02-23,1594.93
2000-02-24,1634.309
2000-02-25,1631.576
2000-02-28,1704.855
2000-02-29,1714.578
2000-03-01,1697.744
2000-03-02,1713.014
2000-03-03,1738.021
2000-03-06,1681.085
2000-03-07,1694.798
2000-03-08,1726.033
2000-03-09,1732.346
2000-03-10,1705.049
2000-03-13,1728.875
2000-03-14,1685.347
2000-03-15,1681.471
2000-03-16,1607.527
2000-03-17,1658.601
2000-03-20,1699.248
2000-03-21,1710.324
2000-03-22,1720.446
2000-03-23,1747.241
2000-03-24,1730.499
2000-03-27,1775.914
2000-03-28,1791.441
2000-03-29,1788.807
2000-03-30,1810.984
2000-03-31,1800.225
2000-04-03,1801.003
2000-04-04,1760.692
2000-04-05,1771.199
2000-04-06,1809.141
2000-04-07,1819.896
2000-04-10,1826.061
2000-04-11,1821.174
2000-04-12,1807.328
2000-04-13,1831.548
2000-04-14,1833.665
2000-04-17,1795.058
2000-04-18,1813.495
2000-04-19,1828.71
2000-04-20,1847.027
2000-04-21,1841.064
2000-04-24,1837.398
2000-04-25,1833.469
2000-04-26,1832.779
2000-04-27,1806.83
2000-04-28,1836.321
2000-05-08,1836.637
2000-05-09,1806.638
2000-05-10,1752.689
2000-05-11,1724.048
2000-05-12,1720.608
2000-05-15,1704.587
2000-05-16,1724.538
2000-05-17,1725.398
2000-05-18,1758.537
2000-05-19,1777.828
2000-05-22,1824.736
2000-05-23,1832.075
2000-05-24,1855.493
2000-05-25,1880.704
2000-05-26,1879.617
2000-05-29,1898.748
2000-05-30,1877.471
2000-05-31,1894.554
2000-06-01,1903.488
2000-06-02,1916.25
2000-06-05,1899.092
2000-06-06,1925.544
2000-06-07,1935.031
2000-06-08,1925.206
2000-06-09,1900.787
2000-06-12,1912.557
2000-06-13,1938.674
2000-06-14,1932.29
2000-06-15,1942.285
2000-06-16,1926.944
2000-06-19,1915.205
2000-06-20,1895.348
2000-06-21,1913.131
2000-06-22,1913.901
2000-06-23,1939.627
2000-06-26,1948.639
2000-06-27,1942.898
2000-06-28,1947.481
2000-06-29,1937.261
2000-06-30,1928.106
2000-07-03,1895.637
2000-07-04,1907.931
2000-07-05,1909.187
2000-07-06,1902.552
2000-07-07,1932.792
2000-07-10,1948.021
2000-07-11,1960.541
2000-07-12,1973.374
2000-07-13,1979.201
2000-07-14,1987.192
2000-07-17,1982.479
2000-07-18,1993.986
2000-07-19,1998.426
2000-07-20,1991.56
2000-07-21,1996.336
2000-07-24,1989.239
2000-07-25,1996.577
2000-07-26,2012.319
2000-07-27,2012.35
2000-07-28,2012.793
2000-07-31,2023.539
2000-08-01,2028.151
2000-08-02,2030.683
2000-08-03,2036.301
2000-08-04,2026.361
2000-08-07,2039.419
2000-08-08,2049.916
2000-08-09,2061.18
2000-08-10,2065.943
2000-08-11,2062.666
2000-08-14,2076.3
2000-08-15,2076.823
2000-08-16,2083.467
2000-08-17,2091.586
2000-08-18,2090.183
2000-08-21,2108.69
2000-08-22,2074.703
2000-08-23,2057.919
2000-08-24,2071.161
2000-08-25,2086.703
2000-08-28,2100.585
2000-08-29,2105.476
2000-08-30,2076.143
2000-08-31,2021.199
2000-09-01,1999.859
2000-09-04,2010.602
2000-09-05,1963.792
2000-09-06,1925.907
2000-09-07,1950.663
2000-09-08,1959.312
2000-09-11,1972.043
2000-09-12,1979.095
2000-09-13,1988.936
2000-09-14,1979.505
2000-09-15,1978.434
2000-09-18,1946.753
2000-09-19,1903.154
2000-09-20,1922.289
2000-09-21,1907.306
2000-09-22,1891.984
2000-09-25,1875.911
2000-09-26,1887.829
2000-09-27,1914.086
2000-09-28,1889.289
2000-09-29,1910.161
2000-10-09,1915.35
2000-10-10,1942.149
2000-10-11,1933.726
2000-10-12,1926.324
2000-10-13,1918.157
2000-10-16,1902.809
2000-10-17,1909.49
2000-10-18,1922.845
2000-10-19,1913.42
2000-10-20,1947.455
2000-10-23,1958.938
2000-10-24,1956.344
2000-10-25,1977.254
2000-10-26,1967.673
2000-10-27,1967.405
2000-10-30,1973.578
2000-10-31,1961.287
2000-11-01,1977.363
2000-11-02,1984.26
2000-11-03,1981.631
2000-11-06,1991.173
2000-11-07,1997.077
2000-11-08,2012.908
2000-11-09,2032.482
2000-11-10,2047.458
2000-11-13,2070.788
2000-11-14,2085.118
2000-11-15,2081.905
2000-11-16,2095.984
2000-11-17,2093.235
2000-11-20,2101.389
2000-11-21,2097.982
2000-11-22,2113.303
2000-11-23,2119.439
2000-11-24,2053.37
2000-11-27,2049.671
2000-11-28,2079.396
2000-11-29,2067.495
2000-11-30,2070.613
2000-12-01,2081.843
2000-12-04,2092.139
2000-12-05,2091.67
2000-12-06,2075.627
2000-12-07,2075.044
2000-12-08,2073.163
2000-12-11,2046.076
2000-12-12,2059.053
2000-12-13,2056.12
2000-12-14,2051.079
2000-12-15,2039.364
2000-12-18,2044.545
2000-12-19,2049.032
2000-12-20,2071.268
2000-12-21,2076.886
2000-12-22,2069.768
2000-12-25,2068.174
2000-12-26,2076.266
2000-12-27,2058.244
2000-12-28,2053.704
2000-12-29,2073.477
2001-01-02,2103.469
2001-01-03,2123.899
2001-01-04,2117.405
2001-01-05,2125.3
2001-01-08,2102.064
2001-01-09,2101.135
2001-01-10,2125.615
2001-01-11,2119.141
2001-01-12,2104.747
2001-01-15,2032.443
2001-01-16,2045.887
2001-01-17,2034.584
2001-01-18,2043.11
2001-01-19,2065.606
2001-02-05,2008.032
2001-02-06,1995.315
2001-02-07,1979.939
2001-02-08,1930.138
2001-02-09,1956.97
2001-02-12,1961.221
2001-02-13,1963.528
2001-02-14,1963.2
2001-02-15,1946.479
2001-02-16,1941.964
2001-02-19,1967.55
2001-02-20,1953.218
2001-02-21,1909.326
2001-02-22,1907.26
2001-02-23,1936.346
2001-02-26,1953.341
2001-02-27,1962.042
2001-02-28,1959.18
2001-03-01,1965.121
2001-03-02,1985.111
2001-03-05,1984.2
2001-03-06,1990.06
2001-03-07,1991.177
2001-03-08,2000.9
2001-03-09,2011.66
2001-03-12,2012.552
2001-03-13,1998.699
2001-03-14,2018.616
2001-03-15,2022.601
2001-03-16,2020.236
2001-03-19,2036.617
2001-03-20,2045.793
2001-03-21,2066.39
2001-03-22,2087.532
2001-03-23,2053.539
2001-03-26,2089.881
2001-03-27,2107.258
2001-03-28,2106.874
2001-03-29,2101.658
2001-03-30,2112.775
2001-04-02,2125.084
2001-04-03,2123.052
2001-04-04,2090.719
2001-04-05,2112.6
2001-04-06,2108.606
2001-04-09,2117.367
2001-04-10,2128.479
2001-04-11,2131.397
2001-04-12,2134.798
2001-04-13,2145.4
2001-04-16,2168.059
2001-04-17,2176.679
2001-04-18,2172.564
2001-04-19,2172.87
2001-04-20,2152.335
2001-04-23,2150.426
2001-04-24,2166.174
2001-04-25,2119.18
2001-04-26,2105.056
2001-04-27,2115.109
2001-04-30,2119.184
2001-05-08,2137.994
2001-05-09,2132.89
2001-05-10,2147.283
2001-05-11,2155.405
2001-05-14,2178.466
2001-05-15,2191.064
2001-05-16,2199.505
2001-05-17,2194.647
2001-05-18,2203.372
2001-05-21,2213.595
2001-05-22,2210.337
2001-05-23,2197.595
2001-05-24,2198.297
2001-05-25,2193.576
2001-05-28,2179.699
2001-05-29,2180.276
2001-05-30,2211.201
2001-05-31,2214.257
2001-06-01,2219.591
2001-06-04,2226.779
2001-06-05,2234.987
2001-06-06,2238.501
2001-06-07,2229.812
2001-06-08,2223.068
2001-06-11,2214.623
2001-06-12,2222.959
2001-06-13,2242.423
2001-06-14,2202.398
2001-06-15,2210.97
2001-06-18,2167.647
2001-06-19,2170.454
2001-06-20,2163.123
2001-06-21,2189.145
2001-06-22,2206.067
2001-06-25,2230.197
2001-06-26,2233.591
2001-06-27,2229.828
2001-06-28,2219.25
2001-06-29,2218.029
2001-07-02,2205.985
2001-07-03,2211.83
2001-07-04,2202.058
2001-07-05,2181.663
2001-07-06,2170.521
2001-07-09,2169.655
2001-07-10,2189.785
2001-07-11,2168.74
2001-07-12,2165.491
2001-07-13,2161.34
2001-07-16,2146.236
2001-07-17,2140.981
2001-07-18,2146.541
2001-07-19,2150.265
2001-07-20,2179.624
2001-07-23,2169.01
2001-07-24,2136.45
2001-07-25,2112.26
2001-07-26,2094.01
2001-07-27,2065.73
2001-07-30,1956.8
2001-07-31,1920.32
2001-08-01,1986.93
2001-08-02,1957.02
2001-08-03,1958.69
2001-08-06,1882.13
2001-08-07,1903.93
2001-08-08,1895.17
2001-08-09,1924.59
2001-08-10,1955.036
2001-08-13,1955.1
2001-08-14,1939.542
2001-08-15,1947.359
2001-08-16,1919.645
2001-08-17,1924.003
2001-08-20,1934.489
2001-08-21,1938.871
2001-08-22,1903.446
2001-08-23,1902.99
2001-08-24,1886.8
2001-08-27,1827.25
2001-08-28,1843.385
2001-08-29,1847.536
2001-08-30,1839.631
2001-08-31,1834.138
2001-09-03,1817.19
2001-09-04,1862.36
2001-09-05,1868.27
2001-09-06,1861.561
2001-09-07,1808.844
2001-09-10,1856.529
2001-09-11,1863.78
2001-09-12,1852.604
2001-09-13,1839.909
2001-09-14,1818.382
2001-09-17,1784.608
2001-09-18,1798.622
2001-09-19,1822.695
2001-09-20,1818.419
2001-09-21,1807.019
2001-09-24,1794.961
2001-09-25,1793.884
2001-09-26,1767.814
2001-09-27,1764.932
2001-09-28,1764.867
2001-10-08,1726.533
2001-10-09,1744.64
2001-10-10,1686.612
2001-10-11,1638.326
2001-10-12,1691.326
2001-10-15,1687.28
2001-10-16,1655.902
2001-10-17,1643.066
2001-10-18,1615.579
2001-10-19,1572.453
2001-10-22,1520.669
2001-10-23,1670.562
2001-10-24,1718.06
2001-10-25,1676.499
2001-10-26,1677.878
2001-10-29,1700.477
2001-10-30,1682.769
2001-10-31,1689.17
2001-11-01,1707.754
2001-11-02,1691.351
2001-11-05,1679.572
2001-11-06,1671.278
2001-11-07,1594.05
2001-11-08,1605.871
2001-11-09,1630.359
2001-11-12,1621.195
2001-11-13,1615.931
2001-11-14,1617.102
2001-11-15,1621.344
2001-11-16,1646.763
2001-11-19,1669.894
2001-11-20,1699.732
2001-11-21,1705.664
2001-11-22,1715.813
2001-11-23,1712.564
2001-11-26,1705.885
2001-11-27,1722.589
2001-11-28,1735.0
2001-11-29,1732.296
2001-11-30,1747.993
2001-12-03,1762.562
2001-12-04,1769.681
2001-12-05,1745.227
2001-12-06,1751.182
2001-12-07,1745.407
2001-12-10,1748.682
2001-12-11,1728.878
2001-12-12,1715.172
2001-12-13,1688.013
2001-12-14,1675.514
2001-12-17,1665.938
2001-12-18,1687.29
2001-12-19,1672.698
2001-12-20,1631.537
2001-12-21,1640.142
2001-12-24,1606.104
2001-12-25,1611.17
2001-12-26,1633.643
2001-12-27,1627.923
2001-12-28,1639.484
2001-12-31,1645.971
2002-01-04,1611.393
2002-01-07,1596.76
2002-01-08,1583.461
2002-01-09,1561.349
2002-01-10,1576.437
2002-01-11,1535.593
2002-01-14,1485.108
2002-01-15,1459.653
2002-01-16,1479.619
2002-01-17,1419.519
2002-01-18,1415.438
2002-01-21,1366.968
2002-01-22,1358.691
2002-01-23,1444.965
2002-01-24,1456.404
2002-01-25,1451.484
2002-01-28,1359.549
2002-01-29,1392.775
2002-01-30,1396.605
2002-01-31,1491.665
2002-02-01,1485.77
2002-02-04,1511.327
2002-02-05,1518.28
2002-02-06,1485.802
2002-02-07,1515.394
2002-02-08,1506.615
2002-02-25,1530.284
2002-02-26,1531.43
2002-02-27,1538.319
2002-02-28,1524.701
2002-03-01,1502.54
2002-03-04,1526.804
2002-03-05,1560.079
2002-03-06,1569.208
2002-03-07,1613.001
2002-03-08,1640.256
2002-03-11,1664.094
2002-03-12,1643.692
2002-03-13,1623.432
2002-03-14,1665.151
2002-03-15,1620.976
2002-03-18,1623.884
2002-03-19,1665.357
2002-03-20,1682.51
2002-03-21,1685.017
2002-03-22,1669.694
2002-03-25,1675.289
2002-03-26,1649.484
2002-03-27,1654.231
2002-03-28,1650.673
2002-03-29,1603.905
2002-04-01,1608.506
2002-04-02,1582.883
2002-04-03,1594.508
2002-04-04,1641.699
2002-04-05,1634.643
2002-04-08,1640.65
2002-04-09,1667.522
2002-04-10,1677.658
2002-04-11,1649.53
2002-04-12,1658.979
2002-04-15,1649.5
2002-04-16,1640.285
2002-04-17,1644.395
2002-04-18,1628.137
2002-04-19,1635.172
2002-04-22,1627.48
2002-04-23,1624.546
2002-04-24,1611.051
2002-04-25,1615.919
2002-04-26,1640.589
2002-04-29,1665.812
2002-04-30,1667.749
2002-05-08,1652.368
2002-05-09,1650.578
2002-05-10,1638.198
2002-05-13,1623.94
2002-05-14,1616.231
2002-05-15,1598.354
2002-05-16,1549.501
2002-05-17,1567.497
2002-05-20,1541.53
2002-05-21,1588.108
2002-05-22,1564.489
2002-05-23,1571.611
2002-05-24,1549.466
2002-05-27,1555.048
2002-05-28,1558.524
2002-05-29,1524.806
2002-05-30,1523.522
2002-05-31,1515.733
2002-06-03,1483.348
2002-06-04,1490.514
2002-06-05,1462.0
2002-06-06,1521.263
2002-06-07,1529.507
2002-06-10,1517.23
2002-06-11,1530.963
2002-06-12,1524.842
2002-06-13,1511.711
2002-06-14,1494.246
2002-06-17,1496.242
2002-06-18,1524.068
2002-06-19,1507.668
2002-06-20,1516.151
2002-06-21,1562.722
2002-06-24,1707.313
2002-06-25,1706.591
2002-06-26,1712.91
2002-06-27,1723.545
2002-06-28,1732.755
2002-07-01,1713.705
2002-07-02,1724.949
2002-07-03,1730.919
2002-07-04,1713.135
2002-07-05,1722.188
2002-07-08,1732.934
2002-07-09,1729.986
2002-07-10,1701.824
2002-07-11,1696.94
2002-07-12,1698.298
2002-07-15,1687.945
2002-07-16,1691.623
2002-07-17,1701.718
2002-07-18,1704.912
2002-07-19,1713.861
2002-07-22,1681.009
2002-07-23,1673.861
2002-07-24,1672.4
2002-07-25,1665.109
2002-07-26,1657.499
2002-07-29,1665.674
2002-07-30,1669.002
2002-07-31,1651.594
2002-08-01,1653.008
2002-08-02,1661.871
2002-08-05,1653.957
2002-08-06,1670.619
2002-08-07,1668.065
2002-08-08,1659.802
2002-08-09,1647.046
2002-08-12,1634.566
2002-08-13,1636.632
2002-08-14,1646.722
2002-08-15,1634.366
2002-08-16,1646.792
2002-08-19,1644.301
2002-08-20,1671.351
2002-08-21,1673.549
2002-08-22,1686.111
2002-08-23,1683.207
2002-08-26,1670.685
2002-08-27,1679.691
2002-08-28,1676.77
2002-08-29,1667.318
2002-08-30,1666.618
2002-09-02,1668.774
2002-09-03,1674.07
2002-09-04,1663.972
2002-09-05,1641.807
2002-09-06,1631.384
2002-09-09,1621.582
2002-09-10,1625.111
2002-09-11,1620.355
2002-09-12,1624.558
2002-09-13,1625.759
2002-09-16,1604.083
2002-09-17,1604.881
2002-09-18,1594.584
2002-09-19,1619.354
2002-09-20,1604.913
2002-09-23,1602.591
2002-09-24,1596.732
2002-09-25,1597.837
2002-09-26,1587.649
2002-09-27,1581.618
2002-10-08,1562.993
2002-10-09,1535.366
2002-10-10,1530.407
2002-10-11,1524.051
2002-10-14,1531.676
2002-10-15,1524.728
2002-10-16,1537.388
2002-10-17,1513.097
2002-10-18,1519.539
2002-10-21,1524.925
2002-10-22,1548.104
2002-10-23,1548.965
2002-10-24,1536.52
2002-10-25,1520.313
2002-10-28,1502.716
2002-10-29,1510.882
2002-10-30,1509.707
2002-10-31,1507.496
2002-11-01,1510.76
2002-11-04,1531.842
2002-11-05,1558.239
2002-11-06,1552.561
2002-11-07,1554.237
2002-11-08,1522.187
2002-11-11,1504.403
2002-11-12,1485.913
2002-11-13,1490.464
2002-11-14,1460.795
2002-11-15,1463.691
2002-11-18,1451.29
2002-11-19,1462.174
2002-11-20,1425.843
2002-11-21,1390.629
2002-11-22,1395.497
2002-11-25,1398.438
2002-11-26,1371.167
2002-11-27,1378.752
2002-11-28,1417.525
2002-11-29,1434.182
2002-12-02,1395.675
2002-12-03,1408.843
2002-12-04,1414.454
2002-12-05,1404.88
2002-12-06,1405.525
2002-12-09,1400.867
2002-12-10,1383.84
2002-12-11,1379.195
2002-12-12,1383.91
2002-12-13,1396.898
2002-12-16,1408.515
2002-12-17,1416.096
2002-12-18,1411.719
2002-12-19,1413.597
2002-12-20,1427.936
2002-12-23,1430.199
2002-12-24,1430.827
2002-12-25,1421.515
2002-12-26,1384.152
2002-12-27,1382.971
2002-12-30,1366.362
2002-12-31,1357.654
2003-01-02,1320.63
2003-01-03,1319.868
2003-01-06,1334.679
2003-01-07,1332.061
2003-01-08,1372.067
2003-01-09,1397.384
2003-01-10,1384.859
2003-01-13,1386.314
2003-01-14,1466.851
2003-01-15,1459.92
2003-01-16,1485.618
2003-01-17,1478.675
2003-01-20,1482.681
2003-01-21,1454.891
2003-01-22,1460.53
2003-01-23,1450.616
2003-01-24,1479.07
2003-01-27,1496.157
2003-01-28,1500.639
2003-01-29,1499.815
2003-02-10,1480.169
2003-02-11,1492.764
2003-02-12,1510.671
2003-02-13,1504.338
2003-02-14,1510.95
2003-02-17,1496.523
2003-02-18,1496.468
2003-02-19,1510.803
2003-02-20,1509.486
2003-02-21,1478.871
2003-02-24,1481.936
2003-02-25,1511.275
2003-02-26,1513.175
2003-02-27,1513.704
2003-02-28,1511.932
2003-03-03,1525.483
2003-03-04,1524.304
2003-03-05,1517.179
2003-03-06,1498.343
2003-03-07,1493.093
2003-03-10,1468.919
2003-03-11,1469.548
2003-03-12,1475.008
2003-03-13,1464.649
2003-03-14,1466.044
2003-03-17,1469.274
2003-03-18,1459.892
2003-03-19,1469.96
2003-03-20,1464.54
2003-03-21,1474.657
2003-03-24,1477.766
2003-03-25,1462.4
2003-03-26,1456.271
2003-03-27,1499.347
2003-03-28,1491.941
2003-03-31,1510.578
2003-04-01,1522.546
2003-04-02,1521.32
2003-04-03,1511.729
2003-04-04,1521.128
2003-04-07,1515.132
2003-04-08,1520.551
2003-04-09,1543.674
2003-04-10,1551.18
2003-04-11,1576.86
2003-04-14,1616.072
2003-04-15,1631.47
2003-04-16,1606.24
2003-04-17,1613.604
2003-04-18,1603.077
2003-04-21,1571.714
2003-04-22,1568.692
2003-04-23,1541.96
2003-04-24,1503.59
2003-04-25,1487.147
2003-04-28,1537.691
2003-04-29,1509.313
2003-04-30,1521.444
2003-05-12,1531.867
2003-05-13,1485.307
2003-05-14,1522.924
2003-05-15,1555.285
2003-05-16,1554.452
2003-05-19,1555.447
2003-05-20,1535.52
2003-05-21,1533.483
2003-05-22,1546.113
2003-05-23,1560.955
2003-05-26,1569.512
2003-05-27,1568.341
2003-05-28,1551.811
2003-05-29,1568.156
2003-05-30,1576.261
2003-06-02,1576.528
2003-06-03,1562.237
2003-06-04,1574.111
2003-06-05,1556.249
2003-06-06,1538.92
2003-06-09,1530.215
2003-06-10,1538.762
2003-06-11,1565.84
2003-06-12,1562.106
2003-06-13,1566.766
2003-06-16,1559.705
2003-06-17,1557.175
2003-06-18,1553.877
2003-06-19,1538.754
2003-06-20,1529.47
2003-06-23,1511.365
2003-06-24,1512.429
2003-06-25,1502.077
2003-06-26,1515.375
2003-06-27,1497.054
2003-06-30,1486.024
2003-07-01,1484.704
2003-07-02,1499.682
2003-07-03,1504.436
2003-07-04,1502.349
2003-07-07,1501.484
2003-07-08,1512.019
2003-07-09,1503.314
2003-07-10,1531.927
2003-07-11,1528.854
2003-07-14,1521.414
2003-07-15,1525.439
2003-07-16,1529.491
2003-07-17,1539.358
2003-07-18,1507.162
2003-07-21,1495.885
2003-07-22,1498.485
2003-07-23,1502.148
2003-07-24,1493.451
2003-07-25,1477.651
2003-07-28,1470.393
2003-07-29,1477.296
2003-07-30,1479.652
2003-07-31,1476.742
2003-08-01,1476.969
2003-08-04,1494.365
2003-08-05,1494.312
2003-08-06,1486.252
2003-08-07,1487.37
2003-08-08,1471.272
2003-08-11,1474.413
2003-08-12,1479.283
2003-08-13,1465.827
2003-08-14,1455.899
2003-08-15,1450.203
2003-08-18,1445.089
2003-08-19,1449.712
2003-08-20,1441.664
2003-08-21,1441.09
2003-08-22,1438.883
2003-08-25,1422.176
2003-08-26,1425.212
2003-08-27,1425.362
2003-08-28,1415.693
2003-08-29,1421.983
2003-09-01,1449.816
2003-09-02,1446.512
2003-09-03,1447.85
2003-09-04,1447.425
2003-09-05,1431.533
2003-09-08,1425.727
2003-09-09,1420.074
2003-09-10,1423.177
2003-09-11,1423.96
2003-09-12,1409.162
2003-09-15,1397.54
2003-09-16,1406.104
2003-09-17,1389.822
2003-09-18,1390.485
2003-09-19,1391.37
2003-09-22,1381.443
2003-09-23,1390.174
2003-09-24,1394.229
2003-09-25,1376.291
2003-09-26,1370.843
2003-09-29,1355.335
2003-09-30,1367.161
2003-10-08,1371.685
2003-10-09,1369.174
2003-10-10,1404.008
2003-10-13,1399.658
2003-10-14,1388.172
2003-10-15,1383.098
2003-10-16,1365.505
2003-10-17,1370.582
2003-10-20,1359.498
2003-10-21,1364.301
2003-10-22,1398.01
2003-10-23,1386.653
2003-10-24,1381.83
2003-10-27,1369.463
2003-10-28,1369.325
2003-10-29,1361.487
2003-10-30,1344.633
2003-10-31,1348.303
2003-11-03,1364.055
2003-11-04,1389.545
2003-11-05,1385.11
2003-11-06,1356.79
2003-11-07,1335.205
2003-11-10,1340.097
2003-11-11,1343.616
2003-11-12,1317.792
2003-11-13,1319.608
2003-11-14,1331.051
2003-11-17,1328.103
2003-11-18,1316.562
2003-11-19,1338.87
2003-11-20,1376.506
2003-11-21,1361.559
2003-11-24,1404.008
2003-11-25,1408.415
2003-11-26,1411.909
2003-11-27,1389.103
2003-11-28,1397.225
2003-12-01,1432.703
2003-12-02,1435.314
2003-12-03,1445.026
2003-12-04,1452.809
2003-12-05,1451.118
2003-12-08,1436.663
2003-12-09,1443.366
2003-12-10,1469.422
2003-12-11,1470.023
2003-12-12,1470.792
2003-12-15,1470.357
2003-12-16,1466.337
2003-12-17,1453.995
2003-12-18,1457.301
2003-12-19,1446.285
2003-12-22,1492.963
2003-12-23,1500.64
2003-12-24,1513.825
2003-12-25,1512.597
2003-12-26,1514.775
2003-12-29,1496.427
2003-12-30,1511.691
2003-12-31,1497.044
2004-01-02,1517.193
2004-01-05,1568.353
2004-01-06,1574.523
2004-01-07,1587.204
2004-01-08,1610.126
2004-01-09,1581.466
2004-01-12,1618.518
2004-01-13,1612.683
2004-01-14,1592.423
2004-01-15,1586.493
2004-01-16,1600.425
2004-01-29,1628.837
2004-01-30,1590.729
2004-02-02,1623.88
2004-02-03,1649.282
2004-02-04,1685.159
2004-02-05,1693.428
2004-02-06,1679.193
2004-02-09,1703.529
2004-02-10,1691.009
2004-02-11,1677.759
2004-02-12,1663.832
2004-02-13,1658.539
2004-02-16,1696.827
2004-02-17,1703.774
2004-02-18,1717.096
2004-02-19,1717.015
2004-02-20,1721.752
2004-02-23,1681.654
2004-02-24,1682.297
2004-02-25,1647.381
2004-02-26,1654.898
2004-02-27,1675.067
2004-03-01,1689.76
2004-03-02,1687.278
2004-03-03,1661.812
2004-03-04,1668.874
2004-03-05,1662.096
2004-03-08,1637.144
2004-03-09,1637.099
2004-03-10,1678.073
2004-03-11,1691.643
2004-03-12,1694.743
2004-03-15,1736.22
2004-03-16,1745.543
2004-03-17,1745.098
2004-03-18,1717.26
2004-03-19,1747.872
2004-03-22,1755.685
2004-03-23,1741.695
2004-03-24,1740.054
2004-03-25,1736.477
2004-03-26,1734.047
2004-03-29,1719.674
2004-03-30,1724.277
2004-03-31,1741.623
2004-04-01,1758.147
2004-04-02,1768.645
2004-04-05,1766.483
2004-04-06,1777.516
2004-04-07,1774.552
2004-04-08,1770.279
2004-04-09,1727.348
2004-04-12,1722.986
2004-04-13,1715.136
2004-04-14,1697.156
2004-04-15,1679.076
2004-04-16,1693.861
2004-04-19,1675.885
2004-04-20,1669.422
2004-04-21,1651.577
2004-04-22,1657.785
2004-04-23,1635.501
2004-04-26,1635.499
2004-04-27,1611.86
2004-04-28,1606.801
2004-04-29,1579.447
2004-04-30,1595.587
2004-05-10,1560.215
2004-05-11,1568.059
2004-05-12,1603.768
2004-05-13,1597.57
2004-05-14,1562.688
2004-05-17,1539.959
2004-05-18,1555.442
2004-05-19,1558.287
2004-05-20,1549.061
2004-05-21,1558.33
2004-05-24,1550.348
2004-05-25,1518.045
2004-05-26,1524.436
2004-05-27,1557.178
2004-05-28,1548.722
2004-05-31,1555.906
2004-06-01,1579.658
2004-06-02,1567.067
2004-06-03,1543.527
2004-06-04,1542.086
2004-06-07,1517.145
2004-06-08,1493.814
2004-06-09,1468.071
2004-06-10,1468.344
2004-06-11,1472.072
2004-06-14,1438.736
2004-06-15,1463.777
2004-06-16,1475.416
2004-06-17,1445.501
2004-06-18,1427.301
2004-06-21,1433.467
2004-06-22,1450.683
2004-06-23,1440.729
2004-06-24,1427.754
2004-06-25,1401.113
2004-06-28,1385.181
2004-06-29,1408.689
2004-06-30,1399.162
2004-07-01,1441.068
2004-07-02,1441.19
2004-07-05,1444.59
2004-07-06,1450.501
2004-07-07,1438.398
2004-07-08,1439.783
2004-07-09,1430.654
2004-07-12,1397.148
2004-07-13,1399.461
2004-07-14,1403.755
2004-07-15,1421.544
2004-07-16,1456.13
2004-07-19,1457.537
2004-07-20,1447.941
2004-07-21,1448.037
2004-07-22,1407.438
2004-07-23,1407.396
2004-07-26,1387.67
2004-07-27,1384.128
2004-07-28,1388.81
2004-07-29,1407.331
2004-07-30,1386.202
2004-08-02,1373.217
2004-08-03,1366.258
2004-08-04,1404.505
2004-08-05,1389.039
2004-08-06,1390.461
2004-08-09,1395.848
2004-08-10,1400.769
2004-08-11,1384.964
2004-08-12,1368.196
2004-08-13,1368.45
2004-08-16,1354.511
2004-08-17,1360.2
2004-08-18,1358.216
2004-08-19,1340.45
2004-08-20,1341.738
2004-08-23,1325.413
2004-08-24,1344.626
2004-08-25,1339.784
2004-08-26,1334.422
2004-08-27,1320.614
2004-08-30,1319.407
2004-08-31,1342.062
2004-09-01,1321.462
2004-09-02,1327.927
2004-09-03,1327.116
2004-09-06,1321.465
2004-09-07,1324.294
2004-09-08,1309.333
2004-09-09,1284.307
2004-09-10,1287.081
2004-09-13,1260.316
2004-09-14,1300.357
2004-09-15,1355.226
2004-09-16,1371.201
2004-09-17,1414.702
2004-09-20,1463.221
2004-09-21,1448.562
2004-09-22,1420.148
2004-09-23,1464.779
2004-09-24,1435.563
2004-09-27,1427.398
2004-09-28,1435.589
2004-09-29,1420.009
2004-09-30,1396.7
2004-10-08,1422.929
2004-10-11,1413.154
2004-10-12,1384.439
2004-10-13,1386.721
2004-10-14,1332.938
2004-10-15,1330.518
2004-10-18,1335.394
2004-10-19,1337.618
2004-10-20,1330.584
2004-10-21,1310.545
2004-10-22,1329.355
2004-10-25,1311.151
2004-10-26,1324.783
2004-10-27,1342.799
2004-10-28,1341.737
2004-10-29,1320.536
2004-11-01,1305.291
2004-11-02,1301.528
2004-11-03,1326.749
2004-11-04,1304.776
2004-11-05,1305.128
2004-11-08,1304.229
2004-11-09,1307.429
2004-11-10,1354.386
2004-11-11,1347.07
2004-11-12,1352.217
2004-11-15,1370.046
2004-11-16,1370.389
2004-11-17,1356.138
2004-11-18,1367.828
2004-11-19,1379.96
2004-11-22,1383.02
2004-11-23,1371.244
2004-11-24,1359.125
2004-11-25,1358.333
2004-11-26,1356.727
2004-11-29,1337.434
2004-11-30,1340.771
2004-12-01,1334.944
2004-12-02,1333.09
2004-12-03,1337.197
2004-12-06,1339.644
2004-12-07,1323.752
2004-12-08,1326.438
2004-12-09,1338.81
2004-12-10,1317.717
2004-12-13,1309.695
2004-12-14,1307.553
2004-12-15,1313.045
2004-12-16,1305.018
2004-12-17,1290.49
2004-12-20,1275.459
2004-12-21,1275.17
2004-12-22,1307.57
2004-12-23,1282.719
2004-12-24,1285.036
2004-12-27,1280.272
2004-12-28,1278.943
2004-12-29,1274.313
2004-12-30,1273.709
2004-12-31,1266.496
2005-01-04,1242.774
2005-01-05,1251.937
2005-01-06,1239.43
2005-01-07,1244.746
2005-01-10,1252.401
2005-01-11,1257.462
2005-01-12,1256.923
2005-01-13,1256.314
2005-01-14,1245.62
2005-01-17,1216.652
2005-01-18,1225.454
2005-01-19,1218.108
2005-01-20,1204.394
2005-01-21,1234.476
2005-01-24,1255.777
2005-01-25,1254.234
2005-01-26,1241.958
2005-01-27,1225.891
2005-01-28,1213.673
2005-01-31,1191.823
2005-02-01,1188.931
2005-02-02,1252.5
2005-02-03,1242.307
2005-02-04,1269.004
2005-02-16,1278.88
2005-02-17,1276.134
2005-02-18,1258.969
2005-02-21,1284.48
2005-02-22,1309.277
2005-02-23,1309.475
2005-02-24,1309.949
2005-02-25,1312.445
2005-02-28,1306.003
2005-03-01,1303.412
2005-03-02,1287.45
2005-03-03,1294.339
2005-03-04,1287.714
2005-03-07,1293.739
2005-03-08,1318.271
2005-03-09,1316.791
2005-03-10,1286.233
2005-03-11,1289.941
2005-03-14,1293.5
2005-03-15,1269.144
2005-03-16,1255.589
2005-03-17,1243.475
2005-03-18,1227.403
2005-03-21,1231.046
2005-03-22,1206.922
2005-03-23,1201.649
2005-03-24,1208.192
2005-03-25,1205.634
2005-03-28,1200.113
2005-03-29,1195.018
2005-03-30,1172.574
2005-03-31,1181.236
2005-04-01,1223.566
2005-04-04,1202.967
2005-04-05,1191.745
2005-04-06,1214.868
2005-04-07,1225.487
2005-04-08,1248.521
2005-04-11,1240.972
2005-04-12,1219.511
2005-04-13,1248.203
2005-04-14,1234.332
2005-04-15,1216.962
2005-04-18,1197.735
2005-04-19,1199.902
2005-04-20,1184.193
2005-04-21,1172.556
2005-04-22,1169.187
2005-04-25,1157.971
2005-04-26,1165.335
2005-04-27,1148.757
2005-04-28,1169.118
2005-04-29,1159.146
2005-05-09,1130.835
2005-05-10,1135.561
2005-05-11,1124.271
2005-05-12,1103.993
2005-05-13,1107.627
2005-05-16,1095.468
2005-05-17,1099.64
2005-05-18,1102.965
2005-05-19,1103.475
2005-05-20,1099.269
2005-05-23,1070.844
2005-05-24,1073.847
2005-05-25,1072.137
2005-05-26,1058.867
2005-05-27,1051.946
2005-05-30,1060.162
2005-05-31,1060.738
2005-06-01,1039.187
2005-06-02,1016.063
2005-06-03,1013.637
2005-06-06,1034.378
2005-06-07,1030.941
2005-06-08,1115.582
2005-06-09,1131.052
2005-06-10,1108.286
2005-06-13,1106.291
2005-06-14,1093.464
2005-06-15,1072.836
2005-06-16,1086.01
2005-06-17,1085.61
2005-06-20,1115.62
2005-06-21,1101.486
2005-06-22,1102.033
2005-06-23,1093.702
2005-06-24,1101.882
2005-06-27,1124.64
2005-06-28,1108.588
2005-06-29,1104.992
2005-06-30,1080.938
2005-07-01,1055.594
2005-07-04,1047.278
2005-07-05,1039.043
2005-07-06,1033.545
2005-07-07,1038.597
2005-07-08,1017.983
2005-07-11,1011.499
2005-07-12,1046.161
2005-07-13,1037.394
2005-07-14,1040.416
2005-07-15,1026.115
2005-07-18,1012.097
2005-07-19,1014.355
2005-07-20,1021.052
2005-07-21,1020.632
2005-07-22,1046.321
2005-07-25,1045.4
2005-07-26,1072.807
2005-07-27,1089.909
2005-07-28,1086.548
2005-07-29,1083.033
2005-08-01,1088.948
2005-08-02,1104.038
2005-08-03,1107.699
2005-08-04,1102.589
2005-08-05,1128.743
2005-08-08,1138.882
2005-08-09,1152.534
2005-08-10,1165.033
2005-08-11,1183.579
2005-08-12,1167.915
2005-08-15,1187.006
2005-08-16,1177.278
2005-08-17,1192.834
2005-08-18,1148.035
2005-08-19,1150.184
2005-08-22,1158.597
2005-08-23,1149.957
2005-08-24,1167.137
2005-08-25,1172.475
2005-08-26,1171.86
2005-08-29,1154.428
2005-08-30,1146.385
2005-08-31,1162.798
2005-09-01,1184.933
2005-09-02,1188.848
2005-09-05,1196.224
2005-09-06,1173.322
2005-09-07,1194.309
2005-09-08,1194.411
2005-09-09,1189.625
2005-09-12,1188.212
2005-09-13,1207.164
2005-09-14,1217.261
2005-09-15,1217.281
2005-09-16,1212.947
2005-09-19,1220.627
2005-09-20,1212.617
2005-09-21,1187.988
2005-09-22,1159.96
2005-09-23,1151.98
2005-09-26,1155.042
2005-09-27,1133.237
2005-09-28,1131.774
2005-09-29,1155.485
2005-09-30,1155.614
2005-10-10,1138.95
2005-10-11,1157.192
2005-10-12,1161.853
2005-10-13,1152.607
2005-10-14,1139.547
2005-10-17,1131.375
2005-10-18,1141.201
2005-10-19,1134.608
2005-10-20,1135.949
2005-10-21,1141.318
2005-10-24,1141.171
2005-10-25,1121.918
2005-10-26,1097.161
2005-10-27,1097.782
2005-10-28,1080.867
2005-10-31,1092.817
2005-11-01,1089.95
2005-11-02,1104.792
2005-11-03,1095.273
2005-11-04,1100.045
2005-11-07,1100.65
2005-11-08,1110.147
2005-11-09,1108.153
2005-11-10,1088.301
2005-11-11,1090.195
2005-11-14,1088.653
2005-11-15,1087.508
2005-11-16,1095.89
2005-11-17,1095.31
2005-11-18,1116.999
2005-11-21,1119.936
2005-11-22,1098.655
2005-11-23,1105.746
2005-11-24,1113.374
2005-11-25,1114.916
2005-11-28,1110.823
2005-11-29,1096.986
2005-11-30,1099.261
2005-12-01,1098.747
2005-12-02,1094.287
2005-12-05,1079.197
2005-12-06,1087.794
2005-12-07,1099.615
2005-12-08,1098.323
2005-12-09,1113.477
2005-12-12,1116.367
2005-12-13,1117.846
2005-12-14,1125.387
2005-12-15,1123.555
2005-12-16,1127.508
2005-12-19,1131.751
2005-12-20,1136.342
2005-12-21,1130.759
2005-12-22,1135.238
2005-12-23,1144.871
2005-12-26,1156.823
2005-12-27,1154.288
2005-12-28,1157.034
2005-12-29,1169.862
2005-12-30,1161.057
2006-01-04,1180.963
2006-01-05,1197.269
2006-01-06,1209.422
2006-01-09,1215.668
2006-01-10,1220.618
2006-01-11,1211.053
2006-01-12,1226.704
2006-01-13,1221.459
2006-01-16,1202.869
2006-01-17,1208.438
2006-01-18,1233.35
2006-01-19,1251.576
2006-01-20,1255.308
2006-01-23,1255.774
2006-01-24,1252.062
2006-01-25,1258.046
2006-02-06,1287.626
2006-02-07,1282.096
2006-02-08,1290.055
2006-02-09,1269.454
2006-02-10,1282.656
2006-02-13,1279.64
2006-02-14,1286.327
2006-02-15,1299.166
2006-02-16,1270.633
2006-02-17,1267.408
2006-02-20,1267.542
2006-02-21,1288.419
2006-02-22,1284.226
2006-02-23,1288.847
2006-02-24,1296.866
2006-02-27,1297.186
2006-02-28,1299.03
2006-03-01,1306.586
2006-03-02,1285.666
2006-03-03,1293.297
2006-03-06,1288.955
2006-03-07,1259.916
2006-03-08,1250.384
2006-03-09,1245.166
2006-03-10,1245.653
2006-03-13,1259.674
2006-03-14,1259.044
2006-03-15,1274.812
2006-03-16,1274.19
2006-03-17,1269.462
2006-03-20,1288.418
2006-03-21,1290.395
2006-03-22,1296.706
2006-03-23,1302.457
2006-03-24,1294.704
2006-03-27,1295.915
2006-03-28,1298.791
2006-03-29,1305.567
2006-03-30,1294.718
2006-03-31,1298.295
2006-04-03,1319.471
2006-04-04,1329.798
2006-04-05,1340.162
2006-04-06,1339.737
2006-04-07,1342.965
2006-04-10,1359.081
2006-04-11,1362.229
2006-04-12,1360.132
2006-04-13,1332.33
2006-04-14,1359.538
2006-04-17,1378.614
2006-04-18,1385.114
2006-04-19,1396.702
2006-04-20,1385.9
2006-04-21,1416.793
2006-04-24,1409.786
2006-04-25,1399.767
2006-04-26,1417.477
2006-04-27,1416.732
2006-04-28,1440.223
2006-05-08,1497.104
2006-05-09,1531.161
2006-05-10,1545.687
2006-05-11,1537.377
2006-05-12,1602.832
2006-05-15,1664.088
2006-05-16,1613.251
2006-05-17,1625.146
2006-05-18,1617.281
2006-05-19,1659.545
2006-05-22,1657.689
2006-05-23,1604.552
2006-05-24,1590.924
2006-05-25,1591.425
2006-05-26,1613.894
2006-05-29,1648.538
2006-05-30,1657.288
2006-05-31,1641.3
2006-06-01,1684.195
2006-06-02,1669.399
2006-06-05,1684.624
2006-06-06,1679.126
2006-06-07,1589.545
2006-06-08,1591.49
2006-06-09,1551.384
2006-06-12,1552.798
2006-06-13,1548.495
2006-06-14,1531.327
2006-06-15,1533.98
2006-06-16,1574.467
2006-06-19,1586.286
2006-06-20,1592.332
2006-06-21,1598.116
2006-06-22,1596.066
2006-06-23,1605.711
2006-06-26,1633.449
2006-06-27,1639.551
2006-06-28,1639.286
2006-06-29,1671.618
2006-06-30,1672.211
2006-07-03,1697.282
2006-07-04,1681.547
2006-07-05,1718.555
2006-07-06,1741.47
2006-07-07,1730.19
2006-07-10,1734.329
2006-07-11,1745.806
2006-07-12,1740.0
2006-07-13,1655.773
2006-07-14,1665.208
2006-07-17,1682.887
2006-07-18,1684.252
2006-07-19,1645.16
2006-07-20,1655.122
2006-07-21,1665.328
2006-07-24,1665.944
2006-07-25,1685.461
2006-07-26,1686.654
2006-07-27,1675.168
2006-07-28,1662.031
2006-07-31,1612.733
2006-08-01,1600.614
2006-08-02,1600.872
2006-08-03,1601.058
2006-08-04,1570.15
2006-08-07,1547.436
2006-08-08,1580.577
2006-08-09,1578.566
2006-08-10,1606.065
2006-08-11,1605.926
2006-08-14,1570.738
2006-08-15,1595.657
2006-08-16,1616.41
2006-08-17,1603.332
2006-08-18,1598.018
2006-08-21,1601.15
2006-08-22,1613.355
2006-08-23,1612.396
2006-08-24,1623.017
2006-08-25,1623.034
2006-08-28,1650.438
2006-08-29,1651.024
2006-08-30,1655.195
2006-08-31,1658.638
2006-09-01,1636.691
2006-09-04,1657.52
2006-09-05,1664.078
2006-09-06,1672.121
2006-09-07,1661.19
2006-09-08,1667.984
2006-09-11,1674.966
2006-09-12,1695.862
2006-09-13,1689.389
2006-09-14,1689.692
2006-09-15,1721.045
2006-09-18,1732.987
2006-09-19,1735.241
2006-09-20,1732.453
2006-09-21,1740.901
2006-09-22,1725.361
2006-09-25,1722.366
2006-09-26,1712.637
2006-09-27,1725.039
2006-09-28,1736.963
2006-09-29,1752.424
2006-10-09,1785.385
2006-10-10,1784.862
2006-10-11,1790.104
2006-10-12,1778.181
2006-10-13,1784.656
2006-10-16,1771.299
2006-10-17,1763.901
2006-10-18,1787.185
2006-10-19,1792.253
2006-10-20,1790.364
2006-10-23,1759.394
2006-10-24,1805.181
2006-10-25,1806.646
2006-10-26,1810.646
2006-10-27,1807.175
2006-10-30,1809.656
2006-10-31,1837.993
2006-11-01,1855.713
2006-11-02,1851.314
2006-11-03,1866.362
2006-11-06,1886.307
2006-11-07,1889.53
2006-11-08,1866.817
2006-11-09,1896.482
2006-11-10,1883.347
2006-11-13,1863.765
2006-11-14,1888.239
2006-11-15,1922.935
2006-11-16,1941.547
2006-11-17,1971.793
2006-11-20,2017.279
2006-11-21,2037.552
2006-11-22,2041.355
2006-11-23,2062.363
2006-11-24,2050.812
2006-11-27,2047.277
2006-11-28,2038.721
2006-11-29,2054.091
2006-11-30,2099.289
2006-12-01,2102.049
2006-12-04,2161.648
2006-12-05,2173.285
2006-12-06,2156.604
2006-12-07,2156.75
2006-12-08,2093.638
2006-12-11,2180.496
2006-12-12,2218.951
2006-12-13,2223.455
2006-12-14,2249.11
2006-12-15,2273.908
2006-12-18,2332.434
2006-12-19,2364.177
2006-12-20,2373.205
2006-12-21,2342.938
2006-12-22,2343.668
2006-12-25,2435.762
2006-12-26,2479.732
2006-12-27,2536.387
2006-12-28,2567.594
2006-12-29,2675.474
2007-01-04,2715.719
2007-01-05,2641.334
2007-01-08,2707.199
2007-01-09,2807.804
2007-01-10,2825.576
2007-01-11,2770.11
2007-01-12,2668.11
2007-01-15,2794.701
2007-01-16,2821.017
2007-01-17,2778.9
2007-01-18,2756.983
2007-01-19,2832.207
2007-01-22,2933.19
2007-01-23,2949.144
2007-01-24,2975.129
2007-01-25,2857.365
2007-01-26,2882.558
2007-01-29,2945.263
2007-01-30,2930.562
2007-01-31,2786.335
2007-02-01,2785.432
2007-02-02,2673.212
2007-02-05,2612.537
2007-02-06,2675.697
2007-02-07,2716.175
2007-02-08,2737.732
2007-02-09,2730.386
2007-02-12,2807.174
2007-02-13,2831.872
2007-02-14,2905.093
2007-02-15,2993.008
2007-02-16,2998.474
2007-02-26,3040.599
2007-02-27,2771.791
2007-02-28,2881.073
2007-03-01,2797.19
2007-03-02,2831.526
2007-03-05,2785.306
2007-03-06,2840.175
2007-03-07,2896.594
2007-03-08,2928.015
2007-03-09,2937.91
2007-03-12,2954.914
2007-03-13,2964.794
2007-03-14,2906.334
2007-03-15,2951.698
2007-03-16,2930.481
2007-03-19,3014.442
2007-03-20,3032.195
2007-03-21,3057.38
2007-03-22,3071.225
2007-03-23,3074.286
2007-03-26,3122.811
2007-03-27,3138.826
2007-03-28,3173.018
2007-03-29,3197.537
2007-03-30,3183.983
2007-04-02,3252.595
2007-04-03,3291.299
2007-04-04,3291.542
2007-04-05,3319.14
2007-04-06,3323.585
2007-04-09,3398.95
2007-04-10,3444.291
2007-04-11,3495.224
2007-04-12,3531.029
2007-04-13,3518.267
2007-04-16,3596.441
2007-04-17,3611.87
2007-04-18,3612.396
2007-04-19,3449.016
2007-04-20,3584.204
2007-04-23,3710.886
2007-04-24,3720.532
2007-04-25,3743.959
2007-04-26,3783.063
2007-04-27,3759.867
2007-04-30,3841.272
2007-05-08,3950.011
2007-05-09,4013.085
2007-05-10,4049.701
2007-05-11,4021.678
2007-05-14,4046.392
2007-05-15,3899.178
2007-05-16,3986.043
2007-05-17,4048.293
2007-05-18,4030.258
2007-05-21,4072.225
2007-05-22,4110.379
2007-05-23,4173.709
2007-05-24,4151.133
2007-05-25,4179.776
2007-05-28,4272.111
2007-05-29,4334.924
2007-05-30,4053.088
2007-05-31,4109.654
2007-06-01,4000.742
2007-06-04,3670.401
2007-06-05,3767.101
2007-06-06,3776.317
2007-06-07,3890.803
2007-06-08,3913.135
2007-06-11,3995.68
2007-06-12,4072.138
2007-06-13,4176.48
2007-06-14,4115.209
2007-06-15,4132.869
2007-06-18,4253.348
2007-06-19,4269.524
2007-06-20,4181.323
2007-06-21,4230.823
2007-06-22,4091.445
2007-06-25,3941.081
2007-06-26,3973.371
2007-06-27,4078.599
2007-06-28,3914.204
2007-06-29,3820.703
2007-07-02,3836.294
2007-07-03,3899.724
2007-07-04,3816.165
2007-07-05,3615.872
2007-07-06,3781.348
2007-07-09,3883.216
2007-07-10,3853.021
2007-07-11,3865.723
2007-07-12,3915.991
2007-07-13,3914.395
2007-07-16,3821.916
2007-07-17,3896.191
2007-07-18,3930.06
2007-07-19,3912.941
2007-07-20,4058.853
2007-07-23,4213.361
2007-07-24,4210.329
2007-07-25,4323.966
2007-07-26,4346.458
2007-07-27,4345.357
2007-07-30,4440.769
2007-07-31,4471.032
2007-08-01,4300.563
2007-08-02,4407.73
2007-08-03,4560.774
2007-08-06,4628.108
2007-08-07,4651.225
2007-08-08,4663.162
2007-08-09,4754.095
2007-08-10,4749.369
2007-08-13,4820.064
2007-08-14,4872.785
2007-08-15,4869.883
2007-08-16,4765.448
2007-08-17,4656.574
2007-08-20,4904.855
2007-08-21,4955.207
2007-08-22,4980.075
2007-08-23,5032.494
2007-08-24,5107.668
2007-08-27,5150.118
2007-08-28,5194.689
2007-08-29,5109.427
2007-08-30,5167.884
2007-08-31,5218.825
2007-09-03,5321.055
2007-09-04,5294.045
2007-09-05,5310.716
2007-09-06,5393.66
2007-09-07,5277.176
2007-09-10,5355.287
2007-09-11,5113.968
2007-09-12,5172.627
2007-09-13,5273.592
2007-09-14,5312.182
2007-09-17,5421.392
2007-09-18,5425.208
2007-09-19,5395.265
2007-09-20,5470.065
2007-09-21,5454.674
2007-09-24,5485.013
2007-09-25,5425.88
2007-09-26,5338.52
2007-09-27,5409.403
2007-09-28,5552.301
2007-10-08,5692.755
2007-10-09,5715.892
2007-10-10,5771.464
2007-10-11,5913.23
2007-10-12,5903.264
2007-10-15,6030.086
2007-10-16,6092.057
2007-10-17,6036.281
2007-10-18,5825.282
2007-10-19,5818.047
2007-10-22,5667.332
2007-10-23,5773.387
2007-10-24,5843.109
2007-10-25,5562.394
2007-10-26,5589.631
2007-10-29,5747.997
2007-10-30,5897.193
2007-10-31,5954.765
2007-11-01,5914.285
2007-11-02,5777.809
2007-11-05,5634.452
2007-11-06,5536.569
2007-11-07,5601.783
2007-11-08,5330.023
2007-11-09,5315.54
2007-11-12,5187.735
2007-11-13,5158.118
2007-11-14,5412.694
2007-11-15,5365.267
2007-11-16,5316.274
2007-11-19,5269.817
2007-11-20,5293.703
2007-11-21,5214.225
2007-11-22,4984.161
2007-11-23,5032.13
2007-11-26,4958.849
2007-11-27,4861.111
2007-11-28,4803.394
2007-11-29,5003.333
2007-11-30,4871.778
2007-12-03,4868.611
2007-12-04,4915.889
2007-12-05,5042.654
2007-12-06,5035.073
2007-12-07,5091.756
2007-12-10,5161.919
2007-12-11,5175.076
2007-12-12,5095.543
2007-12-13,4958.043
2007-12-14,5007.911
2007-12-17,4876.761
2007-12-18,4836.174
2007-12-19,4941.784
2007-12-20,5043.535
2007-12-21,5101.779
2007-12-24,5234.262
2007-12-25,5201.181
2007-12-26,5233.351
2007-12-27,5308.889
2007-12-28,5261.563
2008-01-02,5272.814
2008-01-03,5319.861
2008-01-04,5361.574
2008-01-07,5393.343
2008-01-08,5386.531
2008-01-09,5435.807
2008-01-10,5456.541
2008-01-11,5484.677
2008-01-14,5497.901
2008-01-15,5443.791
2008-01-16,5290.606
2008-01-17,5151.626
2008-01-18,5180.514
2008-01-21,4914.435
2008-01-22,4559.751
2008-01-23,4703.047
2008-01-24,4717.734
2008-01-25,4761.688
2008-01-28,4419.294
2008-01-29,4457.944
2008-01-30,4417.849
2008-01-31,4383.393
2008-02-01,4320.767
2008-02-04,4672.17
2008-02-05,4599.696
2008-02-13,4490.721
2008-02-14,4552.316
2008-02-15,4497.127
2008-02-18,4568.151
2008-02-19,4664.295
2008-02-20,4567.026
2008-02-21,4527.177
2008-02-22,4370.285
2008-02-25,4192.533
2008-02-26,4238.179
2008-02-27,4334.047
2008-02-28,4299.513
2008-02-29,4348.543
2008-03-03,4438.265
2008-03-04,4335.446
2008-03-05,4292.654
2008-03-06,4360.986
2008-03-07,4300.515
2008-03-10,4146.299
2008-03-11,4165.878
2008-03-12,4070.116
2008-03-13,3971.257
2008-03-14,3962.673
2008-03-17,3820.048
2008-03-18,3668.897
2008-03-19,3761.605
2008-03-20,3804.054
2008-03-21,3796.576
2008-03-24,3626.188
2008-03-25,3629.619
2008-03-26,3606.857
2008-03-27,3411.493
2008-03-28,3580.146
2008-03-31,3472.713
2008-04-01,3329.162
2008-04-02,3347.882
2008-04-03,3446.244
2008-04-07,3599.618
2008-04-08,3612.539
2008-04-09,3413.907
2008-04-10,3471.743
2008-04-11,3492.893
2008-04-14,3296.672
2008-04-15,3348.353
2008-04-16,3291.599
2008-04-17,3222.741
2008-04-18,3094.668
2008-04-21,3116.977
2008-04-22,3147.793
2008-04-23,3278.33
2008-04-24,3583.028
2008-04-25,3557.749
2008-04-28,3474.722
2008-04-29,3523.405
2008-04-30,3693.106
2008-05-05,3761.009
2008-05-06,3733.503
2008-05-07,3579.147
2008-05-08,3656.839
2008-05-09,3613.494
2008-05-12,3626.982
2008-05-13,3560.243
2008-05-14,3657.432
2008-05-15,3637.324
2008-05-16,3624.233
2008-05-19,3604.761
2008-05-20,3443.162
2008-05-21,3544.186
2008-05-22,3485.63
2008-05-23,3473.091
2008-05-26,3364.544
2008-05-27,3375.407
2008-05-28,3459.026
2008-05-29,3401.437
2008-05-30,3433.354
2008-06-02,3459.044
2008-06-03,3436.398
2008-06-04,3369.913
2008-06-05,3351.645
2008-06-06,3329.67
2008-06-10,3072.333
2008-06-11,3024.24
2008-06-12,2957.532
2008-06-13,2868.8
2008-06-16,2874.103
2008-06-17,2794.751
2008-06-18,2941.115
2008-06-19,2748.874
2008-06-20,2831.736
2008-06-23,2760.417
2008-06-24,2803.019
2008-06-25,2905.014
2008-06-26,2901.85
2008-06-27,2748.432
2008-06-30,2736.103
2008-07-01,2651.605
2008-07-02,2651.725
2008-07-03,2703.529
2008-07-04,2669.892
2008-07-07,2792.397
2008-07-08,2814.947
2008-07-09,2920.546
2008-07-10,2875.45
2008-07-11,2856.634
2008-07-14,2878.256
2008-07-15,2779.448
2008-07-16,2705.867
2008-07-17,2684.778
2008-07-18,2778.367
2008-07-21,2861.418
2008-07-22,2846.117
2008-07-23,2837.849
2008-07-24,2910.292
2008-07-25,2865.101
2008-07-28,2903.012
2008-07-29,2850.311
2008-07-30,2836.668
2008-07-31,2775.717
2008-08-01,2801.817
2008-08-04,2741.74
2008-08-05,2690.746
2008-08-06,2719.368
2008-08-07,2727.577
2008-08-08,2605.719
2008-08-11,2470.074
2008-08-12,2457.198
2008-08-13,2446.297
2008-08-14,2437.082
2008-08-15,2450.61
2008-08-18,2319.868
2008-08-19,2344.469
2008-08-20,2523.282
2008-08-21,2431.716
2008-08-22,2405.226
2008-08-25,2413.374
2008-08-26,2350.084
2008-08-27,2342.147
2008-08-28,2350.143
2008-08-29,2397.369
2008-09-01,2325.135
2008-09-02,2304.891
2008-09-03,2276.672
2008-09-04,2277.411
2008-09-05,2202.446
2008-09-08,2143.421
2008-09-09,2145.779
2008-09-10,2150.759
2008-09-11,2078.981
2008-09-12,2079.673
2008-09-16,1986.636
2008-09-17,1929.047
2008-09-18,1895.837
2008-09-19,2075.091
2008-09-22,2236.41
2008-09-23,2201.51
2008-09-24,2216.811
2008-09-25,2297.501
2008-09-26,2293.784
2008-10-06,2173.738
2008-10-07,2157.839
2008-10-08,2092.224
2008-10-09,2074.583
2008-10-10,2000.572
2008-10-13,2073.568
2008-10-14,2017.321
2008-10-15,1994.667
2008-10-16,1909.941
2008-10-17,1930.651
2008-10-20,1974.006
2008-10-21,1958.529
2008-10-22,1895.822
2008-10-23,1875.561
2008-10-24,1839.621
2008-10-27,1723.351
2008-10-28,1771.821
2008-10-29,1719.812
2008-10-30,1763.607
2008-10-31,1728.786
2008-11-03,1719.774
2008-11-04,1706.703
2008-11-05,1760.609
2008-11-06,1717.722
2008-11-07,1747.713
2008-11-10,1874.801
2008-11-11,1843.607
2008-11-12,1859.11
2008-11-13,1927.613
2008-11-14,1986.438
2008-11-17,2030.485
2008-11-18,1902.43
2008-11-19,2017.474
2008-11-20,1983.76
2008-11-21,1969.389
2008-11-24,1897.06
2008-11-25,1888.715
2008-11-26,1897.884
2008-11-27,1917.861
2008-11-28,1871.156
2008-12-01,1894.615
2008-12-02,1889.638
2008-12-03,1965.414
2008-12-04,2001.504
2008-12-05,2018.656
2008-12-08,2090.773
2008-12-09,2037.74
2008-12-10,2079.117
2008-12-11,2031.681
2008-12-12,1954.215
2008-12-15,1964.374
2008-12-16,1975.006
2008-12-17,1976.819
2008-12-18,2015.694
2008-12-19,2018.463
2008-12-22,1987.755
2008-12-23,1897.225
2008-12-24,1863.8
2008-12-25,1852.419
2008-12-26,1851.518
2008-12-29,1850.48
2008-12-30,1832.91
2008-12-31,1820.805
2009-01-05,1880.716
2009-01-06,1937.145
2009-01-07,1924.012
2009-01-08,1878.181
2009-01-09,1904.861
2009-01-12,1900.347
2009-01-13,1863.367
2009-01-14,1928.869
2009-01-15,1920.206
2009-01-16,1954.438
2009-01-19,1986.672
2009-01-20,1994.107
2009-01-21,1985.016
2009-01-22,2004.951
2009-01-23,1990.657
2009-02-02,2011.683
2009-02-03,2060.808
2009-02-04,2107.749
2009-02-05,2098.018
2009-02-06,2181.239
2009-02-09,2224.714
2009-02-10,2265.161
2009-02-11,2260.82
2009-02-12,2248.091
2009-02-13,2320.792
2009-02-16,2389.387
2009-02-17,2319.441
2009-02-18,2209.862
2009-02-19,2227.125
2009-02-20,2261.478
2009-02-23,2305.777
2009-02-24,2200.654
2009-02-25,2206.574
2009-02-26,2121.251
2009-02-27,2082.852
2009-03-02,2093.447
2009-03-03,2071.431
2009-03-04,2198.107
2009-03-05,2221.076
2009-03-06,2193.007
2009-03-09,2118.748
2009-03-10,2158.568
2009-03-11,2139.025
2009-03-12,2133.881
2009-03-13,2128.848
2009-03-16,2153.291
2009-03-17,2218.326
2009-03-18,2223.725
2009-03-19,2265.759
2009-03-20,2281.087
2009-03-23,2325.48
2009-03-24,2338.42
2009-03-25,2291.555
2009-03-26,2361.704
2009-03-27,2374.438
2009-03-30,2358.04
2009-03-31,2373.213
2009-04-01,2408.017
2009-04-02,2425.291
2009-04-03,2419.778
2009-04-07,2439.182
2009-04-08,2347.385
2009-04-09,2379.876
2009-04-10,2444.226
2009-04-13,2513.701
2009-04-14,2527.181
2009-04-15,2536.056
2009-04-16,2534.134
2009-04-17,2503.935
2009-04-20,2557.456
2009-04-21,2535.828
2009-04-22,2461.346
2009-04-23,2463.954
2009-04-24,2448.595
2009-04-27,2405.348
2009-04-28,2401.438
2009-04-29,2468.192
2009-04-30,2477.569
2009-05-04,2559.911
2009-05-05,2567.337
2009-05-06,2592.52
2009-05-07,2597.447
2009-05-08,2625.645
2009-05-11,2579.747
2009-05-12,2618.172
2009-05-13,2663.766
2009-05-14,2639.887
2009-05-15,2645.263
2009-05-18,2652.779
2009-05-19,2676.682
2009-05-20,2651.414
2009-05-21,2610.622
2009-05-22,2597.601
2009-05-25,2610.01
2009-05-26,2588.575
2009-05-27,2632.93
2009-06-01,2721.28
2009-06-02,2724.302
2009-06-03,2778.589
2009-06-04,2767.244
2009-06-05,2753.891
2009-06-08,2768.336
2009-06-09,2787.887
2009-06-10,2816.247
2009-06-11,2797.32
2009-06-12,2743.762
2009-06-15,2789.549
2009-06-16,2776.022
2009-06-17,2810.123
2009-06-18,2853.903
2009-06-19,2880.492
2009-06-22,2896.302
2009-06-23,2892.697
2009-06-24,2922.299
2009-06-25,2925.046
2009-06-26,2928.211
2009-06-29,2975.314
2009-06-30,2959.362
2009-07-01,3008.15
2009-07-02,3060.254
2009-07-03,3088.367
2009-07-06,3124.667
2009-07-07,3089.45
2009-07-08,3080.774
2009-07-09,3123.035
2009-07-10,3113.932
2009-07-13,3080.556
2009-07-14,3145.157
2009-07-15,3188.551
2009-07-16,3183.742
2009-07-17,3189.741
2009-07-20,3266.92
2009-07-21,3213.206
2009-07-22,3296.615
2009-07-23,3328.49
2009-07-24,3372.603
2009-07-27,3435.212
2009-07-28,3438.371
2009-07-29,3266.432
2009-07-30,3321.56
2009-07-31,3412.062
2009-08-03,3462.59
2009-08-04,3471.442
2009-08-05,3428.501
2009-08-06,3356.33
2009-08-07,3260.69
2009-08-10,3249.76
2009-08-11,3264.726
2009-08-12,3112.719
2009-08-13,3140.56
2009-08-14,3046.972
2009-08-17,2870.63
2009-08-18,2910.884
2009-08-19,2785.584
2009-08-20,2911.582
2009-08-21,2960.771
2009-08-24,2993.429
2009-08-25,2915.803
2009-08-26,2967.595
2009-08-27,2946.395
2009-08-28,2860.688
2009-08-31,2667.745
2009-09-01,2683.724
2009-09-02,2714.974
2009-09-03,2845.024
2009-09-04,2861.609
2009-09-07,2881.116
2009-09-08,2930.475
2009-09-09,2946.259
2009-09-10,2924.883
2009-09-11,2989.792
2009-09-14,3026.741
2009-09-15,3033.728
2009-09-16,2999.71
2009-09-17,3060.26
2009-09-18,2962.667
2009-09-21,2967.011
2009-09-22,2897.553
2009-09-23,2842.721
2009-09-24,2853.554
2009-09-25,2838.842
2009-09-28,2763.525
2009-09-29,2754.54
2009-09-30,2779.426
2009-10-09,2911.715
2009-10-12,2894.483
2009-10-13,2936.191
2009-10-14,2970.532
2009-10-15,2979.788
2009-10-16,2976.633
2009-10-19,3038.273
2009-10-20,3084.454
2009-10-21,3070.589
2009-10-22,3051.412
2009-10-23,3107.847
2009-10-26,3109.566
2009-10-27,3021.459
2009-10-28,3031.329
2009-10-29,2960.466
2009-10-30,2995.848
2009-11-02,3076.649
2009-11-03,3114.227
2009-11-04,3128.537
2009-11-05,3155.053
2009-11-06,3164.037
2009-11-09,3175.585
2009-11-10,3178.61
2009-11-11,3175.192
2009-11-12,3172.945
2009-11-13,3187.647
2009-11-16,3275.048
2009-11-17,3282.889
2009-11-18,3303.234
2009-11-19,3320.612
2009-11-20,3308.346
2009-11-23,3338.663
2009-11-24,3223.526
2009-11-25,3290.165
2009-11-26,3170.98
2009-11-27,3096.265
2009-11-30,3195.301
2009-12-01,3235.363
2009-12-02,3269.752
2009-12-03,3264.628
2009-12-04,3317.044
2009-12-07,3331.897
2009-12-08,3296.664
2009-12-09,3239.568
2009-12-10,3254.264
2009-12-11,3247.318
2009-12-14,3302.904
2009-12-15,3274.46
2009-12-16,3255.213
2009-12-17,3179.078
2009-12-18,3113.886
2009-12-21,3122.973
2009-12-22,3050.52
2009-12-23,3073.777
2009-12-24,3153.41
2009-12-25,3141.353
2009-12-28,3188.785
2009-12-29,3211.761
2009-12-30,3262.6
2009-12-31,3277.139
2010-01-04,3243.76
2010-01-05,3282.179
2010-01-06,3254.215
2010-01-07,3192.776
2010-01-08,3195.997
2010-01-11,3212.75
2010-01-12,3273.966
2010-01-13,3172.658
2010-01-14,3215.55
2010-01-15,3224.152
2010-01-18,3237.098
2010-01-19,3246.874
2010-01-20,3151.85
2010-01-21,3158.863
2010-01-22,3128.588
2010-01-25,3094.411
2010-01-26,3019.394
2010-01-27,2986.607
2010-01-28,2994.143
2010-01-29,2989.292
2010-02-01,2941.36
2010-02-02,2934.713
2010-02-03,3003.835
2010-02-04,2995.308
2010-02-05,2939.402
2010-02-08,2935.174
2010-02-09,2948.842
2010-02-10,2982.5
2010-02-11,2985.499
2010-02-12,3018.133
2010-02-22,3003.398
2010-02-23,2982.575
2010-02-24,3022.177
2010-02-25,3060.618
2010-02-26,3051.943
2010-03-01,3087.842
2010-03-02,3073.108
2010-03-03,3097.005
2010-03-04,3023.373
2010-03-05,3031.065
2010-03-08,3053.232
2010-03-09,3069.141
2010-03-10,3048.927
2010-03-11,3051.282
2010-03-12,3013.412
2010-03-15,2976.939
2010-03-16,2992.841
2010-03-17,3050.479
2010-03-18,3046.089
2010-03-19,3067.75
2010-03-22,3074.576
2010-03-23,3053.125
2010-03-24,3056.808
2010-03-25,3019.176
2010-03-26,3059.715
2010-03-29,3123.798
2010-03-30,3128.468
2010-03-31,3109.105
2010-04-01,3147.416
2010-04-02,3157.957
2010-04-06,3158.681
2010-04-07,3148.222
2010-04-08,3118.709
2010-04-09,3145.347
2010-04-12,3129.263
2010-04-13,3161.251
2010-04-14,3166.183
2010-04-15,3164.966
2010-04-16,3130.302
2010-04-19,2980.297
2010-04-20,2979.533
2010-04-21,3033.278
2010-04-22,2999.484
2010-04-23,2983.537
2010-04-26,2969.503
2010-04-27,2907.928
2010-04-28,2900.331
2010-04-29,2868.432
2010-04-30,2870.611
2010-05-04,2835.277
2010-05-05,2857.151
2010-05-06,2739.702
2010-05-07,2688.383
2010-05-10,2698.757
2010-05-11,2647.574
2010-05-12,2655.714
2010-05-13,2710.507
2010-05-14,2696.629
2010-05-17,2559.931
2010-05-18,2594.783
2010-05-19,2587.807
2010-05-20,2555.94
2010-05-21,2583.522
2010-05-24,2673.423
2010-05-25,2622.63
2010-05-26,2625.793
2010-05-27,2655.918
2010-05-28,2655.767
2010-05-31,2592.147
2010-06-01,2568.283
2010-06-02,2571.423
2010-06-03,2552.656
2010-06-04,2553.593
2010-06-07,2511.729
2010-06-08,2513.947
2010-06-09,2583.87
2010-06-10,2562.58
2010-06-11,2569.942
2010-06-17,2560.245
2010-06-18,2513.222
2010-06-21,2586.21
2010-06-22,2588.698
2010-06-23,2569.872
2010-06-24,2566.745
2010-06-25,2552.817
2010-06-28,2535.278
2010-06-29,2427.053
2010-06-30,2398.37
2010-07-01,2373.792
2010-07-02,2382.901
2010-07-05,2363.947
2010-07-06,2409.424
2010-07-07,2421.117
2010-07-08,2415.15
2010-07-09,2470.923
2010-07-12,2490.718
2010-07-13,2450.286
2010-07-14,2470.44
2010-07-15,2424.304
2010-07-16,2424.271
2010-07-19,2475.421
2010-07-20,2528.73
2010-07-21,2535.394
2010-07-22,2562.406
2010-07-23,2572.028
2010-07-26,2588.683
2010-07-27,2575.368
2010-07-28,2633.663
2010-07-29,2648.116
2010-07-30,2637.503
2010-08-02,2672.516
2010-08-03,2627.002
2010-08-04,2638.522
2010-08-05,2620.757
2010-08-06,2658.392
2010-08-09,2672.533
2010-08-10,2595.274
2010-08-11,2607.497
2010-08-12,2575.475
2010-08-13,2606.7
2010-08-16,2661.708
2010-08-17,2671.893
2010-08-18,2666.301
2010-08-19,2687.979
2010-08-20,2642.307
2010-08-23,2639.366
2010-08-24,2650.307
2010-08-25,2596.58
2010-08-26,2603.481
2010-08-27,2610.742
2010-08-30,2652.664
2010-08-31,2638.798
2010-09-01,2622.882
2010-09-02,2655.776
2010-09-03,2655.394
2010-09-06,2696.25
2010-09-07,2698.363
2010-09-08,2695.291
2010-09-09,2656.352
2010-09-10,2663.209
2010-09-13,2688.32
2010-09-14,2688.522
2010-09-15,2652.503
2010-09-16,2602.465
2010-09-17,2598.689
2010-09-20,2588.713
2010-09-21,2591.55
2010-09-27,2627.967
2010-09-28,2611.354
2010-09-29,2610.678
2010-09-30,2655.658
2010-10-08,2738.744
2010-10-11,2806.942
2010-10-12,2841.407
2010-10-13,2861.361
2010-10-14,2879.636
2010-10-15,2971.16
2010-10-18,2955.227
2010-10-19,3001.853
2010-10-20,3003.951
2010-10-21,2983.533
2010-10-22,2975.043
2010-10-25,3051.419
2010-10-26,3041.543
2010-10-27,2997.048
2010-10-28,2992.579
2010-10-29,2978.835
2010-11-01,3054.021
2010-11-02,3045.434
2010-11-03,3030.988
2010-11-04,3086.939
2010-11-05,3129.497
2010-11-08,3159.512
2010-11-09,3135.0
2010-11-10,3115.356
2010-11-11,3147.744
2010-11-12,2985.435
2010-11-15,3014.413
2010-11-16,2894.538
2010-11-17,2838.857
2010-11-18,2865.452
2010-11-19,2888.566
2010-11-22,2884.371
2010-11-23,2828.282
2010-11-24,2859.936
2010-11-25,2898.261
2010-11-26,2871.698
2010-11-29,2866.356
2010-11-30,2820.181
2010-12-01,2823.449
2010-12-02,2843.607
2010-12-03,2842.431
2010-12-06,2857.178
2010-12-07,2875.861
2010-12-08,2848.546
2010-12-09,2810.949
2010-12-10,2841.04
2010-12-13,2922.954
2010-12-14,2927.077
2010-12-15,2911.414
2010-12-16,2898.138
2010-12-17,2893.74
2010-12-20,2852.916
2010-12-21,2904.115
2010-12-22,2877.9
2010-12-23,2855.22
2010-12-24,2835.157
2010-12-27,2781.402
2010-12-28,2732.99
2010-12-29,2751.527
2010-12-30,2759.575
2010-12-31,2808.077
2011-01-04,2852.648
2011-01-05,2838.593
2011-01-06,2824.197
2011-01-07,2838.801
2011-01-10,2791.809
2011-01-11,2804.047
2011-01-12,2821.305
2011-01-13,2827.713
2011-01-14,2791.344
2011-01-17,2706.66
2011-01-18,2708.979
2011-01-19,2758.097
2011-01-20,2677.652
2011-01-21,2715.294
2011-01-24,2695.72
2011-01-25,2677.432
2011-01-26,2708.814
2011-01-27,2749.15
2011-01-28,2752.75
2011-01-31,2790.694
2011-02-01,2798.96
2011-02-09,2774.065
2011-02-10,2818.163
2011-02-11,2827.328
2011-02-14,2899.134
2011-02-15,2899.237
2011-02-16,2923.896
2011-02-17,2926.964
2011-02-18,2899.792
2011-02-21,2932.246
2011-02-22,2855.516
2011-02-23,2862.634
2011-02-24,2878.603
2011-02-25,2878.565
2011-02-28,2905.053
2011-03-01,2918.92
2011-03-02,2913.808
2011-03-03,2902.978
2011-03-04,2942.306
2011-03-07,2996.211
2011-03-08,2999.942
2011-03-09,3002.154
2011-03-10,2957.143
2011-03-11,2933.796
2011-03-14,2937.627
2011-03-15,2896.256
2011-03-16,2930.804
2011-03-17,2897.298
2011-03-18,2906.886
2011-03-21,2909.137
2011-03-22,2919.142
2011-03-23,2948.477
2011-03-24,2946.706
2011-03-25,2977.814
2011-03-28,2984.005
2011-03-29,2958.077
2011-03-30,2955.771
2011-03-31,2928.111
2011-04-01,2967.41
2011-04-06,3001.36
2011-04-07,3007.909
2011-04-08,3030.021
2011-04-11,3022.746
2011-04-12,3021.369
2011-04-13,3050.398
2011-04-14,3042.635
2011-04-15,3050.526
2011-04-18,3057.329
2011-04-19,2999.041
2011-04-20,3007.037
2011-04-21,3026.668
2011-04-22,3010.517
2011-04-25,2964.951
2011-04-26,2938.981
2011-04-27,2925.408
2011-04-28,2887.044
2011-04-29,2911.511
2011-05-03,2932.188
2011-05-04,2866.017
2011-05-05,2872.404
2011-05-06,2863.886
2011-05-09,2872.46
2011-05-10,2890.634
2011-05-11,2883.42
2011-05-12,2844.083
2011-05-13,2871.031
2011-05-16,2849.067
2011-05-17,2852.773
2011-05-18,2872.771
2011-05-19,2859.574
2011-05-20,2858.459
2011-05-23,2774.569
2011-05-24,2767.056
2011-05-25,2741.741
2011-05-26,2736.527
2011-05-27,2709.947
2011-05-30,2706.361
2011-05-31,2743.472
2011-06-01,2743.572
2011-06-02,2705.181
2011-06-03,2728.02
2011-06-07,2744.3
2011-06-08,2750.288
2011-06-09,2703.345
2011-06-10,2705.143
2011-06-13,2700.379
2011-06-14,2730.04
2011-06-15,2705.431
2011-06-16,2664.283
2011-06-17,2642.818
2011-06-20,2621.253
2011-06-21,2646.483
2011-06-22,2649.321
2011-06-23,2688.249
2011-06-24,2746.211
2011-06-27,2758.23
2011-06-28,2759.202
2011-06-29,2728.483
2011-06-30,2762.076
2011-07-01,2759.362
2011-07-04,2812.818
2011-07-05,2816.355
2011-07-06,2810.479
2011-07-07,2794.267
2011-07-08,2797.774
2011-07-11,2802.692
2011-07-12,2754.582
2011-07-13,2795.476
2011-07-14,2810.444
2011-07-15,2820.169
2011-07-18,2816.688
2011-07-19,2796.983
2011-07-20,2794.205
2011-07-21,2765.894
2011-07-22,2770.79
2011-07-25,2688.746
2011-07-26,2703.026
2011-07-27,2723.492
2011-07-28,2708.777
2011-07-29,2701.729
2011-08-01,2703.783
2011-08-02,2679.259
2011-08-03,2678.485
2011-08-04,2684.039
2011-08-05,2626.423
2011-08-08,2526.816
2011-08-09,2526.07
2011-08-10,2549.176
2011-08-11,2581.508
2011-08-12,2593.173
2011-08-15,2626.77
2011-08-16,2608.166
2011-08-17,2601.261
2011-08-18,2559.472
2011-08-19,2534.358
2011-08-22,2515.863
2011-08-23,2554.019
2011-08-24,2541.091
2011-08-25,2615.261
2011-08-26,2612.188
2011-08-29,2576.413
2011-08-30,2566.595
2011-08-31,2567.34
2011-09-01,2556.042
2011-09-02,2528.28
2011-09-05,2478.739
2011-09-06,2470.524
2011-09-07,2516.09
2011-09-08,2498.943
2011-09-09,2497.753
2011-09-13,2471.305
2011-09-14,2484.827
2011-09-15,2479.055
2011-09-16,2482.343
2011-09-19,2437.795
2011-09-20,2447.755
2011-09-21,2512.963
2011-09-22,2443.057
2011-09-23,2433.159
2011-09-26,2393.183
2011-09-27,2415.054
2011-09-28,2392.062
2011-09-29,2365.343
2011-09-30,2359.22
2011-10-10,2344.787
2011-10-11,2348.516
2011-10-12,2420.0
2011-10-13,2438.79
2011-10-14,2431.375
2011-10-17,2440.402
2011-10-18,2383.485
2011-10-19,2377.512
2011-10-20,2331.366
2011-10-21,2317.275
2011-10-24,2370.333
2011-10-25,2409.672
2011-10-26,2427.48
2011-10-27,2435.614
2011-10-28,2473.41
2011-10-31,2468.25
2011-11-01,2470.019
2011-11-02,2504.108
2011-11-03,2508.09
2011-11-04,2528.294
2011-11-07,2509.799
2011-11-08,2503.836
2011-11-09,2524.919
2011-11-10,2479.536
2011-11-11,2481.084
2011-11-14,2528.714
2011-11-15,2529.761
2011-11-16,2466.959
2011-11-17,2463.046
2011-11-18,2416.562
2011-11-21,2415.13
2011-11-22,2412.625
2011-11-23,2395.065
2011-11-24,2397.554
2011-11-25,2380.224
2011-11-28,2383.034
2011-11-29,2412.393
2011-11-30,2333.414
2011-12-01,2386.86
2011-12-02,2360.664
2011-12-05,2333.229
2011-12-06,2325.905
2011-12-07,2332.73
2011-12-08,2329.82
2011-12-09,2315.27
2011-12-12,2291.545
2011-12-13,2248.59
2011-12-14,2228.525
2011-12-15,2180.895
2011-12-16,2224.84
2011-12-19,2218.235
2011-12-20,2215.93
2011-12-21,2191.148
2011-12-22,2186.297
2011-12-23,2204.784
2011-12-26,2190.11
2011-12-27,2166.205
2011-12-28,2170.013
2011-12-29,2173.561
2011-12-30,2199.417
2012-01-04,2169.39
2012-01-05,2148.452
2012-01-06,2163.395
2012-01-09,2225.89
2012-01-10,2285.744
2012-01-11,2276.046
2012-01-12,2275.01
2012-01-13,2244.58
2012-01-16,2206.193
2012-01-17,2298.376
2012-01-18,2266.384
2012-01-19,2296.075
2012-01-20,2319.118
2012-01-30,2285.038
2012-01-31,2292.61
2012-02-01,2268.08
2012-02-02,2312.556
2012-02-03,2330.405
2012-02-06,2331.136
2012-02-07,2291.902
2012-02-08,2347.53
2012-02-09,2349.589
2012-02-10,2351.981
2012-02-13,2351.855
2012-02-14,2344.771
2012-02-15,2366.702
2012-02-16,2356.86
2012-02-17,2357.181
2012-02-20,2363.597
2012-02-21,2381.43
2012-02-22,2403.587
2012-02-23,2409.554
2012-02-24,2439.628
2012-02-27,2447.057
2012-02-28,2451.857
2012-02-29,2428.487
2012-03-01,2426.115
2012-03-02,2460.693
2012-03-05,2445.002
2012-03-06,2410.445
2012-03-07,2394.794
2012-03-08,2420.276
2012-03-09,2439.462
2012-03-12,2434.859
2012-03-13,2455.795
2012-03-14,2391.23
2012-03-15,2373.774
2012-03-16,2404.736
2012-03-19,2410.184
2012-03-20,2376.839
2012-03-21,2378.195
2012-03-22,2375.772
2012-03-23,2349.539
2012-03-26,2350.599
2012-03-27,2347.179
2012-03-28,2284.881
2012-03-29,2252.16
2012-03-30,2262.788
2012-04-05,2302.241
2012-04-06,2306.553
2012-04-09,2285.777
2012-04-10,2305.863
2012-04-11,2308.925
2012-04-12,2350.864
2012-04-13,2359.161
2012-04-16,2357.026
2012-04-17,2334.985
2012-04-18,2380.848
2012-04-19,2378.634
2012-04-20,2406.863
2012-04-23,2388.588
2012-04-24,2388.834
2012-04-25,2406.813
2012-04-26,2404.697
2012-04-27,2396.316
2012-05-02,2438.436
2012-05-03,2440.08
2012-05-04,2452.014
2012-05-07,2451.947
2012-05-08,2448.884
2012-05-09,2408.587
2012-05-10,2410.23
2012-05-11,2394.983
2012-05-14,2380.725
2012-05-15,2374.843
2012-05-16,2346.192
2012-05-17,2378.886
2012-05-18,2344.52
2012-05-21,2348.3
2012-05-22,2373.307
2012-05-23,2363.437
2012-05-24,2350.973
2012-05-25,2333.553
2012-05-28,2361.367
2012-05-29,2389.636
2012-05-30,2384.668
2012-05-31,2372.234
2012-06-01,2373.436
2012-06-04,2308.55
2012-06-05,2311.916
2012-06-06,2309.555
2012-06-07,2293.13
2012-06-08,2281.447
2012-06-11,2305.856
2012-06-12,2289.791
2012-06-13,2318.924
2012-06-14,2295.946
2012-06-15,2306.85
2012-06-18,2316.052
2012-06-19,2300.795
2012-06-20,2292.877
2012-06-21,2260.877
2012-06-25,2224.114
2012-06-26,2222.067
2012-06-27,2216.934
2012-06-28,2195.843
2012-06-29,2225.431
2012-07-02,2226.11
2012-07-03,2229.193
2012-07-04,2227.315
2012-07-05,2201.353
2012-07-06,2223.579
2012-07-09,2170.814
2012-07-10,2164.437
2012-07-11,2175.383
2012-07-12,2185.491
2012-07-13,2185.895
2012-07-16,2147.955
2012-07-17,2161.186
2012-07-18,2169.099
2012-07-19,2184.841
2012-07-20,2168.638
2012-07-23,2141.402
2012-07-24,2146.589
2012-07-25,2136.151
2012-07-26,2126.004
2012-07-27,2128.765
2012-07-30,2109.914
2012-07-31,2103.634
2012-08-01,2123.36
2012-08-02,2111.182
2012-08-03,2132.796
2012-08-06,2154.916
2012-08-07,2157.62
2012-08-08,2160.99
2012-08-09,2174.102
2012-08-10,2168.814
2012-08-13,2136.078
2012-08-14,2142.525
2012-08-15,2118.945
2012-08-16,2112.197
2012-08-17,2114.891
2012-08-20,2106.957
2012-08-21,2118.268
2012-08-22,2107.711
2012-08-23,2113.072
2012-08-24,2092.104
2012-08-27,2055.708
2012-08-28,2073.154
2012-08-29,2053.235
2012-08-30,2052.585
2012-08-31,2047.522
2012-09-03,2059.147
2012-09-04,2043.649
2012-09-05,2037.681
2012-09-06,2051.918
2012-09-07,2127.762
2012-09-10,2134.893
2012-09-11,2120.554
2012-09-12,2126.554
2012-09-13,2110.379
2012-09-14,2123.847
2012-09-17,2078.5
2012-09-18,2059.543
2012-09-19,2067.831
2012-09-20,2024.837
2012-09-21,2026.69
2012-09-24,2033.192
2012-09-25,2029.293
2012-09-26,2004.172
2012-09-27,2056.323
2012-09-28,2086.169
2012-10-08,2074.419
2012-10-09,2115.23
2012-10-10,2119.942
2012-10-11,2102.868
2012-10-12,2104.932
2012-10-15,2098.703
2012-10-16,2098.808
2012-10-17,2105.618
2012-10-18,2131.688
2012-10-19,2128.302
2012-10-22,2132.758
2012-10-23,2114.447
2012-10-24,2115.99
2012-10-25,2101.58
2012-10-26,2066.209
2012-10-29,2058.943
2012-10-30,2062.347
2012-10-31,2068.88
2012-11-01,2104.428
2012-11-02,2117.046
2012-11-05,2114.027
2012-11-06,2105.999
2012-11-07,2105.73
2012-11-08,2071.509
2012-11-09,2069.067
2012-11-12,2079.274
2012-11-13,2047.889
2012-11-14,2055.419
2012-11-15,2030.29
2012-11-16,2014.725
2012-11-19,2016.982
2012-11-20,2008.923
2012-11-21,2030.319
2012-11-22,2015.611
2012-11-23,2027.384
2012-11-26,2017.464
2012-11-27,1991.165
2012-11-28,1973.523
2012-11-29,1963.488
2012-11-30,1980.117
2012-12-03,1959.767
2012-12-04,1975.143
2012-12-05,2031.907
2012-12-06,2029.237
2012-12-07,2061.786
2012-12-10,2083.77
2012-12-11,2074.704
2012-12-12,2082.726
2012-12-13,2061.476
2012-12-14,2150.625
2012-12-17,2160.342
2012-12-18,2162.464
2012-12-19,2162.239
2012-12-20,2168.353
2012-12-21,2153.31
2012-12-24,2159.053
2012-12-25,2213.611
2012-12-26,2219.132
2012-12-27,2205.897
2012-12-28,2233.252
2012-12-31,2269.128
2013-01-04,2276.992
2013-01-07,2285.364
2013-01-08,2276.07
2013-01-09,2275.34
2013-01-10,2283.658
2013-01-11,2242.997
2013-01-14,2311.74
2013-01-15,2325.682
2013-01-16,2309.499
2013-01-17,2284.909
2013-01-18,2317.07
2013-01-21,2328.221
2013-01-22,2315.139
2013-01-23,2320.911
2013-01-24,2302.598
2013-01-25,2291.304
2013-01-28,2346.505
2013-01-29,2358.977
2013-01-30,2382.475
2013-01-31,2385.422
2013-02-01,2419.02
2013-02-04,2428.154
2013-02-05,2433.13
2013-02-06,2434.477
2013-02-07,2418.53
2013-02-08,2432.402
2013-02-18,2421.558
2013-02-19,2382.914
2013-02-20,2397.178
2013-02-21,2325.951
2013-02-22,2314.164
2013-02-25,2325.819
2013-02-26,2293.341
2013-02-27,2313.22
2013-02-28,2365.593
2013-03-01,2359.506
2013-03-04,2273.404
2013-03-05,2326.306
2013-03-06,2347.179
2013-03-07,2324.293
2013-03-08,2318.611
2013-03-11,2310.593
2013-03-12,2286.605
2013-03-13,2263.968
2013-03-14,2270.277
2013-03-15,2278.401
2013-03-18,2240.016
2013-03-19,2257.434
2013-03-20,2317.374
2013-03-21,2324.242
2013-03-22,2328.278
2013-03-25,2326.715
2013-03-26,2297.669
2013-03-27,2301.259
2013-03-28,2236.302
2013-03-29,2236.621
2013-04-01,2234.395
2013-04-02,2227.74
2013-04-03,2225.295
2013-04-08,2211.592
2013-04-09,2225.775
2013-04-10,2226.126
2013-04-11,2219.553
2013-04-12,2206.78
2013-04-15,2181.942
2013-04-16,2194.846
2013-04-17,2193.796
2013-04-18,2197.602
2013-04-19,2244.643
2013-04-22,2242.169
2013-04-23,2184.538
2013-04-24,2218.318
2013-04-25,2199.307
2013-04-26,2177.912
2013-05-02,2174.123
2013-05-03,2205.497
2013-05-06,2231.166
2013-05-07,2235.575
2013-05-08,2246.3
2013-05-09,2232.971
2013-05-10,2246.831
2013-05-13,2241.92
2013-05-14,2217.01
2013-05-15,2224.797
2013-05-16,2251.806
2013-05-17,2282.87
2013-05-20,2299.986
2013-05-21,2305.114
2013-05-22,2302.403
2013-05-23,2275.667
2013-05-24,2288.533
2013-05-27,2293.077
2013-05-28,2321.318
2013-05-29,2324.017
2013-05-30,2317.749
2013-05-31,2300.595
2013-06-03,2299.252
2013-06-04,2272.416
2013-06-05,2270.931
2013-06-06,2242.11
2013-06-07,2210.898
2013-06-13,2148.355
2013-06-14,2162.041
2013-06-17,2156.215
2013-06-18,2159.291
2013-06-19,2143.454
2013-06-20,2084.021
2013-06-21,2073.095
2013-06-24,1963.235
2013-06-25,1959.508
2013-06-26,1951.495
2013-06-27,1950.013
2013-06-28,1979.206
2013-07-01,1995.242
2013-07-02,2006.56
2013-07-03,1994.268
2013-07-04,2006.098
2013-07-05,2007.199
2013-07-08,1958.273
2013-07-09,1965.454
2013-07-10,2008.126
2013-07-11,2072.991
2013-07-12,2039.486
2013-07-15,2059.39
2013-07-16,2065.72
2013-07-17,2044.922
2013-07-18,2023.396
2013-07-19,1992.648
2013-07-22,2004.762
2013-07-23,2043.876
2013-07-24,2033.329
2013-07-25,2021.174
2013-07-26,2010.85
2013-07-29,1976.306
2013-07-30,1990.064
2013-07-31,1993.799
2013-08-01,2029.067
2013-08-02,2029.418
2013-08-05,2050.481
2013-08-06,2060.5
2013-08-07,2046.778
2013-08-08,2044.895
2013-08-09,2052.235
2013-08-12,2101.283
2013-08-13,2106.156
2013-08-14,2100.137
2013-08-15,2081.88
2013-08-16,2068.452
2013-08-19,2085.602
2013-08-20,2072.595
2013-08-21,2072.961
2013-08-22,2067.124
2013-08-23,2057.458
2013-08-26,2096.474
2013-08-27,2103.567
2013-08-28,2101.301
2013-08-29,2097.227
2013-08-30,2098.382
2013-09-02,2098.448
2013-09-03,2123.112
2013-09-04,2127.618
2013-09-05,2122.43
2013-09-06,2139.993
2013-09-09,2212.516
2013-09-10,2237.984
2013-09-11,2241.268
2013-09-12,2255.605
2013-09-13,2236.217
2013-09-16,2231.401
2013-09-17,2185.56
2013-09-18,2191.851
2013-09-23,2221.044
2013-09-24,2207.531
2013-09-25,2198.515
2013-09-26,2155.809
2013-09-27,2160.027
2013-09-30,2174.665
2013-10-08,2198.199
2013-10-09,2211.769
2013-10-10,2190.929
2013-10-11,2228.146
2013-10-14,2237.773
2013-10-15,2233.412
2013-10-16,2193.074
2013-10-17,2188.542
2013-10-18,2193.78
2013-10-21,2229.237
2013-10-22,2210.652
2013-10-23,2183.107
2013-10-24,2164.322
2013-10-25,2132.955
2013-10-28,2133.869
2013-10-29,2128.864
2013-10-30,2160.463
2013-10-31,2141.614
2013-11-01,2149.562
2013-11-04,2149.634
2013-11-05,2157.24
2013-11-06,2139.607
2013-11-07,2129.4
2013-11-08,2106.127
2013-11-11,2109.471
2013-11-12,2126.772
2013-11-13,2087.941
2013-11-14,2100.506
2013-11-15,2135.827
2013-11-18,2197.219
2013-11-19,2193.125
2013-11-20,2206.613
2013-11-21,2205.766
2013-11-22,2196.378
2013-11-25,2186.115
2013-11-26,2183.073
2013-11-27,2201.07
2013-11-28,2219.372
2013-11-29,2220.504
2013-12-02,2207.371
2013-12-03,2222.67
2013-12-04,2251.762
2013-12-05,2247.063
2013-12-06,2237.108
2013-12-09,2238.2
2013-12-10,2237.492
2013-12-11,2204.166
2013-12-12,2202.796
2013-12-13,2196.075
2013-12-16,2160.861
2013-12-17,2151.079
2013-12-18,2148.285
2013-12-19,2127.792
2013-12-20,2084.794
2013-12-23,2089.707
2013-12-24,2092.905
2013-12-25,2106.354
2013-12-26,2073.099
2013-12-27,2101.251
2013-12-30,2097.529
2013-12-31,2115.978
2014-01-02,2109.387
2014-01-03,2083.136
2014-01-06,2045.709
2014-01-07,2047.317
2014-01-08,2044.34
2014-01-09,2027.622
2014-01-10,2013.298
2014-01-13,2009.564
2014-01-14,2026.842
2014-01-15,2023.348
2014-01-16,2023.701
2014-01-17,2004.949
2014-01-20,1991.253
2014-01-21,2008.313
2014-01-22,2051.749
2014-01-23,2042.18
2014-01-24,2054.392
2014-01-27,2033.3
2014-01-28,2038.513
2014-01-29,2049.914
2014-01-30,2033.083
2014-02-07,2044.497
2014-02-10,2086.067
2014-02-11,2103.671
2014-02-12,2109.955
2014-02-13,2098.401
2014-02-14,2115.848
2014-02-17,2135.415
2014-02-18,2119.066
2014-02-19,2142.554
2014-02-20,2138.782
2014-02-21,2113.693
2014-02-24,2076.686
2014-02-25,2034.219
2014-02-26,2041.254
2014-02-27,2047.354
2014-02-28,2056.302
2014-03-03,2075.235
2014-03-04,2071.473
2014-03-05,2053.084
2014-03-06,2059.578
2014-03-07,2057.908
2014-03-10,1999.065
2014-03-11,2001.157
2014-03-12,1997.692
2014-03-13,2019.111
2014-03-14,2004.339
2014-03-17,2023.673
2014-03-18,2025.196
2014-03-19,2021.734
2014-03-20,1993.479
2014-03-21,2047.619
2014-03-24,2066.279
2014-03-25,2067.311
2014-03-26,2063.67
2014-03-27,2046.588
2014-03-28,2041.712
2014-03-31,2033.306
2014-04-01,2047.46
2014-04-02,2058.988
2014-04-03,2043.702
2014-04-04,2058.831
2014-04-08,2098.284
2014-04-09,2105.237
2014-04-10,2134.3
2014-04-11,2130.542
2014-04-14,2131.539
2014-04-15,2101.601
2014-04-16,2105.122
2014-04-17,2098.885
2014-04-18,2097.748
2014-04-21,2065.826
2014-04-22,2072.831
2014-04-23,2067.382
2014-04-24,2057.033
2014-04-25,2036.519
2014-04-28,2003.487
2014-04-29,2020.341
2014-04-30,2026.358
2014-05-05,2027.353
2014-05-06,2028.038
2014-05-07,2010.083
2014-05-08,2015.274
2014-05-09,2011.135
2014-05-12,2052.871
2014-05-13,2050.728
2014-05-14,2047.91
2014-05-15,2024.974
2014-05-16,2026.504
2014-05-19,2005.183
2014-05-20,2008.119
2014-05-21,2024.951
2014-05-22,2021.285
2014-05-23,2034.569
2014-05-26,2041.476
2014-05-27,2034.565
2014-05-28,2050.228
2014-05-29,2040.595
2014-05-30,2039.212
2014-06-03,2038.305
2014-06-04,2024.834
2014-06-05,2040.878
2014-06-06,2029.956
2014-06-09,2030.502
2014-06-10,2052.532
2014-06-11,2054.948
2014-06-12,2051.713
2014-06-13,2070.715
2014-06-16,2085.983
2014-06-17,2066.698
2014-06-18,2055.519
2014-06-19,2023.735
2014-06-20,2026.674
2014-06-23,2024.365
2014-06-24,2033.931
2014-06-25,2025.502
2014-06-26,2038.677
2014-06-27,2036.51
2014-06-30,2048.327
2014-07-01,2050.381
2014-07-02,2059.418
2014-07-03,2063.229
2014-07-04,2059.375
2014-07-07,2059.927
2014-07-08,2064.021
2014-07-09,2038.612
2014-07-10,2038.342
2014-07-11,2046.961
2014-07-14,2066.646
2014-07-15,2070.357
2014-07-16,2067.276
2014-07-17,2055.591
2014-07-18,2059.067
2014-07-21,2054.479
2014-07-22,2075.481
2014-07-23,2078.489
2014-07-24,2105.062
2014-07-25,2126.614
2014-07-28,2177.948
2014-07-29,2183.192
2014-07-30,2181.243
2014-07-31,2201.562
2014-08-01,2185.303
2014-08-04,2223.331
2014-08-05,2219.945
2014-08-06,2217.465
2014-08-07,2187.669
2014-08-08,2194.425
2014-08-11,2224.654
2014-08-12,2221.595
2014-08-13,2222.877
2014-08-14,2206.466
2014-08-15,2226.734
2014-08-18,2239.466
2014-08-19,2245.33
2014-08-20,2240.211
2014-08-21,2230.458
2014-08-22,2240.812
2014-08-25,2229.274
2014-08-26,2207.106
2014-08-27,2209.465
2014-08-28,2195.818
2014-08-29,2217.2
2014-09-01,2235.511
2014-09-02,2266.046
2014-09-03,2288.627
2014-09-04,2306.862
2014-09-05,2326.432
2014-09-09,2326.527
2014-09-10,2318.305
2014-09-11,2311.679
2014-09-12,2331.95
2014-09-15,2339.14
2014-09-16,2296.555
2014-09-17,2307.893
2014-09-18,2315.928
2014-09-19,2329.451
2014-09-22,2289.866
2014-09-23,2309.718
2014-09-24,2343.575
2014-09-25,2345.103
2014-09-26,2347.718
2014-09-29,2357.711
2014-09-30,2363.87
2014-10-08,2382.794
2014-10-09,2389.371
2014-10-10,2374.54
2014-10-13,2366.009
2014-10-14,2359.475
2014-10-15,2373.67
2014-10-16,2356.499
2014-10-17,2341.184
2014-10-20,2356.728
2014-10-21,2339.657
2014-10-22,2326.553
2014-10-23,2302.418
2014-10-24,2302.28
2014-10-27,2290.437
2014-10-28,2337.871
2014-10-29,2373.03
2014-10-30,2391.076
2014-10-31,2420.178
2014-11-03,2430.032
2014-11-04,2430.677
2014-11-05,2419.254
2014-11-06,2425.864
2014-11-07,2418.171
2014-11-10,2473.673
2014-11-11,2469.673
2014-11-12,2494.476
2014-11-13,2485.606
2014-11-14,2478.824
2014-11-17,2474.009
2014-11-18,2456.366
2014-11-19,2450.986
2014-11-20,2452.66
2014-11-21,2486.791
2014-11-24,2532.879
2014-11-25,2567.597
2014-11-26,2604.345
2014-11-27,2630.486
2014-11-28,2682.835
2014-12-01,2680.155
2014-12-02,2763.545
2014-12-03,2779.525
2014-12-04,2899.456
2014-12-05,2937.647
2014-12-08,3020.258
2014-12-09,2856.269
2014-12-10,2940.006
2014-12-11,2925.743
2014-12-12,2938.173
2014-12-15,2953.421
2014-12-16,3021.518
2014-12-17,3061.02
2014-12-18,3057.521
2014-12-19,3108.596
2014-12-22,3127.445
2014-12-23,3032.612
2014-12-24,2972.532
2014-12-25,3072.536
2014-12-26,3157.603
2014-12-29,3168.016
2014-12-30,3165.815
2014-12-31,3234.677
2015-01-05,3350.519
2015-01-06,3351.446
2015-01-07,3373.954
2015-01-08,3293.456
2015-01-09,3285.412
2015-01-12,3229.316
2015-01-13,3235.301
2015-01-14,3222.437
2015-01-15,3336.455
2015-01-16,3376.495
2015-01-19,3116.351
2015-01-20,3173.052
2015-01-21,3323.611
2015-01-22,3343.344
2015-01-23,3351.764
2015-01-26,3383.182
2015-01-27,3352.96
2015-01-28,3305.738
2015-01-29,3262.305
2015-01-30,3210.363
2015-02-02,3128.3
2015-02-03,3204.907
2015-02-04,3174.126
2015-02-05,3136.531
2015-02-06,3075.907
2015-02-09,3095.124
2015-02-10,3141.593
2015-02-11,3157.704
2015-02-12,3173.416
2015-02-13,3203.827
2015-02-16,3222.363
2015-02-17,3246.906
2015-02-25,3228.843
2015-02-26,3298.359
2015-02-27,3310.303
2015-03-02,3336.285
2015-03-03,3263.052
2015-03-04,3279.533
2015-03-05,3248.476
2015-03-06,3241.187
2015-03-09,3302.408
2015-03-10,3286.068
2015-03-11,3290.9
2015-03-12,3349.323
2015-03-13,3372.911
2015-03-16,3449.305
2015-03-17,3502.847
2015-03-18,3577.301
2015-03-19,3582.271
2015-03-20,3617.318
2015-03-23,3687.728
2015-03-24,3691.41
2015-03-25,3660.727
2015-03-26,3682.095
2015-03-27,3691.096
2015-03-30,3786.568
2015-03-31,3747.899
2015-04-01,3810.294
2015-04-02,3825.784
2015-04-03,3863.929
2015-04-07,3961.378
2015-04-08,3994.811
2015-04-09,3957.534
2015-04-10,4034.31
2015-04-13,4121.715
2015-04-14,4135.565
2015-04-15,4084.163
2015-04-16,4194.823
2015-04-17,4287.296
2015-04-20,4217.077
2015-04-21,4293.623
2015-04-22,4398.494
2015-04-23,4414.508
2015-04-24,4393.686
2015-04-27,4527.396
2015-04-28,4476.215
2015-04-29,4476.62
2015-04-30,4441.655
2015-05-04,4480.464
2015-05-05,4298.706
2015-05-06,4229.266
2015-05-07,4112.214
2015-05-08,4205.917
2015-05-11,4333.584
2015-05-12,4401.219
2015-05-13,4375.76
2015-05-14,4378.311
2015-05-15,4308.691
2015-05-18,4283.491
2015-05-19,4417.552
2015-05-20,4446.288
2015-05-21,4529.422
2015-05-22,4657.596
2015-05-25,4813.798
2015-05-26,4910.897
2015-05-27,4941.714
2015-05-28,4620.266
2015-05-29,4611.744
2015-06-01,4828.738
2015-06-02,4910.527
2015-06-03,4909.978
2015-06-04,4947.102
2015-06-05,5023.096
2015-06-08,5131.881
2015-06-09,5113.534
2015-06-10,5106.036
2015-06-11,5121.593
2015-06-12,5166.35
2015-06-15,5062.993
2015-06-16,4887.432
2015-06-17,4967.898
2015-06-18,4785.356
2015-06-19,4478.364
2015-06-23,4576.492
2015-06-24,4690.15
2015-06-25,4527.779
2015-06-26,4192.873
2015-06-29,4053.03
2015-06-30,4277.222
2015-07-01,4053.7
2015-07-02,3912.767
2015-07-03,3686.915
2015-07-06,3775.912
2015-07-07,3727.125
2015-07-08,3507.192
2015-07-09,3709.33
2015-07-10,3877.803
2015-07-13,3970.388
2015-07-14,3924.487
2015-07-15,3805.703
2015-07-16,3823.176
2015-07-17,3957.352
2015-07-20,3992.11
2015-07-21,4017.675
2015-07-22,4026.045
2015-07-23,4123.923
2015-07-24,4070.908
2015-07-27,3725.558
2015-07-28,3663.002
2015-07-29,3789.168
2015-07-30,3705.766
2015-07-31,3663.726
2015-08-03,3622.905
2015-08-04,3756.545
2015-08-05,3694.573
2015-08-06,3661.539
2015-08-07,3744.205
2015-08-10,3928.415
2015-08-11,3927.908
2015-08-12,3886.32
2015-08-13,3954.556
2015-08-14,3965.335
2015-08-17,3993.668
2015-08-18,3748.164
2015-08-19,3794.109
2015-08-20,3664.291
2015-08-21,3507.744
2015-08-24,3209.905
2015-08-25,2964.967
2015-08-26,2927.288
2015-08-27,3083.591
2015-08-28,3232.35
2015-08-31,3205.986
2015-09-01,3166.624
2015-09-02,3160.167
2015-09-07,3080.42
2015-09-08,3170.452
2015-09-09,3243.089
2015-09-10,3197.893
2015-09-11,3200.234
2015-09-14,3114.798
2015-09-15,3005.172
2015-09-16,3152.263
2015-09-17,3086.061
2015-09-18,3097.917
2015-09-21,3156.54
2015-09-22,3185.619
2015-09-23,3115.888
2015-09-24,3142.687
2015-09-25,3092.347
2015-09-28,3100.756
2015-09-29,3038.137
2015-09-30,3052.781
2015-10-08,3143.357
2015-10-09,3183.152
2015-10-12,3287.662
2015-10-13,3293.23
2015-10-14,3262.441
2015-10-15,3338.073
2015-10-16,3391.352
2015-10-19,3386.7
2015-10-20,3425.33
2015-10-21,3320.676
2015-10-22,3368.739
2015-10-23,3412.434
2015-10-26,3429.581
2015-10-27,3434.336
2015-10-28,3375.196
2015-10-29,3387.315
2015-10-30,3382.561
2015-11-02,3325.085
2015-11-03,3316.695
2015-11-04,3459.64
2015-11-05,3522.819
2015-11-06,3590.032
2015-11-09,3646.881
2015-11-10,3640.485
2015-11-11,3650.249
2015-11-12,3632.902
2015-11-13,3580.839
2015-11-16,3606.957
2015-11-17,3604.795
2015-11-18,3568.468
2015-11-19,3617.062
2015-11-20,3630.5
2015-11-23,3610.315
2015-11-24,3616.113
2015-11-25,3647.93
2015-11-26,3635.552
2015-11-27,3436.303
2015-11-30,3445.405
2015-12-01,3456.309
2015-12-02,3536.905
2015-12-03,3584.824
2015-12-04,3524.992
2015-12-07,3536.927
2015-12-08,3470.07
2015-12-09,3472.439
2015-12-10,3455.495
2015-12-11,3434.581
2015-12-14,3520.668
2015-12-15,3510.354
2015-12-16,3516.187
2015-12-17,3579.999
2015-12-18,3578.964
2015-12-21,3642.472
2015-12-22,3651.767
2015-12-23,3636.089
2015-12-24,3612.485
2015-12-25,3627.914
2015-12-28,3533.779
2015-12-29,3563.736
2015-12-30,3572.876
2015-12-31,3539.182
2016-01-04,3296.258
2016-01-05,3287.711
2016-01-06,3361.84
2016-01-07,3125.002
2016-01-08,3186.412
2016-01-11,3016.704
2016-01-12,3022.861
2016-01-13,2949.597
2016-01-14,3007.649
2016-01-15,2900.97
2016-01-18,2913.837
2016-01-19,3007.739
2016-01-20,2976.694
2016-01-21,2880.482
2016-01-22,2916.562
2016-01-25,2938.515
2016-01-26,2749.785
2016-01-27,2735.558
2016-01-28,2655.661
2016-01-29,2737.6
2016-02-01,2688.854
2016-02-02,2749.57
2016-02-03,2739.247
2016-02-04,2781.023
2016-02-05,2763.492
2016-02-15,2746.196
2016-02-16,2836.571
2016-02-17,2867.338
2016-02-18,2862.893
2016-02-19,2860.021
2016-02-22,2927.175
2016-02-23,2903.331
2016-02-24,2928.896
2016-02-25,2741.245
2016-02-26,2767.21
2016-02-29,2687.979
2016-03-01,2733.17
2016-03-02,2849.681
2016-03-03,2859.758
2016-03-04,2874.147
2016-03-07,2897.34
2016-03-08,2901.387
2016-03-09,2862.556
2016-03-10,2804.726
2016-03-11,2810.307
2016-03-14,2859.499
2016-03-15,2864.368
2016-03-16,2870.43
2016-03-17,2904.832
2016-03-18,2955.15
2016-03-21,3018.802
2016-03-22,2999.363
2016-03-23,3009.96
2016-03-24,2960.97
2016-03-25,2979.434
2016-03-28,2957.82
2016-03-29,2919.832
2016-03-30,3000.645
2016-03-31,3003.915
2016-04-01,3009.53
2016-04-05,3053.065
2016-04-06,3050.592
2016-04-07,3008.42
2016-04-08,2984.958
2016-04-11,3033.957
2016-04-12,3023.646
2016-04-13,3066.638
2016-04-14,3082.362
2016-04-15,3078.117
2016-04-18,3033.66
2016-04-19,3042.823
2016-04-20,2972.584
2016-04-21,2952.891
2016-04-22,2959.24
2016-04-25,2946.67
2016-04-26,2964.7
2016-04-27,2953.671
2016-04-28,2945.589
2016-04-29,2938.324
2016-05-03,2992.643
2016-05-04,2991.272
2016-05-05,2997.842
2016-05-06,2913.248
2016-05-09,2832.113
2016-05-10,2832.591
2016-05-11,2837.037
2016-05-12,2835.862
2016-05-13,2827.109
2016-05-16,2850.862
2016-05-17,2843.684
2016-05-18,2807.514
2016-05-19,2806.906
2016-05-20,2825.483
2016-05-23,2843.645
2016-05-24,2821.666
2016-05-25,2815.086
2016-05-26,2822.443
2016-05-27,2821.046
2016-05-30,2822.451
2016-05-31,2916.616
2016-06-01,2913.508
2016-06-02,2925.229
2016-06-03,2938.682
2016-06-06,2934.098
2016-06-07,2936.045
2016-06-08,2927.159
2016-06-13,2833.071
2016-06-14,2842.189
2016-06-15,2887.21
2016-06-16,2872.817
2016-06-17,2885.105
2016-06-20,2888.809
2016-06-21,2878.558
2016-06-22,2905.55
2016-06-23,2891.96
2016-06-24,2854.286
2016-06-27,2895.703
2016-06-28,2912.557
2016-06-29,2931.592
2016-06-30,2929.606
2016-07-01,2932.476
2016-07-04,2988.604
2016-07-05,3006.392
2016-07-06,3017.292
2016-07-07,3016.847
2016-07-08,2988.094
2016-07-11,2994.917
2016-07-12,3049.381
2016-07-13,3060.689
2016-07-14,3054.018
2016-07-15,3054.296
2016-07-18,3043.564
2016-07-19,3036.598
2016-07-20,3027.9
2016-07-21,3039.009
2016-07-22,3012.816
2016-07-25,3015.828
2016-07-26,3050.166
2016-07-27,2991.999
2016-07-28,2994.323
2016-07-29,2979.339
2016-08-01,2953.385
2016-08-02,2971.279
2016-08-03,2978.461
2016-08-04,2982.426
2016-08-05,2976.696
2016-08-08,3004.277
2016-08-09,3025.681
2016-08-10,3018.746
2016-08-11,3002.638
2016-08-12,3050.667
2016-08-15,3125.195
2016-08-16,3110.037
2016-08-17,3109.555
2016-08-18,3104.114
2016-08-19,3108.102
2016-08-22,3084.805
2016-08-23,3089.706
2016-08-24,3085.88
2016-08-25,3068.329
2016-08-26,3070.309
2016-08-29,3070.027
2016-08-30,3074.677
2016-08-31,3085.491
2016-09-01,3063.305
2016-09-02,3067.352
2016-09-05,3072.095
2016-09-06,3090.713
2016-09-07,3091.928
2016-09-08,3095.954
2016-09-09,3078.855
2016-09-12,3021.977
2016-09-13,3023.51
2016-09-14,3002.849
2016-09-19,3026.051
2016-09-20,3023.0
2016-09-21,3025.874
2016-09-22,3042.313
2016-09-23,3033.896
2016-09-26,2980.43
2016-09-27,2998.172
2016-09-28,2987.858
2016-09-29,2998.483
2016-09-30,3004.703
2016-10-10,3048.143
2016-10-11,3065.25
2016-10-12,3058.498
2016-10-13,3061.346
2016-10-14,3063.809
2016-10-17,3041.166
2016-10-18,3083.875
2016-10-19,3084.719
2016-10-20,3084.458
2016-10-21,3090.941
2016-10-24,3128.247
2016-10-25,3131.939
2016-10-26,3116.312
2016-10-27,3112.35
2016-10-28,3104.27
2016-10-31,3100.492
2016-11-01,3122.436
2016-11-02,3102.733
2016-11-03,3128.936
2016-11-04,3125.317
2016-11-07,3133.333
2016-11-08,3147.888
2016-11-09,3128.37
2016-11-10,3171.282
2016-11-11,3196.044
2016-11-14,3210.371
2016-11-15,3206.986
2016-11-16,3205.057
2016-11-17,3208.453
2016-11-18,3192.856
2016-11-21,3218.148
2016-11-22,3248.352
2016-11-23,3241.137
2016-11-24,3241.736
2016-11-25,3261.938
2016-11-28,3277.0
2016-11-29,3282.924
2016-11-30,3250.034
2016-12-01,3273.309
2016-12-02,3243.843
2016-12-05,3204.709
2016-12-06,3199.647
2016-12-07,3222.242
2016-12-08,3215.366
2016-12-09,3232.883
2016-12-12,3152.97
2016-12-13,3155.037
2016-12-14,3140.531
2016-12-15,3117.677
2016-12-16,3122.982
2016-12-19,3118.085
2016-12-20,3102.876
2016-12-21,3137.43
2016-12-22,3139.558
2016-12-23,3110.154
2016-12-26,3122.569
2016-12-27,3114.664
2016-12-28,3102.236
2016-12-29,3096.097
2016-12-30,3103.637
2017-01-03,3135.921
2017-01-04,3158.794
2017-01-05,3165.411
2017-01-06,3154.321
2017-01-09,3171.236
2017-01-10,3161.671
2017-01-11,3136.754
2017-01-12,3119.289
2017-01-13,3112.764
2017-01-16,3103.428
2017-01-17,3108.775
2017-01-18,3113.012
2017-01-19,3101.299
2017-01-20,3123.139
2017-01-23,3136.775
2017-01-24,3142.553
2017-01-25,3149.555
2017-01-26,3159.166
2017-02-03,3140.17
2017-02-06,3156.984
2017-02-07,3153.088
2017-02-08,3166.982
2017-02-09,3183.179
2017-02-10,3196.699
2017-02-13,3216.839
2017-02-14,3217.928
2017-02-15,3212.986
2017-02-16,3229.618
2017-02-17,3202.076
2017-02-20,3239.961
2017-02-21,3253.326
2017-02-22,3261.218
2017-02-23,3251.375
2017-02-24,3253.433
2017-02-27,3228.66
2017-02-28,3241.733
2017-03-01,3246.934
2017-03-02,3230.028
2017-03-03,3218.312
2017-03-06,3233.866
2017-03-07,3242.406
2017-03-08,3240.665
2017-03-09,3216.746
2017-03-10,3212.76
2017-03-13,3237.024
2017-03-14,3239.328
2017-03-15,3241.76
2017-03-16,3268.935
2017-03-17,3237.447
2017-03-20,3250.808
2017-03-21,3261.611
2017-03-22,3245.22
2017-03-23,3248.55
2017-03-24,3269.445
2017-03-27,3266.955
2017-03-28,3252.948
2017-03-29,3241.314
2017-03-30,3210.237
2017-03-31,3222.514
2017-04-05,3270.305
2017-04-06,3281.005
2017-04-07,3286.616
2017-04-10,3269.393
2017-04-11,3288.966
2017-04-12,3273.83
2017-04-13,3275.96
2017-04-14,3246.067
2017-04-17,3222.167
2017-04-18,3196.713
2017-04-19,3170.687
2017-04-20,3172.1
2017-04-21,3173.151
2017-04-24,3129.531
2017-04-25,3134.567
2017-04-26,3140.847
2017-04-27,3152.187
2017-04-28,3154.658
2017-05-02,3143.712
2017-05-03,3135.346
2017-05-04,3127.369
2017-05-05,3103.038
2017-05-08,3078.613
2017-05-09,3080.527
2017-05-10,3052.785
2017-05-11,3061.5
2017-05-12,3083.513
2017-05-15,3090.229
2017-05-16,3112.964
2017-05-17,3104.442
2017-05-18,3090.139
2017-05-19,3090.631
2017-05-22,3075.676
2017-05-23,3061.947
2017-05-24,3064.076
2017-05-25,3107.831
2017-05-26,3110.059
2017-05-31,3117.178
2017-06-01,3102.623
2017-06-02,3105.54
2017-06-05,3091.656
2017-06-06,3102.126
2017-06-07,3140.325
2017-06-08,3150.334
2017-06-09,3158.4
2017-06-12,3139.877
2017-06-13,3153.743
2017-06-14,3130.674
2017-06-15,3132.486
2017-06-16,3123.166
2017-06-19,3144.374
2017-06-20,3140.014
2017-06-21,3156.212
2017-06-22,3147.453
2017-06-23,3157.873
2017-06-26,3185.444
2017-06-27,3191.197
2017-06-28,3173.201
2017-06-29,3188.063
2017-06-30,3192.427
2017-07-03,3195.912
2017-07-04,3182.804
2017-07-05,3207.134
2017-07-06,3212.444
2017-07-07,3217.957
2017-07-10,3212.632
2017-07-11,3203.038
2017-07-12,3197.544
2017-07-13,3218.163
2017-07-14,3222.417
2017-07-17,3176.465
2017-07-18,3187.567
2017-07-19,3230.976
2017-07-20,3244.865
2017-07-21,3237.982
2017-07-24,3250.599
2017-07-25,3243.689
2017-07-26,3247.675
2017-07-27,3249.781
2017-07-28,3253.24
2017-07-31,3273.028
2017-08-01,3292.638
2017-08-02,3285.057
2017-08-03,3272.929
2017-08-04,3262.081
2017-08-07,3279.457
2017-08-08,3281.873
2017-08-09,3275.573
2017-08-10,3261.749
2017-08-11,3208.541
2017-08-14,3237.36
2017-08-15,3251.262
2017-08-16,3246.451
2017-08-17,3268.43
2017-08-18,3268.724
2017-08-21,3286.906
2017-08-22,3290.226
2017-08-23,3287.705
2017-08-24,3271.512
2017-08-25,3331.522
2017-08-28,3362.651
2017-08-29,3365.226
2017-08-30,3363.627
2017-08-31,3360.81
2017-09-01,3367.119
2017-09-04,3379.583
2017-09-05,3384.317
2017-09-06,3385.389
2017-09-07,3365.497
2017-09-08,3365.243
2017-09-11,3376.419
2017-09-12,3379.488
2017-09-13,3384.147
2017-09-14,3371.426
2017-09-15,3353.619
2017-09-18,3362.859
2017-09-19,3356.845
2017-09-20,3365.996
2017-09-21,3357.812
2017-09-22,3352.529
2017-09-25,3341.549
2017-09-26,3343.583
2017-09-27,3345.272
2017-09-28,3339.642
2017-09-29,3348.943
2017-10-09,3374.378
2017-10-10,3382.988
2017-10-11,3388.284
2017-10-12,3386.1
2017-10-13,3390.523
2017-10-16,3378.47
2017-10-17,3372.041
2017-10-18,3381.794
2017-10-19,3370.172
2017-10-20,3378.648
2017-10-23,3380.699
2017-10-24,3388.248
2017-10-25,3396.898
2017-10-26,3407.567
2017-10-27,3416.812
2017-10-30,3390.337
2017-10-31,3393.342
2017-11-01,3395.913
2017-11-02,3383.31
2017-11-03,3371.744
2017-11-06,3388.174
2017-11-07,3413.575
2017-11-08,3415.46
2017-11-09,3427.795
2017-11-10,3432.673
2017-11-13,3447.836
2017-11-14,3429.548
2017-11-15,3402.525
2017-11-16,3399.25
2017-11-17,3382.908
2017-11-20,3392.399
2017-11-21,3410.498
2017-11-22,3430.464
2017-11-23,3351.918
2017-11-24,3353.821
2017-11-27,3322.23
2017-11-28,3333.657
2017-11-29,3337.862
2017-11-30,3317.188
2017-12-01,3317.617
2017-12-04,3309.618
2017-12-05,3303.675
2017-12-06,3293.965
2017-12-07,3272.054
2017-12-08,3289.992
2017-12-11,3322.196
2017-12-12,3280.814
2017-12-13,3303.037
2017-12-14,3292.439
2017-12-15,3266.137
2017-12-18,3267.922
2017-12-19,3296.538
2017-12-20,3287.606
2017-12-21,3300.059
2017-12-22,3297.063
2017-12-25,3280.461
2017-12-26,3306.125
2017-12-27,3275.783
2017-12-28,3296.385
2017-12-29,3307.172
2018-01-02,3348.326
2018-01-03,3369.108
2018-01-04,3385.71
2018-01-05,3391.75
2018-01-08,3409.48
2018-01-09,3413.9
2018-01-10,3421.834
2018-01-11,3425.345
2018-01-12,3428.941
2018-01-15,3410.488
2018-01-16,3436.594
2018-01-17,3444.671
2018-01-18,3474.754
2018-01-19,3487.864
2018-01-22,3501.362
2018-01-23,3546.505
2018-01-24,3559.465
2018-01-25,3548.307
2018-01-26,3558.129
2018-01-29,3523.001
2018-01-30,3488.009
2018-01-31,3480.833
2018-02-01,3446.98
2018-02-02,3462.081
2018-02-05,3487.497
2018-02-06,3370.652
2018-02-07,3309.26
2018-02-08,3262.05
2018-02-09,3129.851
2018-02-12,3154.125
2018-02-13,3184.959
2018-02-14,3199.159
2018-02-22,3268.559
2018-02-23,3289.024
2018-02-26,3329.574
2018-02-27,3292.068
2018-02-28,3259.408
2018-03-01,3273.755
2018-03-02,3254.528
2018-03-05,3256.926
2018-03-06,3289.642
2018-03-07,3271.668
2018-03-08,3288.406
2018-03-09,3307.166
2018-03-12,3326.699
2018-03-13,3310.239
2018-03-14,3291.382
2018-03-15,3291.112
2018-03-16,3269.882
2018-03-19,3279.252
2018-03-20,3290.64
2018-03-21,3280.952
2018-03-22,3263.48
2018-03-23,3152.761
2018-03-26,3133.722
2018-03-27,3166.649
2018-03-28,3122.29
2018-03-29,3160.531
2018-03-30,3168.897
2018-04-02,3163.179
2018-04-03,3136.633
2018-04-04,3131.111
2018-04-09,3138.294
2018-04-10,3190.322
2018-04-11,3208.082
2018-04-12,3180.158
2018-04-13,3159.052
2018-04-16,3110.649
2018-04-17,3066.797
2018-04-18,3091.399
2018-04-19,3117.376
2018-04-20,3071.543
2018-04-23,3068.012
2018-04-24,3128.927
2018-04-25,3117.974
2018-04-26,3075.03
2018-04-27,3082.232
2018-05-02,3081.177
2018-05-03,3100.859
2018-05-04,3091.033
2018-05-07,3136.645
2018-05-08,3161.498
2018-05-09,3159.15
2018-05-10,3174.413
2018-05-11,3163.263
2018-05-14,3174.032
2018-05-15,3192.118
2018-05-16,3169.565
2018-05-17,3154.283
2018-05-18,3193.303
2018-05-21,3213.84
2018-05-22,3214.35
2018-05-23,3168.964
2018-05-24,3154.651
2018-05-25,3141.303
2018-05-28,3135.082
2018-05-29,3120.461
2018-05-30,3041.443
2018-05-31,3095.474
2018-06-01,3075.137
2018-06-04,3091.191
2018-06-05,3114.206
2018-06-06,3115.18
2018-06-07,3109.499
2018-06-08,3067.148
2018-06-11,3052.783
2018-06-12,3079.802
2018-06-13,3049.797
2018-06-14,3044.16
2018-06-15,3021.901
2018-06-19,2907.822
2018-06-20,2915.731
2018-06-21,2875.81
2018-06-22,2889.76
2018-06-25,2859.336
2018-06-26,2844.508
2018-06-27,2813.178
2018-06-28,2786.897
2018-06-29,2847.418
2018-07-02,2775.557
2018-07-03,2786.888
2018-07-04,2759.126
2018-07-05,2733.882
2018-07-06,2747.229
2018-07-09,2815.11
2018-07-10,2827.625
2018-07-11,2777.771
2018-07-12,2837.659
2018-07-13,2831.184
2018-07-16,2814.042
2018-07-17,2798.126
2018-07-18,2787.257
2018-07-19,2772.545
2018-07-20,2829.271
2018-07-23,2859.542
2018-07-24,2905.562
2018-07-25,2903.647
2018-07-26,2882.225
2018-07-27,2873.594
2018-07-30,2869.05
2018-07-31,2876.401
2018-08-01,2824.534
2018-08-02,2768.024
2018-08-03,2740.443
2018-08-06,2705.157
2018-08-07,2779.374
2018-08-08,2744.07
2018-08-09,2794.382
2018-08-10,2795.31
2018-08-13,2785.872
2018-08-14,2780.965
2018-08-15,2723.258
2018-08-16,2705.192
2018-08-17,2668.966
2018-08-20,2698.466
2018-08-21,2733.826
2018-08-22,2714.608
2018-08-23,2724.624
2018-08-24,2729.431
2018-08-27,2780.899
2018-08-28,2777.981
2018-08-29,2769.295
2018-08-30,2737.737
2018-08-31,2725.25
2018-09-03,2720.734
2018-09-04,2750.58
2018-09-05,2704.337
2018-09-06,2691.593
2018-09-07,2702.301
2018-09-10,2669.485
2018-09-11,2664.8
2018-09-12,2656.11
2018-09-13,2686.578
2018-09-14,2681.643
2018-09-17,2651.789
2018-09-18,2699.95
2018-09-19,2730.85
2018-09-20,2729.244
2018-09-21,2797.485
2018-09-25,2781.139
2018-09-26,2806.813
2018-09-27,2791.775
2018-09-28,2821.35
2018-10-08,2716.51
2018-10-09,2721.013
2018-10-10,2725.837
2018-10-11,2583.458
2018-10-12,2606.913
2018-10-15,2568.098
2018-10-16,2546.33
2018-10-17,2561.614
2018-10-18,2486.419
2018-10-19,2550.465
2018-10-22,2654.876
2018-10-23,2594.826
2018-10-24,2603.295
2018-10-25,2603.8
2018-10-26,2598.847
2018-10-29,2542.103
2018-10-30,2568.048
2018-10-31,2602.783
2018-11-01,2606.237
2018-11-02,2676.476
2018-11-05,2665.431
2018-11-06,2659.356
2018-11-07,2641.342
2018-11-08,2635.632
2018-11-09,2598.872
2018-11-12,2630.52
2018-11-13,2654.88
2018-11-14,2632.243
2018-11-15,2668.17
2018-11-16,2679.11
2018-11-19,2703.512
2018-11-20,2645.855
2018-11-21,2651.505
2018-11-22,2645.434
2018-11-23,2579.483
2018-11-26,2575.81
2018-11-27,2574.679
2018-11-28,2601.737
2018-11-29,2567.443
2018-11-30,2588.188
2018-12-03,2654.798
2018-12-04,2665.958
2018-12-05,2649.805
2018-12-06,2605.181
2018-12-07,2605.888
2018-12-10,2584.582
2018-12-11,2594.088
2018-12-12,2602.153
2018-12-13,2634.049
2018-12-14,2593.741
2018-12-17,2597.974
2018-12-18,2576.65
2018-12-19,2549.563
2018-12-20,2536.268
2018-12-21,2516.251
2018-12-24,2527.007
2018-12-25,2504.819
2018-12-26,2498.294
2018-12-27,2483.086
2018-12-28,2493.896
2019-01-02,2465.291
2019-01-03,2464.363
2019-01-04,2514.868
2019-01-07,2533.089
2019-01-08,2526.462
2019-01-09,2544.345
2019-01-10,2535.099
2019-01-11,2553.831
2019-01-14,2535.765
2019-01-15,2570.345
2019-01-16,2570.422
2019-01-17,2559.637
2019-01-18,2596.006
2019-01-21,2610.509
2019-01-22,2579.704
2019-01-23,2581.004
2019-01-24,2591.694
2019-01-25,2601.723
2019-01-28,2596.977
2019-01-29,2594.254
2019-01-30,2575.576
2019-01-31,2584.572
2019-02-01,2618.232
2019-02-11,2653.896
2019-02-12,2671.894
2019-02-13,2721.068
2019-02-14,2719.7
2019-02-15,2682.385
2019-02-18,2754.357
2019-02-19,2755.646
2019-02-20,2761.219
2019-02-21,2751.801
2019-02-22,2804.226
2019-02-25,2961.283
2019-02-26,2941.516
2019-02-27,2953.824
2019-02-28,2940.954
2019-03-01,2994.005
2019-03-04,3027.576
2019-03-05,3054.247
2019-03-06,3102.099
2019-03-07,3106.418
2019-03-08,2969.861
2019-03-11,3026.993
2019-03-12,3060.307
2019-03-13,3026.951
2019-03-14,2990.685
2019-03-15,3021.751
2019-03-18,3096.418
2019-03-19,3090.975
2019-03-20,3090.64
2019-03-21,3101.455
2019-03-22,3104.149
2019-03-25,3043.031
2019-03-26,2997.095
2019-03-27,3022.72
2019-03-28,2994.943
2019-03-29,3090.758
2019-04-01,3170.361
2019-04-02,3176.823
2019-04-03,3216.295
2019-04-04,3246.571
2019-04-08,3244.81
2019-04-09,3239.664
2019-04-10,3241.93
2019-04-11,3189.962
2019-04-12,3188.626
2019-04-15,3177.787
2019-04-16,3253.598
2019-04-17,3263.118
2019-04-18,3250.201
2019-04-19,3270.797
2019-04-22,3215.043
2019-04-23,3198.594
2019-04-24,3201.614
2019-04-25,3123.826
2019-04-26,3086.399
2019-04-29,3062.499
2019-04-30,3078.339
2019-05-06,2906.464
2019-05-07,2926.391
2019-05-08,2893.757
2019-05-09,2850.954
2019-05-10,2939.211
2019-05-13,2903.713
2019-05-14,2883.611
2019-05-15,2938.678
2019-05-16,2955.711
2019-05-17,2882.296
2019-05-20,2870.605
2019-05-21,2905.969
2019-05-22,2891.705
2019-05-23,2852.515
2019-05-24,2852.995
2019-05-27,2892.378
2019-05-28,2909.911
2019-05-29,2914.696
2019-05-30,2905.805
2019-05-31,2898.696
2019-06-03,2890.081
2019-06-04,2862.28
2019-06-05,2861.418
2019-06-06,2827.798
2019-06-10,2852.13
2019-06-11,2925.716
2019-06-12,2909.38
2019-06-13,2910.741
2019-06-14,2881.974
2019-06-17,2887.622
2019-06-18,2890.158
2019-06-19,2917.803
2019-06-20,2987.119
2019-06-21,3001.98
2019-06-24,3008.148
2019-06-25,2982.074
2019-06-26,2976.284
2019-06-27,2996.793
2019-06-28,2978.878
2019-07-01,3044.903
2019-07-02,3043.943
2019-07-03,3015.263
2019-07-04,3005.249
2019-07-05,3011.059
2019-07-08,2933.363
2019-07-09,2928.23
2019-07-10,2915.302
2019-07-11,2917.761
2019-07-12,2930.546
2019-07-15,2942.185
2019-07-16,2937.617
2019-07-17,2931.693
2019-07-18,2901.177
2019-07-19,2924.201
2019-07-22,2886.974
2019-07-23,2899.945
2019-07-24,2923.278
2019-07-25,2937.36
2019-07-26,2944.541
2019-07-29,2941.007
2019-07-30,2952.338
2019-07-31,2932.506
2019-08-01,2908.766
2019-08-02,2867.838
2019-08-05,2821.496
2019-08-06,2777.556
2019-08-07,2768.68
2019-08-08,2794.552
2019-08-09,2774.753
2019-08-12,2814.994
2019-08-13,2797.26
2019-08-14,2808.915
2019-08-15,2815.798
2019-08-16,2823.824
2019-08-19,2883.096
2019-08-20,2880.001
2019-08-21,2880.331
2019-08-22,2883.436
2019-08-23,2897.425
2019-08-26,2863.567
2019-08-27,2902.193
2019-08-28,2893.756
2019-08-29,2890.919
2019-08-30,2886.237
2019-09-02,2924.106
2019-09-03,2930.154
2019-09-04,2957.412
2019-09-05,2985.865
2019-09-06,2999.601
2019-09-09,3024.739
2019-09-10,3021.202
2019-09-11,3008.812
2019-09-12,3031.235
2019-09-16,3030.754
2019-09-17,2978.118
2019-09-18,2985.659
2019-09-19,2999.279
2019-09-20,3006.447
2019-09-23,2977.077
2019-09-24,2985.341
2019-09-25,2955.433
2019-09-26,2929.088
2019-09-27,2932.167
2019-09-30,2905.189
2019-10-08,2913.57
2019-10-09,2924.857
2019-10-10,2947.711
2019-10-11,2973.656
2019-10-14,3007.883
2019-10-15,2991.046
2019-10-16,2978.712
2019-10-17,2977.334
2019-10-18,2938.141
2019-10-21,2939.618
2019-10-22,2954.38
2019-10-23,2941.619
2019-10-24,2940.922
2019-10-25,2954.933
2019-10-28,2980.05
2019-10-29,2954.176
2019-10-30,2939.321
2019-10-31,2929.056
2019-11-01,2958.199
2019-11-04,2975.492
2019-11-05,2991.562
2019-11-06,2978.596
2019-11-07,2978.714
2019-11-08,2964.185
2019-11-11,2909.975
2019-11-12,2914.823
2019-11-13,2905.241
2019-11-14,2909.87
2019-11-15,2891.343
2019-11-18,2909.2
2019-11-19,2933.991
2019-11-20,2911.053
2019-11-21,2903.638
2019-11-22,2885.288
2019-11-25,2906.169
2019-11-26,2907.06
2019-11-27,2903.195
2019-11-28,2889.693
2019-11-29,2871.981
2019-12-02,2875.807
2019-12-03,2884.699
2019-12-04,2878.116
2019-12-05,2899.469
2019-12-06,2912.014
2019-12-09,2914.478
2019-12-10,2917.316
2019-12-11,2924.417
2019-12-12,2915.698
2019-12-13,2967.676
2019-12-16,2984.393
2019-12-17,3022.422
2019-12-18,3017.044
2019-12-19,3017.066
2019-12-20,3004.938
2019-12-23,2962.751
2019-12-24,2982.681
2019-12-25,2981.881
2019-12-26,3007.355
2019-12-27,3005.036
2019-12-30,3040.024
2019-12-31,3050.124
2020-01-02,3085.198
2020-01-03,3083.786
2020-01-06,3083.408
2020-01-07,3104.802
2020-01-08,3066.893
2020-01-09,3094.882
2020-01-10,3092.291
2020-01-13,3115.57
2020-01-14,3106.82
2020-01-15,3090.038
2020-01-16,3074.081
2020-01-17,3075.496
2020-01-20,3095.787
2020-01-21,3052.142
2020-01-22,3060.755
2020-01-23,2976.528
2020-02-03,2746.606
2020-02-04,2783.288
2020-02-05,2818.088
2020-02-06,2866.51
2020-02-07,2875.964
2020-02-10,2890.488
2020-02-11,2901.674
2020-02-12,2926.899
2020-02-13,2906.074
2020-02-14,2917.008
2020-02-17,2983.622
2020-02-18,2984.972
2020-02-19,2975.402
2020-02-20,3030.154
2020-02-21,3039.669
2020-02-24,3031.233
2020-02-25,3013.05
2020-02-26,2987.929
2020-02-27,2991.329
2020-02-28,2880.304
2020-03-02,2970.931
2020-03-03,2992.897
2020-03-04,3011.666
2020-03-05,3071.677
2020-03-06,3034.511
2020-03-09,2943.291
2020-03-10,2996.762
2020-03-11,2968.517
2020-03-12,2923.486
2020-03-13,2887.427
2020-03-16,2789.254
2020-03-17,2779.641
2020-03-18,2728.756
2020-03-19,2702.13
2020-03-20,2745.618
2020-03-23,2660.167
2020-03-24,2722.438
2020-03-25,2781.591
2020-03-26,2764.911
2020-03-27,2772.203
2020-03-30,2747.214
2020-03-31,2750.296
2020-04-01,2734.522
2020-04-02,2780.638
2020-04-03,2763.987
2020-04-07,2820.763
2020-04-08,2815.369
2020-04-09,2825.904
2020-04-10,2796.631
2020-04-13,2783.048
2020-04-14,2827.283
2020-04-15,2811.174
2020-04-16,2819.935
2020-04-17,2838.495
2020-04-20,2852.553
2020-04-21,2827.013
2020-04-22,2843.98
2020-04-23,2838.499
2020-04-24,2808.529
2020-04-27,2815.495
2020-04-28,2810.024
2020-04-29,2822.442
2020-04-30,2860.082
2020-05-06,2878.14
2020-05-07,2871.523
2020-05-08,2895.344
2020-05-11,2894.802
2020-05-12,2891.556
2020-05-13,2898.05
2020-05-14,2870.342
2020-05-15,2868.459
2020-05-18,2875.418
2020-05-19,2898.576
2020-05-20,2883.738
2020-05-21,2867.924
2020-05-22,2813.765
2020-05-25,2817.97
2020-05-26,2846.547
2020-05-27,2836.804
2020-05-28,2846.222
2020-05-29,2852.351
2020-06-01,2915.431
2020-06-02,2921.398
2020-06-03,2923.371
2020-06-04,2919.251
2020-06-05,2930.799
2020-06-08,2937.771
2020-06-09,2956.112
2020-06-10,2943.753
2020-06-11,2920.897
2020-06-12,2919.741
2020-06-15,2890.031
2020-06-16,2931.749
2020-06-17,2935.873
2020-06-18,2939.315
2020-06-19,2967.634
2020-06-22,2965.272
2020-06-23,2970.62
2020-06-24,2979.551
2020-06-29,2961.516
2020-06-30,2984.674
2020-07-01,3025.981
2020-07-02,3090.569
2020-07-03,3152.813
2020-07-06,3332.881
2020-07-07,3345.337
2020-07-08,3403.44
2020-07-09,3450.594
2020-07-10,3383.322
2020-07-13,3443.286
2020-07-14,3414.619
2020-07-15,3361.304
2020-07-16,3210.099
2020-07-17,3214.129
2020-07-20,3314.149
2020-07-21,3320.895
2020-07-22,3333.164
2020-07-23,3325.11
2020-07-24,3196.768
2020-07-27,3205.227
2020-07-28,3227.96
2020-07-29,3294.552
2020-07-30,3286.822
2020-07-31,3310.007
2020-08-03,3367.966
2020-08-04,3371.688
2020-08-05,3377.565
2020-08-06,3386.463
2020-08-07,3354.035
2020-08-10,3379.252
2020-08-11,3340.29
2020-08-12,3319.266
2020-08-13,3320.726
2020-08-14,3360.099
2020-08-17,3438.801
2020-08-18,3451.089
2020-08-19,3408.129
2020-08-20,3363.899
2020-08-21,3380.683
2020-08-24,3385.638
2020-08-25,3373.578
2020-08-26,3329.739
2020-08-27,3350.113
2020-08-28,3403.807
2020-08-31,3395.678
2020-09-01,3410.607
2020-09-02,3404.802
2020-09-03,3384.981
2020-09-04,3355.367
2020-09-07,3292.591
2020-09-08,3316.417
2020-09-09,3254.628
2020-09-10,3234.823
2020-09-11,3260.346
2020-09-14,3278.814
2020-09-15,3295.68
2020-09-16,3283.924
2020-09-17,3270.435
2020-09-18,3338.09
2020-09-21,3316.935
2020-09-22,3274.302
2020-09-23,3279.711
2020-09-24,3223.176
2020-09-25,3219.418
2020-09-28,3217.535
2020-09-29,3224.359
2020-09-30,3218.052
2020-10-09,3272.076
2020-10-12,3358.465
2020-10-13,3359.75
2020-10-14,3340.778
2020-10-15,3332.183
2020-10-16,3336.358
2020-10-19,3312.667
2020-10-20,3328.103
2020-10-21,3325.025
2020-10-22,3312.501
2020-10-23,3277.997
2020-10-26,3251.119
2020-10-27,3254.316
2020-10-28,3269.238
2020-10-29,3272.727
2020-10-30,3224.533
2020-11-02,3225.12
2020-11-03,3271.074
2020-11-04,3277.44
2020-11-05,3320.133
2020-11-06,3312.159
2020-11-09,3373.734
2020-11-10,3360.149
2020-11-11,3342.203
2020-11-12,3338.679
2020-11-13,3310.105
2020-11-16,3346.969
2020-11-17,3339.895
2020-11-18,3347.303
2020-11-19,3363.088
2020-11-20,3377.727
2020-11-23,3414.49
2020-11-24,3402.823
2020-11-25,3362.327
2020-11-26,3369.733
2020-11-27,3408.307
2020-11-30,3391.755
2020-12-01,3451.938
2020-12-02,3449.381
2020-12-03,3442.136
2020-12-04,3444.581
2020-12-07,3416.604
2020-12-08,3410.177
2020-12-09,3371.964
2020-12-10,3373.276
2020-12-11,3347.191
2020-12-14,3369.12
2020-12-15,3367.233
2020-12-16,3366.983
2020-12-17,3404.873
2020-12-18,3394.896
2020-12-21,3420.569
2020-12-22,3356.782
2020-12-23,3382.32
2020-12-24,3363.113
2020-12-25,3396.563
2020-12-28,3397.285
2020-12-29,3379.036
2020-12-30,3414.453
2020-12-31,3473.069
2021-01-04,3502.958
2021-01-05,3528.677
2021-01-06,3550.877
2021-01-07,3576.205
2021-01-08,3570.108
2021-01-11,3531.498
2021-01-12,3608.339
2021-01-13,3598.652
2021-01-14,3565.905
2021-01-15,3566.378
2021-01-18,3596.224
2021-01-19,3566.381
2021-01-20,3583.092
2021-01-21,3621.264
2021-01-22,3606.75
2021-01-25,3624.238
2021-01-26,3569.429
2021-01-27,3573.341
2021-01-28,3505.176
2021-01-29,3483.069
2021-02-01,3505.284
2021-02-02,3533.685
2021-02-03,3517.308
2021-02-04,3501.859
2021-02-05,3496.333
2021-02-08,3532.447
2021-02-09,3603.489
2021-02-10,3655.088
2021-02-18,3675.357
2021-02-19,3696.168
2021-02-22,3642.445
2021-02-23,3636.357
2021-02-24,3564.08
2021-02-25,3585.046
2021-02-26,3509.08
2021-03-01,3551.4
2021-03-02,3508.591
2021-03-03,3576.905
2021-03-04,3503.492
2021-03-05,3501.987
2021-03-08,3421.414
2021-03-09,3359.292
2021-03-10,3357.737
2021-03-11,3436.831
2021-03-12,3453.078
2021-03-15,3419.946
2021-03-16,3446.733
2021-03-17,3445.551
2021-03-18,3463.068
2021-03-19,3404.663
2021-03-22,3443.439
2021-03-23,3411.509
2021-03-24,3367.061
2021-03-25,3363.592
2021-03-26,3418.327
2021-03-29,3435.296
2021-03-30,3456.677
2021-03-31,3441.912
2021-04-01,3466.332
2021-04-02,3484.392
2021-04-06,3482.967
2021-04-07,3479.626
2021-04-08,3482.555
2021-04-09,3450.677
2021-04-12,3412.948
2021-04-13,3396.47
2021-04-14,3416.721
2021-04-15,3398.988
2021-04-16,3426.618
2021-04-19,3477.549
2021-04-20,3472.943
2021-04-21,3472.93
2021-04-22,3465.114
2021-04-23,3474.166
2021-04-26,3441.166
2021-04-27,3442.611
2021-04-28,3457.068
2021-04-29,3474.901
2021-04-30,3446.856
2021-05-06,3441.283
2021-05-07,3418.874
2021-05-10,3427.991
2021-05-11,3441.845
2021-05-12,3462.751
2021-05-13,3429.536
2021-05-14,3490.376
2021-05-17,3517.616
2021-05-18,3529.014
2021-05-19,3510.965
2021-05-20,3506.944
2021-05-21,3486.557
2021-05-24,3497.282
2021-05-25,3581.342
2021-05-26,3593.357
2021-05-27,3608.851
2021-05-28,3600.784
2021-05-31,3615.477
2021-06-01,3624.714
2021-06-02,3597.138
2021-06-03,3584.212
2021-06-04,3591.845
2021-06-07,3599.541
2021-06-08,3580.106
2021-06-09,3591.397
2021-06-10,3610.859
2021-06-11,3589.748
2021-06-15,3556.559
2021-06-16,3518.329
2021-06-17,3525.604
2021-06-18,3525.097
2021-06-21,3529.183
2021-06-22,3557.412
2021-06-23,3566.22
2021-06-24,3566.654
2021-06-25,3607.562
2021-06-28,3606.372
2021-06-29,3573.178
2021-06-30,3591.197
2021-07-01,3588.782
2021-07-02,3518.76
2021-07-05,3534.322
2021-07-06,3530.259
2021-07-07,3553.716
2021-07-08,3525.504
2021-07-09,3524.088
2021-07-12,3547.836
2021-07-13,3566.523
2021-07-14,3528.501
2021-07-15,3564.59
2021-07-16,3539.304
2021-07-19,3539.123
2021-07-20,3536.791
2021-07-21,3562.661
2021-07-22,3574.734
2021-07-23,3550.396
2021-07-26,3467.441
2021-07-27,3381.183
2021-07-28,3361.59
2021-07-29,3411.724
2021-07-30,3397.357
2021-08-02,3464.285
2021-08-03,3447.991
2021-08-04,3477.219
2021-08-05,3466.549
2021-08-06,3458.228
2021-08-09,3494.635
2021-08-10,3529.931
2021-08-11,3532.621
2021-08-12,3524.737
2021-08-13,3516.299
2021-08-16,3517.345
2021-08-17,3446.976
2021-08-18,3485.286
2021-08-19,3465.555
2021-08-20,3427.334
2021-08-23,3477.132
2021-08-24,3514.471
2021-08-25,3540.384
2021-08-26,3501.664
2021-08-27,3522.157
2021-08-30,3528.151
2021-08-31,3543.94
2021-09-01,3567.101
2021-09-02,3597.043
2021-09-03,3581.734
2021-09-06,3621.859
2021-09-07,3676.587
2021-09-08,3675.187
2021-09-09,3693.13
2021-09-10,3703.11
2021-09-13,3715.372
2021-09-14,3662.602
2021-09-15,3656.223
2021-09-16,3607.092
2021-09-17,3613.966
2021-09-22,3628.49
2021-09-23,3642.22
2021-09-24,3613.067
2021-09-27,3582.831
2021-09-28,3602.218
2021-09-29,3536.294
2021-09-30,3568.167
2021-10-08,3592.167
2021-10-11,3591.709
2021-10-12,3546.936
2021-10-13,3561.762
2021-10-14,3558.28
2021-10-15,3572.366
2021-10-18,3568.138
2021-10-19,3593.153
2021-10-20,3587.001
2021-10-21,3594.783
2021-10-22,3582.604
2021-10-25,3609.863
2021-10-26,3597.638
2021-10-27,3562.305
2021-10-28,3518.417
2021-10-29,3547.336
2021-11-01,3544.48
2021-11-02,3505.628
2021-11-03,3498.537
2021-11-04,3526.866
2021-11-05,3491.568
2021-11-08,3498.631
2021-11-09,3507.002
2021-11-10,3492.462
2021-11-11,3532.786
2021-11-12,3539.1
2021-11-15,3533.303
2021-11-16,3521.787
2021-11-17,3537.366
2021-11-18,3520.711
2021-11-19,3560.373
2021-11-22,3582.08
2021-11-23,3589.089
2021-11-24,3592.703
2021-11-25,3584.179
2021-11-26,3564.089
2021-11-29,3562.697
2021-11-30,3563.887
2021-12-01,3576.885
2021-12-02,3573.836
2021-12-03,3607.432
2021-12-06,3589.306
2021-12-07,3595.088
2021-12-08,3637.568
2021-12-09,3673.041
2021-12-10,3666.348
2021-12-13,3681.082
2021-12-14,3661.525
2021-12-15,3647.63
2021-12-16,3675.016
2021-12-17,3632.364
2021-12-20,3593.602
2021-12-21,3625.125
2021-12-22,3622.618
2021-12-23,3643.339
2021-12-24,3618.054
2021-12-27,3615.974
2021-12-28,3630.112
2021-12-29,3597.0
2021-12-30,3619.189
2021-12-31,3639.775
2022-01-04,3632.329
2022-01-05,3595.176
2022-01-06,3586.079
2022-01-07,3579.543
2022-01-10,3593.519
2022-01-11,3567.441
2022-01-12,3597.432
2022-01-13,3555.259
2022-01-14,3521.256
2022-01-17,3541.666
2022-01-18,3569.914
2022-01-19,3558.18
2022-01-20,3555.063
2022-01-21,3522.568
2022-01-24,3524.105
2022-01-25,3433.061
2022-01-26,3455.668
2022-01-27,3394.247
2022-01-28,3361.44
2022-02-07,3429.581
2022-02-08,3452.629
2022-02-09,3479.946
2022-02-10,3485.907
2022-02-11,3462.948
2022-02-14,3428.882
2022-02-15,3446.089
2022-02-16,3465.831
2022-02-17,3468.035
2022-02-18,3490.757
2022-02-21,3490.612
2022-02-22,3457.146
2022-02-23,3489.147
2022-02-24,3429.956
2022-02-25,3451.406
2022-02-28,3462.306
2022-03-01,3488.835
2022-03-02,3484.192
2022-03-03,3481.113
2022-03-04,3447.649
2022-03-07,3372.855
2022-03-08,3293.53
2022-03-09,3256.388
2022-03-10,3296.092
2022-03-11,3309.747
2022-03-14,3223.533
2022-03-15,3063.965
2022-03-16,3170.71
2022-03-17,3215.045
2022-03-18,3251.072
2022-03-21,3253.686
2022-03-22,3259.862
2022-03-23,3271.033
2022-03-24,3250.264
2022-03-25,3212.24
2022-03-28,3214.503
2022-03-29,3203.939
2022-03-30,3266.596
2022-03-31,3252.203
2022-04-01,3282.717
2022-04-06,3283.426
2022-04-07,3236.695
2022-04-08,3251.85
2022-04-11,3167.126
2022-04-12,3213.33
2022-04-13,3186.824
2022-04-14,3225.641
2022-04-15,3211.245
2022-04-18,3195.524
2022-04-19,3194.029
2022-04-20,3151.05
2022-04-21,3079.808
2022-04-22,3086.919
2022-04-25,2928.512
2022-04-26,2886.426
2022-04-27,2958.282
2022-04-28,2975.485
2022-04-29,3047.062
2022-05-05,3067.759
2022-05-06,3001.561
2022-05-09,3004.141
2022-05-10,3035.844
2022-05-11,3058.703
2022-05-12,3054.994
2022-05-13,3084.285
2022-05-16,3073.749
2022-05-17,3093.697
2022-05-18,3085.977
2022-05-19,3096.965
2022-05-20,3146.567
2022-05-23,3146.857
2022-05-24,3070.927
2022-05-25,3107.464
2022-05-26,3123.108
2022-05-27,3130.239
2022-05-30,3149.061
2022-05-31,3186.427
2022-06-01,3182.157
2022-06-02,3195.458
2022-06-06,3236.372
2022-06-07,3241.764
2022-06-08,3263.793
2022-06-09,3238.954
2022-06-10,3284.834
2022-06-13,3255.551
2022-06-14,3288.907
2022-06-15,3305.407
2022-06-16,3285.385
2022-06-17,3316.786
2022-06-20,3315.43
2022-06-21,3306.719
2022-06-22,3267.202
2022-06-23,3320.149
2022-06-24,3349.747
2022-06-27,3379.185
2022-06-28,3409.21
2022-06-29,3361.518
2022-06-30,3398.616
2022-07-01,3387.637
2022-07-04,3405.427
2022-07-05,3404.025
2022-07-06,3355.35
2022-07-07,3364.398
2022-07-08,3356.078
2022-07-11,3313.584
2022-07-12,3281.467
2022-07-13,3284.292
2022-07-14,3281.744
2022-07-15,3228.061
2022-07-18,3278.103
2022-07-19,3279.431
2022-07-20,3304.724
2022-07-21,3272.001
2022-07-22,3269.974
2022-07-25,3250.388
2022-07-26,3277.436
2022-07-27,3275.755
2022-07-28,3282.576
2022-07-29,3253.238
2022-08-01,3259.959
2022-08-02,3186.266
2022-08-03,3163.674
2022-08-04,3189.039
2022-08-05,3227.027
2022-08-08,3236.934
2022-08-09,3247.432
2022-08-10,3230.02
2022-08-11,3281.665
2022-08-12,3276.888
2022-08-15,3276.087
2022-08-16,3277.885
2022-08-17,3292.526
2022-08-18,3277.544
2022-08-19,3258.078
2022-08-22,3277.794
2022-08-23,3276.223
2022-08-24,3215.203
2022-08-25,3246.248
2022-08-26,3236.223
2022-08-29,3240.728
2022-08-30,3227.22
2022-08-31,3202.138
2022-09-01,3184.98
2022-09-02,3186.478
2022-09-05,3199.912
2022-09-06,3243.447
2022-09-07,3246.294
2022-09-08,3235.586
2022-09-09,3262.054
2022-09-13,3263.797
2022-09-14,3237.542
2022-09-15,3199.919
2022-09-16,3126.398
2022-09-19,3115.602
2022-09-20,3122.406
2022-09-21,3117.177
2022-09-22,3108.91
2022-09-23,3088.37
2022-09-26,3051.226
2022-09-27,3093.862
2022-09-28,3045.067
2022-09-29,3041.205
2022-09-30,3024.391
2022-10-10,2974.145
2022-10-11,2979.793
2022-10-12,3025.506
2022-10-13,3016.356
2022-10-14,3071.987
2022-10-17,3084.942
2022-10-18,3080.957
2022-10-19,3044.378
2022-10-20,3035.05
2022-10-21,3038.929
2022-10-24,2977.555
2022-10-25,2976.283
2022-10-26,2999.504
2022-10-27,2982.903
2022-10-28,2915.926
2022-10-31,2893.483
2022-11-01,2969.2
2022-11-02,3003.37
2022-11-03,2997.806
2022-11-04,3070.796
2022-11-07,3077.817
2022-11-08,3064.493
2022-11-09,3048.168
2022-11-10,3036.132
2022-11-11,3087.293
2022-11-14,3083.401
2022-11-15,3134.078
2022-11-16,3119.98
2022-11-17,3115.435
2022-11-18,3097.243
2022-11-21,3085.044
2022-11-22,3088.943
2022-11-23,3096.907
2022-11-24,3089.31
2022-11-25,3101.693
2022-11-28,3078.549
2022-11-29,3149.748
2022-11-30,3151.335
2022-12-01,3165.471
2022-12-02,3156.144
2022-12-05,3211.814
2022-12-06,3212.533
2022-12-07,3199.619
2022-12-08,3197.35
2022-12-09,3206.95
2022-12-12,3179.042
2022-12-13,3176.326
2022-12-14,3176.525
2022-12-15,3168.648
2022-12-16,3167.858
2022-12-19,3107.115
2022-12-20,3073.766
2022-12-21,3068.411
2022-12-22,3054.431
2022-12-23,3045.866
2022-12-26,3065.563
2022-12-27,3095.568
2022-12-28,3087.4
2022-12-29,3073.702
2022-12-30,3089.258
2023-01-03,3116.512
2023-01-04,3123.516
2023-01-05,3155.216
2023-01-06,3157.637
2023-01-09,3176.085
2023-01-10,3169.507
2023-01-11,3161.838
2023-01-12,3163.451
2023-01-13,3195.306
2023-01-16,3227.592
2023-01-17,3224.245
2023-01-18,3224.406
2023-01-19,3240.279
2023-01-20,3264.814
2023-01-30,3269.318
2023-01-31,3255.669
2023-02-01,3284.921
2023-02-02,3285.671
2023-02-03,3263.406
2023-02-06,3238.698
2023-02-07,3248.094
2023-02-08,3232.106
2023-02-09,3270.383
2023-02-10,3260.673
2023-02-13,3284.16
2023-02-14,3293.283
2023-02-15,3280.492
2023-02-16,3249.03
2023-02-17,3224.024
2023-02-20,3290.338
2023-02-21,3306.524
2023-02-22,3291.148
2023-02-23,3287.477
2023-02-24,3267.16
2023-02-27,3258.034
2023-02-28,3279.605
2023-03-01,3312.348
2023-03-02,3310.654
2023-03-03,3328.393
2023-03-06,3322.026
2023-03-07,3285.099
2023-03-08,3283.248
2023-03-09,3276.094
2023-03-10,3230.077
2023-03-13,3268.696
2023-03-14,3245.312
2023-03-15,3263.315
2023-03-16,3226.891
2023-03-17,3250.546
2023-03-20,3234.91
2023-03-21,3255.651
2023-03-22,3265.748
2023-03-23,3286.649
2023-03-24,3265.654
2023-03-27,3251.397
2023-03-28,3245.376
2023-03-29,3240.057
2023-03-30,3261.249
2023-03-31,3272.86
2023-04-03,3296.396
2023-04-04,3312.558
2023-04-06,3312.628
2023-04-07,3327.646
2023-04-10,3315.358
2023-04-11,3313.571
2023-04-12,3327.182
2023-04-13,3318.364
2023-04-14,3338.153
2023-04-17,3385.61
2023-04-18,3393.331
2023-04-19,3370.128
2023-04-20,3367.031
2023-04-21,3301.258
2023-04-24,3275.413
2023-04-25,3264.872
2023-04-26,3264.101
2023-04-27,3285.884
2023-04-28,3323.275
2023-05-04,3350.459
2023-05-05,3334.503
2023-05-08,3395.004
2023-05-09,3357.671
2023-05-10,3319.151
2023-05-11,3309.551
2023-05-12,3272.362
2023-05-15,3310.737
2023-05-16,3290.987
2023-05-17,3284.232
2023-05-18,3297.32
2023-05-19,3283.542
2023-05-22,3296.47
2023-05-23,3246.238
2023-05-24,3204.749
2023-05-25,3201.261
2023-05-26,3212.504
2023-05-29,3221.448
2023-05-30,3224.213
2023-05-31,3204.564
2023-06-01,3204.635
2023-06-02,3230.069
2023-06-05,3232.441
2023-06-06,3195.34
2023-06-07,3197.759
2023-06-08,3213.586
2023-06-09,3231.406
2023-06-12,3228.834
2023-06-13,3233.673
2023-06-14,3228.989
2023-06-15,3252.975
2023-06-16,3273.334
2023-06-19,3255.806
2023-06-20,3240.365
2023-06-21,3197.901
2023-06-26,3150.619
2023-06-27,3189.443
2023-06-28,3189.376
2023-06-29,3182.381
2023-06-30,3202.062
2023-07-03,3243.975
2023-07-04,3245.349
2023-07-05,3222.947
2023-07-06,3205.575
2023-07-07,3196.609
2023-07-10,3203.696
2023-07-11,3221.367
2023-07-12,3196.134
2023-07-13,3236.48
2023-07-14,3237.701
2023-07-17,3209.63
2023-07-18,3197.82
2023-07-19,3198.836
2023-07-20,3169.522
2023-07-21,3167.745
2023-07-24,3164.161
2023-07-25,3231.521
2023-07-26,3223.028
2023-07-27,3216.671
2023-07-28,3275.926
2023-07-31,3291.04
2023-08-01,3290.949
2023-08-02,3261.69
2023-08-03,3280.463
2023-08-04,3288.084
2023-08-07,3268.831
2023-08-08,3260.62
2023-08-09,3244.487
2023-08-10,3254.56
2023-08-11,3189.248
2023-08-14,3178.427
2023-08-15,3176.176
2023-08-16,3150.128
2023-08-17,3163.739
2023-08-18,3131.953
2023-08-21,3092.978
2023-08-22,3120.334
2023-08-23,3078.402
2023-08-24,3082.244
2023-08-25,3064.075
2023-08-28,3098.636
2023-08-29,3135.887
2023-08-30,3137.138
2023-08-31,3119.876
2023-09-01,3133.247
2023-09-04,3177.06
2023-09-05,3154.369
2023-09-06,3158.077
2023-09-07,3122.352
2023-09-08,3116.719
2023-09-11,3142.779
2023-09-12,3137.059
2023-09-13,3123.067
2023-09-14,3126.551
2023-09-15,3117.743
2023-09-18,3125.932
2023-09-19,3124.957
2023-09-20,3108.568
2023-09-21,3084.701
2023-09-22,3132.432
2023-09-25,3115.607
2023-09-26,3102.273
2023-09-27,3107.316
2023-09-28,3110.475
2023-10-09,3096.922
2023-10-10,3075.236
2023-10-11,3078.956
2023-10-12,3107.901
2023-10-13,3088.099
2023-10-16,3073.813
2023-10-17,3083.496
2023-10-18,3058.71
2023-10-19,3005.393
2023-10-20,2983.059
2023-10-23,2939.291
2023-10-24,2962.244
2023-10-25,2974.114
2023-10-26,2988.299
2023-10-27,3017.784
2023-10-30,3021.553
2023-10-31,3018.771
2023-11-01,3023.077
2023-11-02,3009.406
2023-11-03,3030.798
2023-11-06,3058.411
2023-11-07,3057.27
2023-11-08,3052.373
2023-11-09,3053.279
2023-11-10,3038.97
2023-11-13,3046.533
2023-11-14,3056.07
2023-11-15,3072.835
2023-11-16,3050.926
2023-11-17,3054.366
2023-11-20,3068.319
2023-11-21,3067.933
2023-11-22,3043.611
2023-11-23,3061.856
2023-11-24,3040.972
2023-11-27,3031.7
2023-11-28,3038.555
2023-11-29,3021.687
2023-11-30,3029.673
2023-12-01,3031.636
2023-12-04,3022.914
2023-12-05,2972.296
2023-12-06,2968.933
2023-12-07,2966.206
2023-12-08,2969.559
2023-12-11,2991.439
2023-12-12,3003.438
2023-12-13,2968.761
2023-12-14,2958.986
2023-12-15,2942.557
2023-12-18,2930.804
2023-12-19,2932.391
2023-12-20,2902.11
2023-12-21,2918.715
2023-12-22,2914.775
2023-12-25,2918.813
2023-12-26,2898.879
2023-12-27,2914.614
2023-12-28,2954.704
2023-12-29,2974.935
2024-01-02,2962.276
2024-01-03,2967.247
2024-01-04,2954.349
2024-01-05,2929.183
2024-01-08,2887.538
2024-01-09,2893.251
2024-01-10,2877.702
2024-01-11,2886.65
2024-01-12,2881.977
2024-01-15,2886.291
2024-01-16,2893.989
2024-01-17,2833.615
2024-01-18,2845.784
2024-01-19,2832.279
2024-01-22,2756.34
2024-01-23,2770.976
2024-01-24,2820.772
2024-01-25,2906.109
2024-01-26,2910.223
2024-01-29,2883.356
2024-01-30,2830.527
2024-01-31,2788.548
2024-02-01,2770.74
2024-02-02,2730.152
2024-02-05,2702.185
2024-02-06,2789.486
2024-02-07,2829.696
2024-02-08,2865.903
2024-02-19,2910.544
2024-02-20,2922.73
2024-02-21,2950.956
2024-02-22,2988.358
2024-02-23,3004.881
2024-02-26,2977.022
2024-02-27,3015.481
2024-02-28,2957.852
2024-02-29,3015.171
2024-03-01,3027.02
2024-03-04,3039.306
2024-03-05,3047.793
2024-03-06,3039.931
2024-03-07,3027.401
2024-03-08,3046.019
2024-03-11,3068.455
2024-03-12,3055.935
2024-03-13,3043.835
2024-03-14,3038.234
2024-03-15,3054.636
2024-03-18,3084.926
2024-03-19,3062.756
2024-03-20,3079.686
2024-03-21,3077.113
2024-03-22,3048.034
2024-03-25,3026.306
2024-03-26,3031.481
2024-03-27,2993.139
2024-03-28,3010.664
2024-03-29,3041.167
2024-04-01,3077.379
2024-04-02,3074.959
2024-04-03,3069.296
2024-04-08,3047.053
2024-04-09,3048.537
2024-04-10,3027.335
2024-04-11,3034.246
2024-04-12,3019.474
2024-04-15,3057.378
2024-04-16,3007.068
2024-04-17,3071.381
2024-04-18,3074.225
2024-04-19,3065.261
2024-04-22,3044.595
2024-04-23,3021.978
2024-04-24,3044.822
2024-04-25,3052.9
2024-04-26,3088.636
2024-04-29,3113.043
2024-04-30,3104.825
2024-05-06,3140.72
2024-05-07,3147.738
2024-05-08,3128.48
2024-05-09,3154.32
2024-05-10,3154.547
2024-05-13,3148.021
2024-05-14,3145.774
2024-05-15,3119.902
2024-05-16,3122.401
2024-05-17,3154.026
2024-05-20,3171.145
2024-05-21,3157.966
2024-05-22,3158.54
2024-05-23,3116.387
2024-05-24,3088.871
2024-05-27,3124.043
2024-05-28,3109.572
2024-05-29,3111.018
2024-05-30,3091.678
2024-05-31,3086.813
2024-06-03,3078.489
2024-06-04,3091.199
2024-06-05,3065.403
2024-06-06,3048.794
2024-06-07,3051.279
2024-06-11,3028.045
2024-06-12,3037.468
2024-06-13,3028.919
2024-06-14,3032.633
2024-06-17,3015.891
2024-06-18,3030.246
2024-06-19,3018.049
2024-06-20,3005.437
2024-06-21,2998.138
2024-06-24,2963.099
2024-06-25,2949.996
2024-06-26,2972.525
2024-06-27,2945.852
2024-06-28,2967.403
2024-07-01,2994.73
2024-07-02,2997.011
2024-07-03,2982.376
2024-07-04,2957.567
2024-07-05,2949.933
2024-07-08,2922.45
2024-07-09,2959.372
2024-07-10,2939.364
2024-07-11,2970.387
2024-07-12,2971.295
2024-07-15,2974.011
2024-07-16,2976.304
2024-07-17,2962.855
2024-07-18,2977.133
2024-07-19,2982.309
2024-07-22,2964.216
2024-07-23,2915.369
2024-07-24,2901.952
2024-07-25,2886.742
2024-07-26,2890.897
2024-07-29,2891.845
2024-07-30,2879.3
2024-07-31,2938.749
2024-08-01,2932.387
2024-08-02,2905.338
2024-08-05,2860.698
2024-08-06,2867.284
2024-08-07,2869.834
2024-08-08,2869.901
2024-08-09,2862.194
2024-08-12,2858.205
2024-08-13,2867.946
2024-08-14,2850.654
2024-08-15,2877.358
2024-08-16,2879.43
2024-08-19,2893.674
2024-08-20,2866.661
2024-08-21,2856.584
2024-08-22,2848.772
2024-08-23,2854.368
2024-08-26,2855.52
2024-08-27,2848.731
2024-08-28,2837.429
2024-08-29,2823.106
2024-08-30,2842.214
2024-09-02,2811.035
2024-09-03,2802.979
2024-09-04,2784.278
2024-09-05,2788.314
2024-09-06,2765.807
2024-09-09,2736.488
2024-09-10,2744.192
2024-09-11,2721.795
2024-09-12,2717.123
2024-09-13,2704.09
2024-09-18,2717.281
2024-09-19,2736.022
2024-09-20,2736.814
2024-09-23,2748.918
2024-09-24,2863.126
2024-09-25,2896.306
2024-09-26,3000.953
2024-09-27,3087.529
2024-09-30,3336.497
2024-10-08,3489.775
2024-10-09,3258.858
2024-10-10,3301.926
2024-10-11,3217.738
2024-10-14,3284.323
2024-10-15,3201.292
2024-10-16,3202.948
2024-10-17,3169.384
2024-10-18,3261.563
2024-10-21,3268.11
2024-10-22,3285.867
2024-10-23,3302.803
2024-10-24,3280.263
2024-10-25,3299.7
2024-10-28,3322.198
2024-10-29,3286.407
2024-10-30,3266.238
2024-10-31,3279.824
2024-11-01,3272.014
2024-11-04,3310.207
2024-11-05,3386.987
2024-11-06,3383.806
2024-11-07,3470.661
2024-11-08,3452.297
2024-11-11,3470.066
2024-11-12,3421.97
2024-11-13,3439.278
2024-11-14,3379.839
2024-11-15,3330.726
2024-11-18,3323.849
2024-11-19,3346.01
2024-11-20,3367.989
2024-11-21,3370.404
2024-11-22,3267.192
2024-11-25,3263.76
2024-11-26,3259.757
2024-11-27,3309.779
2024-11-28,3295.698
2024-11-29,3326.456
2024-12-02,3363.982
2024-12-03,3378.806
2024-12-04,3364.65
2024-12-05,3368.855
2024-12-06,3404.076
2024-12-09,3402.534
2024-12-10,3422.661
2024-12-11,3432.49
2024-12-12,3461.5
2024-12-13,3391.878
2024-12-16,3386.331
2024-12-17,3361.485
2024-12-18,3382.208
2024-12-19,3370.033
2024-12-20,3368.069
2024-12-23,3351.257
2024-12-24,3393.528
2024-12-25,3393.35
2024-12-26,3398.077
2024-12-27,3400.142
2024-12-30,3407.326
2024-12-31,3351.763
2025-01-02,3262.561
2025-01-03,3211.43
2025-01-06,3206.923
2025-01-07,3229.644
2025-01-08,3230.168
2025-01-09,3211.393
2025-01-10,3168.524
2025-01-13,3160.755
2025-01-14,3240.94
2025-01-15,3227.117
2025-01-16,3236.032
2025-01-17,3241.821
2025-01-20,3244.378
2025-01-21,3242.623
2025-01-22,3213.624
2025-01-23,3230.164
2025-01-24,3252.626
2025-01-27,3250.601
2025-02-05,3229.488
2025-02-06,3270.659
2025-02-07,3303.667
2025-02-10,3322.17
2025-02-11,3318.057
2025-02-12,3346.385
2025-02-13,3332.483
2025-02-14,3346.724
2025-02-17,3355.83
2025-02-18,3324.491
2025-02-19,3351.539
2025-02-20,3350.783
2025-02-21,3379.113
2025-02-24,3373.028
2025-02-25,3346.04
2025-02-26,3380.214
2025-02-27,3388.062
2025-02-28,3320.897
2025-03-03,3316.925
2025-03-04,3324.21
2025-03-05,3341.965
2025-03-06,3381.098
2025-03-07,3372.546
2025-03-10,3366.163
2025-03-11,3379.828
2025-03-12,3371.924
2025-03-13,3358.729
2025-03-14,3419.562
2025-03-17,3426.129
2025-03-18,3429.759
2025-03-19,3426.429
2025-03-20,3408.948
2025-03-21,3364.831
2025-03-24,3370.028
2025-03-25,3369.976
2025-03-26,3368.697
2025-03-27,3373.749
2025-03-28,3351.307
2025-03-31,3335.746
2025-04-01,3348.435
2025-04-02,3350.127
2025-04-03,3342.008
2025-04-07,3096.576
2025-04-08,3145.549
2025-04-09,3186.81
2025-04-10,3223.638
2025-04-11,3238.227
2025-04-14,3262.808
2025-04-15,3267.662
2025-04-16,3276.004
2025-04-17,3280.341
2025-04-18,3276.73
2025-04-21,3291.434
2025-04-22,3299.757
2025-04-23,3296.355
2025-04-24,3297.288
2025-04-25,3295.06
2025-04-28,3288.415
2025-04-29,3286.655
2025-04-30,3279.031
2025-05-06,3316.114
2025-05-07,3342.665
2025-05-08,3351.996
2025-05-09,3341.999
2025-05-12,3369.245
2025-05-13,3374.871
2025-05-14,3403.948
2025-05-15,3380.821
2025-05-16,3367.462
2025-05-19,3367.583
2025-05-20,3380.478
2025-05-21,3387.574
2025-05-22,3380.189
2025-05-23,3348.372
2025-05-26,3346.839
2025-05-27,3340.687
2025-05-28,3339.932
2025-05-29,3363.446
2025-05-30,3347.487
2025-06-03,3361.976
2025-06-04,3376.203
2025-06-05,3384.099
2025-06-06,3385.358
2025-06-09,3399.772
2025-06-10,3384.816
2025-06-11,3402.316
2025-06-12,3402.658
2025-06-13,3376.996
2025-06-16,3388.729
2025-06-17,3387.405
2025-06-18,3388.809
2025-06-19,3362.108
2025-06-20,3359.895
2025-06-23,3381.582
2025-06-24,3420.566
2025-06-25,3455.974
2025-06-26,3448.453
2025-06-27,3424.227
2025-06-30,3444.426
2025-07-01,3457.747
2025-07-02,3454.792
2025-07-03,3461.151
2025-07-04,3472.319
2025-07-07,3473.127
2025-07-08,3497.475
2025-07-09,3493.05
2025-07-10,3509.682
2025-07-11,3510.177
2025-07-14,3519.65
2025-07-15,3504.999
2025-07-16,3503.777
2025-07-17,3516.826
2025-07-18,3534.483
2025-07-21,3559.791
2025-07-22,3581.861
2025-07-23,3582.298
2025-07-24,3605.727
2025-07-25,3593.655
2025-07-28,3597.937
2025-07-29,3609.711
2025-07-30,3615.717
2025-07-31,3573.208
2025-08-01,3559.952
2025-08-04,3583.309
2025-08-05,3617.598
2025-08-06,3633.995
2025-08-07,3639.667
2025-08-08,3635.128
2025-08-11,3647.547
2025-08-12,3665.918
2025-08-13,3683.465
2025-08-14,3666.443
2025-08-15,3696.771
2025-08-18,3728.027
2025-08-19,3727.288
2025-08-20,3766.21
2025-08-21,3771.099
2025-08-22,3825.759
2025-08-25,3883.562
2025-08-26,3868.382
2025-08-27,3800.35
2025-08-28,3843.597
2025-08-29,3857.927
2025-09-01,3875.53
2025-09-02,3858.133
2025-09-03,3813.557
2025-09-04,3765.876
2025-09-05,3812.514
2025-09-08,3826.841
2025-09-09,3807.292
2025-09-10,3812.221
2025-09-11,3875.309
2025-09-12,3870.598
2025-09-15,3860.504
2025-09-16,3861.865
2025-09-17,3876.341
2025-09-18,3831.656
2025-09-19,3820.089
2025-09-22,3828.576
2025-09-23,3821.833
2025-09-24,3853.642
2025-09-25,3853.302
2025-09-26,3828.106
2025-09-29,3862.532
2025-09-30,3882.777
2025-10-09,3933.972
2025-10-10,3897.028
2025-10-13,3889.502
2025-10-14,3865.229
2025-10-15,3912.21
2025-10-16,3916.228
2025-10-17,3839.755
2025-10-20,3863.893
2025-10-21,3916.332
2025-10-22,3913.758
2025-10-23,3922.41
2025-10-24,3950.312
2025-10-27,3996.945
2025-10-28,3988.224
2025-10-29,4016.331
2025-10-30,3986.901
2025-10-31,3954.79
2025-11-03,3976.521
2025-11-04,3960.186
2025-11-05,3969.248
2025-11-06,4007.76
2025-11-07,3997.556
2025-11-10,4018.597
2025-11-11,4002.758
2025-11-12,4000.14
2025-11-13,4029.501
2025-11-14,3990.492
2025-11-17,3972.035
2025-11-18,3939.813
2025-11-19,3946.742
2025-11-20,3931.051
2025-11-21,3834.891
2025-11-24,3836.766
2025-11-25,3870.023
2025-11-26,3864.184
2025-11-27,3875.259
2025-11-28,3888.596
2025-12-01,3914.006
2025-12-02,3897.712
2025-12-03,3878.0
2025-12-04,3875.793
2025-12-05,3902.808
2025-12-08,3924.078
2025-12-09,3909.522
2025-12-10,3900.496
2025-12-11,3873.318
2025-12-12,3889.346
2025-12-15,3867.921
2025-12-16,3824.812
2025-12-17,3870.278
2025-12-18,3876.371
2025-12-19,3890.448
2025-12-22,3917.364
2025-12-23,3919.979
2025-12-24,3940.947
2025-12-25,3959.621
2025-12-26,3963.679
2025-12-29,3965.28
2025-12-30,3965.116
2025-12-31,3968.84
2026-01-05,4023.417
2026-01-06,4083.667
2026-01-07,4085.772
2026-01-08,4082.979
2026-01-09,4120.426
2026-01-12,4165.287
2026-01-13,4138.759
2026-01-14,4126.093
2026-01-15,4112.601
2026-01-16,4101.913
2026-01-19,4114.0
2026-01-20,4113.649
2026-01-21,4116.94
2026-01-22,4122.576
2026-01-23,4136.164
2026-01-26,4132.605
2026-01-27,4139.904
2026-01-28,4151.238
2026-01-29,4157.985
2026-01-30,4117.948
2026-02-02,4015.746
2026-02-03,4067.738
2026-02-04,4102.202
2026-02-05,4075.917
2026-02-06,4065.583
2026-02-09,4123.09
2026-02-10,4128.373
2026-02-11,4131.985
2026-02-12,4134.018
2026-02-13,4082.073
2026-02-24,4117.409
2026-02-25,4147.231
2026-02-26,4146.631
2026-02-27,4162.882
2026-03-02,4182.591
2026-03-03,4122.676
2026-03-04,4082.474
2026-03-05,4108.567
2026-03-06,4124.194
2026-03-09,4096.602
2026-03-10,4123.138
2026-03-11,4133.433
2026-03-12,4129.103
2026-03-13,4095.449
2026-03-16,4084.786
2026-03-17,4049.907
2026-03-18,4062.984
2026-03-19,4006.552
2026-03-20,3957.053
2026-03-23,3813.283
2026-03-24,3881.28
2026-03-25,3931.838
2026-03-26,3889.084
2026-03-27,3913.724
2026-03-30,3923.287
2026-03-31,3891.861
2026-04-01,3948.552
2026-04-02,3919.285
2026-04-03,3880.097
2026-04-07,3890.165
2026-04-08,3994.998
2026-04-09,3966.171
2026-04-10,3986.225
2026-04-13,3988.558
2026-04-14,4026.626
2026-04-15,4027.21
2026-04-16,4055.547
2026-04-17,4051.425
2026-04-20,4082.127
2026-04-21,4085.077
2026-04-22,4106.258
2026-04-23,4093.25
2026-04-24,4079.9
2026-04-27,4086.344
2026-04-28,4078.637
2026-04-29,4107.514
2026-04-30,4112.159
2026-05-06,4160.174
2026-05-07,4180.092
2026-05-08,4179.952
2026-05-11,4225.021
2026-05-12,4214.489
2026-05-13,4242.572
2026-05-14,4177.918
2026-05-15,4135.389
2026-05-18,4131.528
2026-05-19,4169.538
2026-05-20,4162.185
2026-05-21,4077.277
2026-05-22,4112.9
2026-05-25,4152.569
2026-05-26,4145.373
2026-05-27,4093.727
2026-05-28,4098.636
2026-05-29,4068.569
2026-06-01,4057.74
2026-06-02,4075.102
2026-06-03,4083.974
2026-06-04,4057.781
2026-06-05,4027.736
2026-06-08,3959.338
2026-06-09,4010.031
2026-06-10,3993.226
2026-06-11,3987.015
2026-06-12,4031.513
2026-06-15,4096.472
2026-06-16,4091.892
2026-06-17,4108.076
2026-06-18,4090.481
2026-06-22,4163.097
2026-06-23,4106.252
2026-06-24,4110.813
2026-06-25,4120.281
