date,NoDur,Durbl,Manuf,Enrgy,HiTec,Telcm,Shops,Hlth,Utils,Other
1926-07-31,0.0144,0.139,0.047,-0.011399999999999999,0.028999999999999998,0.0083,0.0012,0.018500000000000003,0.0704,0.021400000000000002
1926-08-31,0.039900000000000005,0.037000000000000005,0.027999999999999997,0.034300000000000004,0.026600000000000002,0.0217,-0.0072,0.0417,-0.017,0.0435
1926-09-30,0.0115,0.049800000000000004,0.011699999999999999,-0.033,-0.0039000000000000003,0.0242,0.0021,0.0069,0.020499999999999997,0.0031
1926-10-31,-0.0124,-0.0839,-0.0365,-0.0078000000000000005,-0.0458,-0.0011,-0.0229,-0.005699999999999999,-0.0327,-0.0285
1926-11-30,0.0521,-0.0017000000000000001,0.042699999999999995,0.0001,0.0471,0.0163,0.0645,0.054299999999999994,0.044000000000000004,0.0213
1926-12-31,0.008,0.099,0.0363,0.0282,-0.0004,0.0199,0.0062,0.0009,-0.0018,0.0346
1927-01-31,-0.006500000000000001,-0.0092,-0.0007000000000000001,0.0128,-0.0113,0.018799999999999997,-0.0254,0.0507,-0.0179,0.015
1927-02-28,0.0336,0.08960000000000001,0.0581,0.0147,0.044500000000000005,0.0397,0.0362,0.0171,0.0454,0.0507
1927-03-31,0.0277,0.016200000000000003,0.014499999999999999,-0.0604,0.0147,0.0562,-0.0046,0.0101,0.0037,0.011699999999999999
1927-04-30,0.0351,0.031400000000000004,0.0076,-0.051699999999999996,0.054000000000000006,-0.0207,0.044800000000000006,0.0274,0.0171,0.0086
1927-05-31,0.083,0.059500000000000004,0.0508,0.0478,0.0737,0.0335,0.023399999999999997,0.041299999999999996,0.09230000000000001,0.06559999999999999
1927-06-30,-0.0197,-0.0302,-0.0281,-0.0315,0.0329,-0.0216,-0.0060999999999999995,0.0054,-0.0358,-0.0217
1927-07-31,0.0484,0.131,0.1208,0.0286,0.12369999999999999,0.0373,0.0986,0.0984,0.055,0.060899999999999996
1927-08-31,0.0273,0.0702,0.0304,-0.0004,0.055099999999999996,0.0043,0.0735,0.0027,0.0326,-0.0101
1927-09-30,0.0527,0.056600000000000004,0.0444,0.0331,0.0121,0.0655,0.075,0.056600000000000004,0.08289999999999999,0.0458
1927-10-31,-0.0064,-0.0441,-0.067,-0.0207,-0.0724,-0.0209,-0.049400000000000006,0.051399999999999994,-0.0435,-0.0383
1927-11-30,0.0632,0.0641,0.1085,0.042,0.1076,0.028300000000000002,0.11689999999999999,0.0368,0.0633,0.045
1927-12-31,0.025,0.07780000000000001,0.0308,-0.0024,0.0124,0.013300000000000001,-0.0068000000000000005,-0.004699999999999999,0.022400000000000003,0.0195
1928-01-31,0.004699999999999999,-0.0334,-0.005699999999999999,-0.018799999999999997,-0.0039000000000000003,0.0029,-0.0088,0.027000000000000003,0.0588,-0.0095
1928-02-29,-0.0397,0.0128,-0.0189,-0.0018,-0.0046,-0.003,-0.011200000000000002,-0.0344,-0.0077,-0.020099999999999996
1928-03-31,0.044000000000000004,0.275,0.0825,0.0562,0.19440000000000002,0.0197,0.08470000000000001,0.09939999999999999,0.0665,0.0599
1928-04-30,-0.0048,0.0146,0.0151,0.1525,0.0223,0.0313,0.0002,0.0235,0.1096,0.0433
1928-05-31,0.009000000000000001,0.0565,0.0352,-0.0535,0.023,0.06570000000000001,0.0381,0.09300000000000001,0.015,-0.0001
1928-06-30,-0.044000000000000004,-0.041299999999999996,-0.0495,-0.0408,-0.05,-0.0521,-0.034,-0.031200000000000002,-0.0344,-0.0444
1928-07-31,0.0168,0.0098,0.0199,0.0105,0.006500000000000001,-0.0128,0.0545,0.024,-0.0123,-0.0034999999999999996
1928-08-31,0.0611,0.091,0.0868,0.0241,0.0975,0.0455,0.1356,0.1472,0.06480000000000001,0.0475
1928-09-30,0.011699999999999999,0.0789,0.0418,0.053399999999999996,0.0067,0.0014000000000000002,0.0016,-0.011399999999999999,0.0379,0.0109
1928-10-31,0.009000000000000001,0.0007000000000000001,0.0433,0.0204,0.018500000000000003,0.0297,0.058899999999999994,0.0005,-0.0191,-0.005
1928-11-30,0.0659,0.0453,0.131,0.1728,0.1956,0.0668,0.1531,0.050499999999999996,0.22010000000000002,0.1
1928-12-31,-0.0031,-0.012199999999999999,0.031400000000000004,-0.0436,0.0723,-0.0036,-0.0132,-0.0046,0.0154,0.0039000000000000003
1929-01-31,0.0322,0.0131,0.1101,-0.0759,0.10460000000000001,0.1338,-0.0388,0.0341,0.133,0.0559
1929-02-28,-0.0254,0.0,0.0342,-0.0017000000000000001,-0.0113,-0.0115,-0.0241,0.0004,-0.0199,0.0004
1929-03-31,-0.0466,-0.018799999999999997,-0.0184,0.1114,0.0484,0.0432,-0.0513,-0.015,-0.0318,-0.022000000000000002
1929-04-30,0.0178,-0.0098,0.023,0.0074,0.0178,0.0339,0.037599999999999995,0.0148,0.050199999999999995,0.0073
1929-05-31,-0.0394,-0.1516,-0.09789999999999999,-0.0559,0.0034000000000000002,-0.0877,-0.0867,-0.0789,0.046799999999999994,-0.0029
1929-06-30,0.0533,0.0701,0.1328,0.011399999999999999,0.1721,0.138,0.0951,0.0453,0.2348,0.057999999999999996
1929-07-31,0.0322,-0.0297,0.0424,0.0017000000000000001,0.0924,0.1368,0.0104,0.026000000000000002,0.0917,0.0658
1929-08-31,0.047599999999999996,0.030299999999999997,0.09380000000000001,0.1137,0.12539999999999998,0.10980000000000001,0.0782,0.0313,0.0901,0.0767
1929-09-30,-0.0356,-0.0837,-0.0718,-0.0304,-0.0756,-0.0138,-0.0548,-0.0704,0.0092,-0.06309999999999999
1929-10-31,-0.1075,-0.2899,-0.1974,-0.1017,-0.2777,-0.1539,-0.24,-0.1804,-0.29719999999999996,-0.1207
1929-11-30,-0.08449999999999999,-0.17350000000000002,-0.14029999999999998,-0.0639,-0.1924,-0.0947,-0.1233,-0.0785,-0.1537,-0.0943
1929-12-31,0.0066,0.0492,0.0149,-0.011699999999999999,0.10800000000000001,0.0106,-0.0605,0.0109,0.0816,-0.0074
1930-01-31,0.057699999999999994,0.0596,0.0691,-0.0075,0.1061,0.012,0.047400000000000005,0.0255,0.0851,0.0513
1930-02-28,0.0219,0.024399999999999998,0.021400000000000002,-0.0451,0.0775,0.0706,-0.051399999999999994,0.0229,0.08650000000000001,0.0327
1930-03-31,0.0213,0.1137,0.0688,0.1807,0.0815,0.0888,-0.0245,0.0637,0.09849999999999999,0.0473
1930-04-30,0.0054,-0.0783,-0.0739,0.0646,0.0197,-0.0452,0.0263,-0.0127,0.0331,-0.0639
1930-05-31,0.0134,0.042,-0.0179,-0.0373,-0.044000000000000004,0.004,-0.0017000000000000001,-0.0152,-0.0128,-0.01
1930-06-30,-0.1106,-0.2235,-0.1613,-0.1551,-0.1975,-0.0832,-0.1629,-0.1193,-0.193,-0.1188
1930-07-31,0.0313,0.1211,0.0475,0.0519,0.0407,0.0127,0.0269,0.0652,0.0408,0.0342
1930-08-31,0.020099999999999996,-0.0189,-0.0006,-0.0315,0.022099999999999998,0.0174,0.0499,0.07769999999999999,0.011899999999999999,-0.0038
1930-09-30,-0.0891,-0.1681,-0.1444,-0.1552,-0.18309999999999998,-0.053,-0.1094,-0.0875,-0.11939999999999999,-0.106
1930-10-31,-0.049800000000000004,-0.1164,-0.09609999999999999,-0.0843,-0.17350000000000002,-0.0412,-0.0863,-0.0437,-0.08289999999999999,-0.08449999999999999
1930-11-30,0.0018,0.0533,-0.0034000000000000002,-0.0374,-0.032400000000000005,-0.0327,0.0278,-0.0311,-0.0876,-0.051699999999999996
1930-12-31,-0.0462,-0.0127,-0.0825,-0.1252,-0.10779999999999999,-0.0379,-0.13449999999999998,-0.0692,-0.0368,-0.0889
1931-01-31,0.0538,0.0802,0.0352,0.058600000000000006,0.0525,0.0479,0.07200000000000001,0.0824,0.056100000000000004,0.11960000000000001
1931-02-28,0.0681,0.17420000000000002,0.1292,0.059699999999999996,0.2238,0.059500000000000004,0.14800000000000002,0.0783,0.1531,0.054900000000000004
1931-03-31,-0.0171,-0.0382,-0.0699,-0.14550000000000002,-0.078,-0.0361,-0.0335,0.0179,-0.0286,-0.09380000000000001
1931-04-30,-0.053200000000000004,-0.0788,-0.14029999999999998,-0.1378,-0.1306,-0.0425,-0.0483,-0.0362,-0.0904,-0.1001
1931-05-31,-0.1105,-0.16329999999999997,-0.1649,-0.1216,-0.1293,-0.0894,-0.032400000000000005,-0.1036,-0.1117,-0.1739
1931-06-30,0.10779999999999999,0.1465,0.174,0.1743,0.18760000000000002,0.1032,0.0788,0.09720000000000001,0.1093,0.1641
1931-07-31,-0.0382,-0.021099999999999997,-0.1025,-0.0364,-0.1039,-0.0487,-0.0155,0.026099999999999998,-0.0541,-0.09910000000000001
1931-08-31,-0.0062,-0.028999999999999998,-0.0012,0.09480000000000001,0.037200000000000004,0.008199999999999999,0.030600000000000002,0.0039000000000000003,0.0,-0.04019999999999999
1931-09-30,-0.24969999999999998,-0.3486,-0.3002,-0.3053,-0.3396,-0.217,-0.304,-0.2959,-0.29600000000000004,-0.26780000000000004
1931-10-31,0.0695,0.1297,0.061200000000000004,0.1503,0.1139,0.0434,0.1413,0.1127,0.1048,0.0208
1931-11-30,-0.0441,-0.037200000000000004,-0.0803,-0.0873,-0.1417,-0.06860000000000001,-0.0962,-0.028300000000000002,-0.0481,-0.1916
1931-12-31,-0.09759999999999999,-0.08789999999999999,-0.15410000000000001,-0.18960000000000002,-0.1359,-0.08,-0.1543,-0.040999999999999995,-0.1325,-0.16149999999999998
1932-01-31,0.0203,-0.069,-0.0049,-0.0487,-0.1143,-0.0404,0.009899999999999999,-0.026600000000000002,-0.0253,0.0722
1932-02-29,0.0562,0.0202,0.0592,0.0872,0.0629,0.11630000000000001,0.0408,0.02,0.0708,-0.0039000000000000003
1932-03-31,-0.062,-0.222,-0.1435,-0.0113,-0.14529999999999998,-0.1013,-0.08650000000000001,-0.065,-0.10400000000000001,-0.1623
1932-04-30,-0.1153,-0.2952,-0.2296,-0.1426,-0.24170000000000003,-0.12390000000000001,-0.15410000000000001,-0.1977,-0.1565,-0.22219999999999998
1932-05-31,-0.2112,-0.18789999999999998,-0.1822,-0.0529,-0.2862,-0.1081,-0.2937,-0.3477,-0.2729,-0.3065
1932-06-30,0.010700000000000001,-0.0781,-0.0252,0.0596,0.0692,-0.0971,-0.0042,0.10869999999999999,0.0146,-0.015600000000000001
1932-07-31,0.2477,0.4498,0.41850000000000004,0.3393,0.442,0.16699999999999998,0.27149999999999996,0.2921,0.2942,0.5588000000000001
1932-08-31,0.2285,0.45439999999999997,0.4646,0.1954,0.4567,0.2817,0.3309,0.3614,0.4355,0.5875
1932-09-30,-0.0096,0.0852,-0.0245,-0.10400000000000001,-0.055999999999999994,0.0031,0.03,-0.1193,-0.04650000000000001,-0.042
1932-10-31,-0.1142,-0.24760000000000001,-0.15839999999999999,-0.037599999999999995,-0.19039999999999999,-0.08130000000000001,-0.1268,-0.1856,-0.10830000000000001,-0.18
1932-11-30,-0.0719,-0.029300000000000003,-0.1032,-0.045599999999999995,-0.0825,-0.0113,-0.055999999999999994,0.0533,-0.0362,-0.0692
1932-12-31,0.0378,0.0433,0.0329,0.0012,0.0741,0.0368,0.048799999999999996,0.0678,0.0915,0.049100000000000005
1933-01-31,0.0463,0.0091,0.0342,-0.029300000000000003,0.0141,0.0031,-0.023399999999999997,-0.011399999999999999,-0.044000000000000004,0.08529999999999999
1933-02-28,-0.0906,-0.2466,-0.1754,-0.1334,-0.201,-0.07769999999999999,-0.1813,-0.1096,-0.1991,-0.16440000000000002
1933-03-31,0.1033,0.0915,0.1119,0.0379,0.0738,-0.062,0.085,-0.0321,-0.1305,0.0365
1933-04-30,0.34240000000000004,0.7979,0.5808,0.3936,0.5181,0.1322,0.42450000000000004,0.3714,0.2569,0.309
1933-05-31,0.1268,0.26030000000000003,0.26039999999999996,0.1748,0.19829999999999998,0.17370000000000002,0.1728,0.2366,0.193,0.3156
1933-06-30,0.1043,0.2079,0.12279999999999999,0.12179999999999999,0.1082,0.105,0.1592,0.1039,0.1559,0.14550000000000002
1933-07-31,-0.0662,-0.0706,-0.1137,-0.12050000000000001,-0.1107,-0.0436,-0.1346,-0.1911,-0.1349,-0.0666
1933-08-31,0.0987,0.2094,0.16219999999999998,0.19079999999999997,0.12890000000000001,0.0453,0.0712,-0.0042,-0.0124,0.1461
1933-09-30,-0.07490000000000001,-0.15410000000000001,-0.1015,-0.0269,-0.1716,-0.037000000000000005,-0.08789999999999999,-0.0134,-0.19760000000000003,-0.1643
1933-10-31,-0.09119999999999999,-0.10060000000000001,-0.08130000000000001,-0.048499999999999995,-0.0973,-0.0718,-0.0784,-0.0603,-0.07519999999999999,-0.1143
1933-11-30,0.0521,0.2548,0.13,0.1471,0.1294,0.056299999999999996,0.1447,0.09449999999999999,-0.024399999999999998,0.053899999999999997
1933-12-31,-0.0342,0.1045,0.046799999999999994,-0.0121,0.0139,-0.038,0.0449,-0.11779999999999999,0.0106,0.0471
1934-01-31,0.10060000000000001,0.1322,0.111,0.0872,0.16079999999999997,0.059699999999999996,0.1743,0.1679,0.2054,0.18710000000000002
1934-02-28,-0.0504,-0.0207,-0.0316,-0.0339,-0.06309999999999999,0.0212,0.030699999999999998,-0.036000000000000004,-0.0175,-0.019
1934-03-31,0.011699999999999999,-0.003,-0.0125,-0.013300000000000001,0.0318,0.0126,0.024,-0.0064,-0.0181,0.008100000000000001
1934-04-30,0.0308,-0.06849999999999999,-0.0269,-0.0199,-0.0233,-0.0125,-0.0124,0.08,-0.037599999999999995,-0.0161
1934-05-31,-0.029900000000000003,-0.1282,-0.1011,-0.0462,-0.0661,-0.043,-0.0797,-0.0034000000000000002,-0.0779,-0.0741
1934-06-30,0.038599999999999995,-0.0275,0.0425,0.012,0.0279,0.0127,0.0242,0.0203,0.0432,0.0313
1934-07-31,-0.0512,-0.1384,-0.1157,-0.0974,-0.1189,-0.0435,-0.0836,-0.019,-0.1726,-0.17489999999999997
1934-08-31,0.042300000000000004,0.10890000000000001,0.0751,0.0611,0.066,0.0256,0.0471,-0.030699999999999998,0.0203,0.0453
1934-09-30,0.0025,0.0068000000000000005,-0.011200000000000002,-0.0232,-0.0031,0.0179,0.0256,0.008199999999999999,0.0161,-0.0033
1934-10-31,0.0060999999999999995,-0.0209,-0.0042,-0.046799999999999994,-0.009300000000000001,-0.0144,0.016200000000000003,-0.0070999999999999995,-0.076,-0.0222
1934-11-30,0.0851,0.17670000000000002,0.126,0.0702,0.1354,-0.0173,0.09699999999999999,0.0406,-0.0029,0.0565
1934-12-31,-0.009399999999999999,0.0356,0.022099999999999998,0.0068000000000000005,0.0369,-0.006,-0.0104,0.0060999999999999995,-0.0864,-0.0013
1935-01-31,-0.013999999999999999,-0.08839999999999999,-0.024,-0.0437,0.011200000000000002,-0.0046,-0.0538,-0.0086,-0.0317,-0.0673
1935-02-28,0.016,-0.035,-0.0181,-0.0338,0.002,0.0104,-0.0066,0.043,-0.1219,-0.0475
1935-03-31,-0.0487,-0.0582,-0.048600000000000004,-0.0382,-0.041299999999999996,-0.0072,-0.0436,-0.031400000000000004,0.12359999999999999,-0.054299999999999994
1935-04-30,0.0599,0.0572,0.0904,0.1549,0.1024,0.0913,0.0692,0.0318,0.1115,0.0877
1935-05-31,0.0108,0.0292,0.018600000000000002,0.035,0.0264,0.08380000000000001,0.0255,-0.0408,0.1377,0.0391
1935-06-30,0.055099999999999996,0.0978,0.06509999999999999,0.015,0.08349999999999999,0.053200000000000004,0.0626,0.0408,0.0913,0.0637
1935-07-31,0.031400000000000004,0.1909,0.1061,0.0014000000000000002,0.096,0.0574,0.0751,0.032,0.09230000000000001,0.08130000000000001
1935-08-31,-0.015700000000000002,0.0898,0.032400000000000005,-0.019,0.0322,0.0407,0.030699999999999998,0.0025,0.0723,0.025099999999999997
1935-09-30,0.0169,0.111,0.042300000000000004,-0.0334,0.0776,0.042699999999999995,-0.0058,0.011000000000000001,-0.0204,0.0054
1935-10-31,0.0449,0.1364,0.058499999999999996,0.1354,0.08800000000000001,0.0311,0.012199999999999999,0.059800000000000006,0.1416,0.0245
1935-11-30,0.0109,0.0342,0.045899999999999996,0.0279,0.0582,0.09720000000000001,0.028999999999999998,0.0174,0.0083,0.1323
1935-12-31,0.021,0.057999999999999996,0.0368,0.1407,0.0351,-0.0014000000000000002,-0.0103,0.0235,0.056299999999999996,0.0425
1936-01-31,0.032400000000000005,0.038900000000000004,0.056299999999999996,0.1411,0.0649,0.0417,-0.0281,0.0346,0.12539999999999998,0.1241
1936-02-29,0.006,0.0374,0.0556,0.012199999999999999,0.0034000000000000002,0.06570000000000001,0.0098,0.0346,-0.066,0.028399999999999998
1936-03-31,-0.0209,0.1018,0.024300000000000002,0.0166,-0.0005,-0.034300000000000004,0.0115,0.0351,0.006500000000000001,-0.0308
1936-04-30,-0.0446,-0.1015,-0.0894,-0.10220000000000001,-0.0863,-0.056299999999999996,-0.0525,-0.092,-0.08349999999999999,-0.07429999999999999
1936-05-31,0.049699999999999994,0.0405,0.062,-0.0059,0.052199999999999996,0.0646,0.0673,0.048,0.0953,0.0737
1936-06-30,0.0232,0.0687,0.0129,0.0173,0.013000000000000001,0.024300000000000002,0.0529,0.0128,0.0362,0.0178
1936-07-31,0.0296,0.049100000000000005,0.07690000000000001,0.047400000000000005,0.1206,0.024399999999999998,0.064,0.0466,0.1159,0.0964
1936-08-31,0.0084,-0.0028000000000000004,0.0165,-0.0068000000000000005,0.0241,0.0176,0.025,-0.0148,-0.0102,0.018600000000000002
1936-09-30,-0.0067,0.0326,0.0207,0.0105,-0.0125,0.0031,0.0274,0.0077,-0.020499999999999997,0.008199999999999999
1936-10-31,0.0337,0.0508,0.07730000000000001,0.1223,0.0574,0.0509,0.1127,0.0378,0.057300000000000004,0.0806
1936-11-30,0.045,-0.014499999999999999,0.0545,0.0148,0.055099999999999996,0.0387,0.10980000000000001,0.0337,-0.028399999999999998,0.004699999999999999
1936-12-31,-0.0147,-0.0728,0.0194,0.0909,0.0263,-0.0042,-0.0817,-0.0206,-0.0163,-0.0124
1937-01-31,0.025099999999999997,0.0727,0.046,0.0241,0.0862,-0.0085,0.0008,0.0347,0.026099999999999998,0.010700000000000001
1937-02-28,0.0089,-0.0051,0.026600000000000002,0.013500000000000002,-0.0132,-0.030600000000000002,0.0301,-0.0373,-0.0421,0.0478
1937-03-31,-0.0101,-0.041299999999999996,0.013500000000000002,0.0352,-0.0449,-0.021,-0.0268,-0.050300000000000004,-0.0632,0.026600000000000002
1937-04-30,-0.0639,-0.0791,-0.0915,-0.053099999999999994,-0.0762,-0.0525,-0.0726,-0.0332,-0.0748,-0.06849999999999999
1937-05-31,-0.0045000000000000005,-0.0199,0.01,-0.0022,0.008,0.015300000000000001,-0.0455,0.0168,-0.053,-0.0333
1937-06-30,-0.0326,-0.10769999999999999,-0.0363,-0.0268,-0.0147,0.014199999999999999,-0.0159,-0.041299999999999996,-0.0527,-0.0901
1937-07-31,0.0507,0.1323,0.09210000000000002,0.0842,0.0955,0.0327,0.10339999999999999,0.0414,0.19329999999999997,0.0874
1937-08-31,-0.0248,-0.023799999999999998,-0.0444,-0.0659,-0.047599999999999996,-0.0254,-0.042699999999999995,0.011000000000000001,-0.102,-0.0836
1937-09-30,-0.09140000000000001,-0.1268,-0.1748,-0.13140000000000002,-0.1413,-0.021,-0.1414,-0.10800000000000001,-0.1176,-0.1594
1937-10-31,-0.0706,-0.12890000000000001,-0.1388,-0.0696,-0.0719,-0.0536,-0.0693,-0.0355,-0.048,-0.09960000000000001
1937-11-30,-0.0588,-0.1563,-0.0929,-0.11560000000000001,-0.0446,-0.0359,-0.1442,-0.0513,0.0296,-0.0678
1937-12-31,-0.0232,-0.16329999999999997,-0.0246,-0.0125,-0.022000000000000002,-0.0155,-0.0675,-0.0241,-0.1073,-0.06849999999999999
1938-01-31,0.028399999999999998,0.1105,-0.0124,0.0048,-0.024700000000000003,-0.024300000000000002,0.0599,0.0351,-0.0572,0.0049
1938-02-28,0.0354,0.0348,0.0868,0.09480000000000001,0.0436,-0.0232,0.09519999999999999,0.0862,0.0363,0.049
1938-03-31,-0.15990000000000001,-0.2735,-0.25780000000000003,-0.255,-0.2788,-0.17670000000000002,-0.22399999999999998,-0.1454,-0.1966,-0.3018
1938-04-30,0.12369999999999999,0.1485,0.1388,0.1631,0.16760000000000003,0.13470000000000001,0.1634,0.1182,0.1478,0.146
1938-05-31,-0.0025,-0.0701,-0.069,-0.0591,-0.03,0.0083,-0.039,0.017,0.0215,-0.0393
1938-06-30,0.1324,0.3603,0.3296,0.22030000000000002,0.2735,0.1257,0.24100000000000002,0.1009,0.16949999999999998,0.25079999999999997
1938-07-31,0.0662,0.1989,0.068,0.0735,0.058499999999999996,0.0128,0.0907,0.057999999999999996,0.0067,0.1001
1938-08-31,-0.0403,0.059800000000000006,-0.0192,-0.0885,-0.011899999999999999,0.0028000000000000004,-0.0242,0.0036,-0.0553,-0.0374
1938-09-30,0.0052,0.0069,0.0168,0.0083,0.0161,0.0092,0.0006,0.0,0.0125,-0.0123
1938-10-31,0.051500000000000004,0.0649,0.1061,-0.0141,0.1008,0.0356,0.0819,0.0562,0.2109,0.1108
1938-11-30,-0.025,-0.0121,-0.014499999999999999,-0.0016,-0.0435,0.006500000000000001,-0.0043,0.0143,-0.0702,-0.0204
1938-12-31,0.0278,0.0213,0.055999999999999994,0.049400000000000006,0.031,0.0258,0.0092,0.0086,0.0395,0.059699999999999996
1939-01-31,-0.0192,-0.0834,-0.0941,-0.06309999999999999,-0.075,0.0181,-0.031400000000000004,-0.0096,0.0121,-0.0873
1939-02-28,0.024700000000000003,0.071,0.031200000000000002,-0.0118,0.0276,0.0353,0.0621,0.0373,0.08789999999999999,0.046900000000000004
1939-03-31,-0.057800000000000004,-0.1764,-0.1561,-0.08349999999999999,-0.1505,-0.0231,-0.09609999999999999,-0.0436,-0.1366,-0.151
1939-04-30,0.006,0.0072,-0.0132,-0.0106,-0.0271,0.0275,-0.0013,0.01,0.030299999999999997,-0.0178
1939-05-31,0.054900000000000004,0.07919999999999999,0.0762,0.0258,0.08289999999999999,0.0556,0.114,0.055,0.066,0.0802
1939-06-30,-0.0206,-0.0678,-0.0639,-0.0596,-0.0802,-0.0384,-0.0271,0.0108,-0.0355,-0.0756
1939-07-31,0.0623,0.17579999999999998,0.129,0.029500000000000002,0.1404,0.06509999999999999,0.0872,0.0308,0.1272,0.1215
1939-08-31,-0.0739,-0.0696,-0.0679,-0.0391,-0.08109999999999999,-0.04190000000000001,-0.0736,-0.0546,-0.0604,-0.09820000000000001
1939-09-30,0.0478,0.2373,0.2701,0.2557,0.1226,0.0236,0.016,0.0706,0.036000000000000004,0.2576
1939-10-31,0.0326,-0.013999999999999999,-0.0256,-0.0393,-0.0089,0.0305,0.057800000000000004,0.0022,0.0212,-0.0161
1939-11-30,-0.004699999999999999,-0.0296,-0.0601,-0.061900000000000004,-0.0263,0.0097,-0.023399999999999997,0.012199999999999999,-0.015,-0.051100000000000007
1939-12-31,0.0318,0.0388,0.0397,-0.0009,0.0362,0.028900000000000002,0.0305,0.0377,0.029500000000000002,0.013500000000000002
1940-01-31,0.0169,-0.0383,-0.0463,-0.0219,-0.042,-0.0012,-0.0095,-0.0179,-0.0005,-0.0275
1940-02-29,0.009399999999999999,0.0206,0.027000000000000003,0.0096,-0.0058,0.0104,0.025099999999999997,0.0149,-0.0125,0.0086
1940-03-31,0.0166,0.0378,0.0154,0.0172,0.0305,0.0116,0.031,0.0191,0.0175,0.0264
1940-04-30,0.0175,-0.0054,0.0075,0.0017000000000000001,-0.0149,0.0033,-0.0013,-0.0031,-0.0134,-0.0074
1940-05-31,-0.2095,-0.2619,-0.22219999999999998,-0.2466,-0.2079,-0.1413,-0.2447,-0.2127,-0.20010000000000003,-0.24100000000000002
1940-06-30,0.054000000000000006,0.0868,0.0421,0.056900000000000006,0.0302,0.0876,0.09029999999999999,0.0493,0.1747,0.08449999999999999
1940-07-31,-0.0002,0.0592,0.0433,0.032,0.05,0.0197,0.043899999999999995,-0.0052,0.0008,0.0338
1940-08-31,0.0134,0.0753,0.025,0.0143,0.0332,-0.0036,0.028999999999999998,-0.0229,-0.0105,0.028900000000000002
1940-09-30,0.0253,0.0317,0.0414,-0.0227,0.042300000000000004,0.0167,0.0333,0.0462,-0.0219,0.0245
1940-10-31,-0.014199999999999999,0.0394,0.041100000000000005,0.06309999999999999,0.024300000000000002,0.0161,0.0008,-0.03,0.0383,0.053
1940-11-30,-0.01,-0.0074,-0.015,0.008,-0.0285,0.006,-0.022099999999999998,-0.018600000000000002,-0.1311,-0.0014000000000000002
1940-12-31,0.0054,-0.0329,0.0118,0.0235,-0.001,0.020499999999999997,0.0042,-0.0023,0.0177,0.0022
1941-01-31,-0.0052,-0.0922,-0.0709,-0.021400000000000002,-0.0256,-0.021,-0.0364,-0.0219,-0.0218,-0.0161
1941-02-28,-0.025,0.0128,-0.0204,-0.0069,-0.0033,-0.0223,-0.0254,-0.0471,-0.011899999999999999,-0.0033
1941-03-31,0.005600000000000001,-0.017,0.0076,0.0375,0.0034000000000000002,0.0177,0.0121,0.0178,-0.0334,0.018000000000000002
1941-04-30,-0.041299999999999996,-0.1057,-0.057,0.0141,-0.0883,-0.0635,-0.0525,-0.052199999999999996,-0.09630000000000001,-0.0444
1941-05-31,-0.0141,0.0034000000000000002,0.0366,0.0545,-0.0043,0.004,0.0227,-0.0147,-0.0447,-0.009300000000000001
1941-06-30,0.0629,0.039,0.0649,0.052199999999999996,0.10779999999999999,0.050300000000000004,0.0509,0.0672,0.039,0.0453
1941-07-31,0.0554,0.0397,0.0711,0.1106,0.018000000000000002,-0.0038,0.047400000000000005,0.08039999999999999,0.0533,0.07519999999999999
1941-08-31,0.0083,0.024,-0.006500000000000001,-0.0345,0.0074,0.0106,0.0239,0.0008,-0.020499999999999997,0.0018
1941-09-30,0.0178,0.0414,-0.0291,-0.0066,-0.0079,0.0025,0.0043,-0.0021,-0.0285,-0.0258
1941-10-31,-0.0706,-0.07980000000000001,-0.0644,0.0219,-0.1011,-0.027200000000000002,-0.052000000000000005,-0.037200000000000004,-0.0973,-0.0415
1941-11-30,-0.0319,-0.0371,-0.014199999999999999,0.031400000000000004,-0.0204,-0.0403,-0.045599999999999995,-0.0296,-0.0673,-0.0154
1941-12-31,-0.0395,-0.11810000000000001,0.0078000000000000005,-0.1112,0.0051,-0.0863,-0.0984,-0.016,-0.0751,-0.0537
1942-01-31,0.0254,0.0625,-0.022000000000000002,-0.0163,0.0095,-0.0137,0.006500000000000001,-0.0302,0.0405,0.0955
1942-02-28,-0.055,0.052000000000000005,-0.024,-0.058499999999999996,-0.0245,-0.005699999999999999,-0.019299999999999998,-0.0541,-0.0248,-0.018600000000000002
1942-03-31,-0.08289999999999999,0.014199999999999999,-0.0557,-0.0825,-0.0629,-0.0695,-0.0709,-0.0554,-0.122,-0.0901
1942-04-30,-0.0409,-0.0437,-0.0458,-0.0358,-0.0362,-0.0732,-0.059000000000000004,-0.0444,-0.0346,-0.0196
1942-05-31,0.08779999999999999,0.10060000000000001,0.0174,0.0682,0.0786,0.07719999999999999,0.1182,0.1478,0.0839,0.0348
1942-06-30,0.0352,0.0176,0.0351,0.0443,0.046,-0.0231,0.0253,0.0285,0.0166,0.019
1942-07-31,0.0242,0.0209,0.0276,0.060599999999999994,0.0181,0.044800000000000006,0.0496,0.016,-0.004699999999999999,0.0658
1942-08-31,0.008,0.0235,0.0134,0.0355,0.0074,0.024900000000000002,0.0172,0.024399999999999998,0.008100000000000001,0.024300000000000002
1942-09-30,-0.0006,0.026000000000000002,0.0326,0.023700000000000002,0.0518,0.0207,0.0067,0.0026,0.058600000000000006,0.0338
1942-10-31,0.0451,0.0582,0.0673,0.0962,0.06269999999999999,0.061900000000000004,0.006,0.0414,0.1519,0.0891
1942-11-30,0.027000000000000003,-0.0019,-0.0239,0.0091,0.0202,0.0263,0.0667,0.0158,-0.0132,-0.0212
1942-12-31,0.047400000000000005,0.0819,0.0529,0.0753,0.061799999999999994,0.0034999999999999996,0.0275,0.08710000000000001,0.0436,0.044800000000000006
1943-01-31,0.0915,0.0524,0.0697,0.064,0.098,0.0378,0.0693,0.024700000000000003,0.14730000000000001,0.0708
1943-02-28,0.0362,0.0759,0.0524,0.0793,0.0342,0.08810000000000001,0.030899999999999997,0.0365,0.0796,0.0947
1943-03-31,0.0437,0.0507,0.0602,0.0702,0.0746,0.0064,0.0872,0.045700000000000005,0.047,0.1014
1943-04-30,0.0104,0.0053,-0.0143,0.0097,0.0118,0.0416,0.018799999999999997,0.013999999999999999,0.0403,0.0219
1943-05-31,0.06570000000000001,0.066,0.0538,0.057,0.0626,0.045700000000000005,0.07519999999999999,0.0599,0.0455,0.0559
1943-06-30,0.0206,0.048499999999999995,0.0087,0.011899999999999999,0.024300000000000002,0.022799999999999997,0.055999999999999994,-0.0066,0.042,-0.008
1943-07-31,-0.018799999999999997,-0.09699999999999999,-0.0682,-0.0286,-0.0731,-0.0018,-0.0315,-0.0332,-0.005,-0.052199999999999996
1943-08-31,0.009399999999999999,0.0348,0.0067,0.0109,0.0049,0.0091,0.037599999999999995,0.0026,0.0184,0.0141
1943-09-30,0.0218,0.0169,0.026699999999999998,0.013999999999999999,0.0519,0.014499999999999999,0.0216,0.04019999999999999,0.0387,0.0218
1943-10-31,-0.0027,-0.011200000000000002,-0.0084,-0.020499999999999997,-0.034300000000000004,0.0073,-0.0241,0.0059,0.005699999999999999,-0.0108
1943-11-30,-0.0458,-0.0533,-0.0646,-0.0697,-0.0643,-0.0174,-0.0452,-0.0394,-0.084,-0.08039999999999999
1943-12-31,0.061500000000000006,0.0795,0.0592,0.0736,0.0803,0.0315,0.0693,0.0395,0.07429999999999999,0.0716
1944-01-31,0.0397,0.0102,0.0194,0.004699999999999999,0.0063,0.0086,0.0078000000000000005,0.0029,-0.0032,0.045
1944-02-29,-0.0053,0.0371,-0.0037,0.0011,-0.0212,0.0088,0.0106,-0.0265,0.0151,0.0206
1944-03-31,0.028300000000000002,0.04769999999999999,0.0227,0.0187,0.0379,0.0074,0.022799999999999997,0.0246,0.0178,0.026600000000000002
1944-04-30,-0.0195,-0.0118,-0.0203,-0.0137,-0.0192,-0.005699999999999999,-0.01,-0.023700000000000002,-0.0088,-0.0246
1944-05-31,0.053399999999999996,0.0794,0.0558,0.0499,0.0364,0.0281,0.0508,0.056799999999999996,0.0278,0.042699999999999995
1944-06-30,0.0565,0.0932,0.0713,0.0054,0.075,0.0327,0.0584,0.0385,0.0492,0.0599
1944-07-31,-0.0034999999999999996,-0.0493,-0.0195,-0.012199999999999999,-0.0182,-0.0037,-0.0008,-0.0124,0.002,-0.0078000000000000005
1944-08-31,0.0256,0.0398,0.0216,-0.0195,0.0196,0.0067,0.0313,0.0076,0.0366,0.0036
1944-09-30,-0.0022,0.0060999999999999995,0.005600000000000001,-0.0138,-0.0064,0.0028000000000000004,0.0182,0.0043,-0.0152,0.0011
1944-10-31,-0.0003,-0.0274,-0.0033,0.0187,0.008199999999999999,0.0076,0.0044,0.0109,0.0134,0.0068000000000000005
1944-11-30,0.0126,0.022400000000000003,0.0086,0.0264,0.0159,0.0069,0.0279,0.0052,-0.004,0.0431
1944-12-31,0.0203,0.0397,0.0429,0.051500000000000004,0.0466,0.0070999999999999995,0.0215,0.0171,0.031200000000000002,0.0848
1945-01-31,0.0263,0.0137,0.0277,0.0492,0.0067,-0.0212,0.0007000000000000001,0.005600000000000001,0.056900000000000006,0.0060999999999999995
1945-02-28,0.0395,0.0766,0.0696,0.0732,0.0661,0.028399999999999998,0.0453,0.0424,0.061200000000000004,0.079
1945-03-31,-0.03,-0.0603,-0.0479,-0.0525,-0.0383,-0.0011,-0.0137,-0.0183,-0.0311,-0.0359
1945-04-30,0.0708,0.1116,0.08410000000000001,0.069,0.0805,0.025099999999999997,0.0716,0.0633,0.1012,0.0886
1945-05-31,0.023399999999999997,0.0079,0.008100000000000001,-0.0086,0.0183,0.037599999999999995,0.06280000000000001,0.0412,0.0189,0.031200000000000002
1945-06-30,0.0088,-0.015300000000000001,-0.0016,-0.005,-0.0189,0.0265,-0.031400000000000004,-0.0466,0.0516,0.0449
1945-07-31,-0.0144,-0.009899999999999999,-0.029900000000000003,-0.0323,-0.0173,0.0218,-0.0011,-0.016200000000000003,-0.0034000000000000002,-0.0548
1945-08-31,0.0774,0.09480000000000001,0.0885,0.022400000000000003,0.09759999999999999,0.0174,0.0825,0.0922,0.0103,0.0254
1945-09-30,0.0629,0.0274,0.0617,0.0199,0.0341,0.019,0.0565,0.06509999999999999,0.0659,0.0611
1945-10-31,0.0678,0.002,0.022799999999999997,0.06309999999999999,0.0076,0.0236,0.0596,0.066,0.061900000000000004,0.057300000000000004
1945-11-30,0.0368,0.0263,0.048499999999999995,0.0839,0.027000000000000003,0.0339,0.0691,0.0859,0.0481,0.0915
1945-12-31,0.0129,0.0254,0.015600000000000001,-0.0025,0.0263,0.0048,0.0346,0.015300000000000001,-0.0109,0.0014000000000000002
1946-01-31,0.048499999999999995,0.0667,0.07980000000000001,-0.0007000000000000001,0.0645,0.0191,0.10980000000000001,0.0776,0.1093,0.0739
1946-02-28,-0.0481,-0.08960000000000001,-0.0611,-0.046799999999999994,-0.0737,-0.0282,-0.0425,-0.0432,-0.0574,-0.061500000000000006
1946-03-31,0.0636,0.009899999999999999,0.056799999999999996,0.1106,0.0217,0.011699999999999999,0.1142,0.1458,0.0629,0.046900000000000004
1946-04-30,0.0354,0.014199999999999999,0.0433,0.0877,0.017,0.0159,0.07200000000000001,0.1467,0.0434,0.0169
1946-05-31,0.0335,0.052000000000000005,0.050199999999999995,0.0369,0.051500000000000004,0.0282,0.0189,0.056299999999999996,0.0304,0.034
1946-06-30,-0.0361,-0.0593,-0.0359,-0.0315,-0.0526,0.0029,-0.077,-0.0552,-0.027999999999999997,-0.0326
1946-07-31,-0.0075,-0.0475,-0.0327,-0.0007000000000000001,-0.0329,-0.0008,-0.028300000000000002,-0.0323,-0.0363,-0.049699999999999994
1946-08-31,-0.0529,-0.10400000000000001,-0.0672,-0.056299999999999996,-0.0691,-0.07,-0.049100000000000005,-0.0327,-0.0537,-0.0681
1946-09-30,-0.1075,-0.14880000000000002,-0.1039,-0.0805,-0.09789999999999999,-0.0475,-0.069,-0.0703,-0.0897,-0.1441
1946-10-31,0.004699999999999999,-0.0331,-0.018799999999999997,-0.0066,-0.0277,-0.0513,-0.0223,-0.0024,0.014199999999999999,-0.0045000000000000005
1946-11-30,-0.0132,-0.0116,0.0176,0.0055000000000000005,-0.0215,0.0179,-0.0499,0.0166,0.008,0.0001
1946-12-31,0.0375,0.0617,0.0666,0.043899999999999995,0.047400000000000005,0.0382,0.0404,0.0724,0.060899999999999996,0.0276
1947-01-31,0.0024,0.109,0.009000000000000001,-0.006500000000000001,0.0538,0.0103,0.0069,-0.053200000000000004,-0.0014000000000000002,0.004699999999999999
1947-02-28,-0.0027,0.0148,-0.0069,-0.0271,-0.0208,-0.020499999999999997,-0.0040999999999999995,-0.042,-0.009000000000000001,-0.0128
1947-03-31,-0.0223,-0.027000000000000003,-0.016,0.0229,-0.0229,-0.0215,-0.022000000000000002,-0.0126,-0.0279,-0.0335
1947-04-30,-0.0665,-0.0408,-0.0574,-0.0044,-0.0521,-0.0022,-0.07980000000000001,-0.0861,-0.037599999999999995,-0.06269999999999999
1947-05-31,-0.0055000000000000005,-0.021400000000000002,-0.0209,0.0256,-0.0027,-0.011000000000000001,-0.0036,-0.0265,-0.0248,-0.0207
1947-06-30,0.0654,0.0588,0.0576,0.07769999999999999,0.0387,-0.0319,0.099,0.042,0.0395,0.0319
1947-07-31,0.04650000000000001,0.052000000000000005,0.0387,0.0388,0.0634,0.008100000000000001,0.0461,0.026099999999999998,0.025099999999999997,0.059800000000000006
1947-08-31,-0.0138,-0.0076,-0.0102,-0.023,-0.042199999999999994,0.0036,-0.0355,-0.0383,0.0024,-0.0318
1947-09-30,0.0039000000000000003,0.0017000000000000001,0.0070999999999999995,-0.0271,0.011399999999999999,0.0083,-0.0281,-0.0263,-0.013300000000000001,-0.0096
1947-10-31,0.013600000000000001,0.029300000000000003,0.032400000000000005,0.0524,0.0174,0.0021,0.030299999999999997,0.0121,0.0015,0.01
1947-11-30,-0.017,-0.027000000000000003,-0.012199999999999999,-0.0034999999999999996,-0.0055000000000000005,-0.025699999999999997,-0.024300000000000002,-0.030600000000000002,-0.07629999999999999,-0.019799999999999998
1947-12-31,0.006999999999999999,0.0225,0.0264,0.0934,0.024900000000000002,0.0044,0.0037,0.031200000000000002,0.0118,0.0371
1948-01-31,-0.0269,-0.0535,-0.0408,-0.07429999999999999,-0.0553,0.001,-0.0329,-0.0825,-0.0022,-0.0088
1948-02-29,-0.0613,-0.054299999999999994,-0.0533,-0.029500000000000002,-0.0394,-0.0106,-0.0379,-0.0354,-0.0359,-0.0412
1948-03-31,0.054900000000000004,0.0727,0.0966,0.09949999999999999,0.1117,0.0197,0.067,0.0635,0.0676,0.1001
1948-04-30,0.0134,0.011699999999999999,0.025099999999999997,0.1124,-0.0059,0.0265,0.0508,0.021400000000000002,0.0151,0.0326
1948-05-31,0.051,0.1454,0.0789,0.061,0.1278,0.024900000000000002,0.0859,0.068,0.0575,0.0677
1948-06-30,-0.019799999999999998,0.003,-0.009899999999999999,0.0349,-0.014199999999999999,0.0043,-0.0131,-0.0219,0.024900000000000002,-0.0078000000000000005
1948-07-31,-0.0168,-0.0437,-0.0499,-0.0718,-0.066,-0.0165,-0.07719999999999999,-0.0426,-0.0414,-0.0499
1948-08-31,0.0002,0.011200000000000002,0.0040999999999999995,-0.0203,0.030699999999999998,0.0006,0.025,-0.019,0.001,0.015300000000000001
1948-09-30,-0.0398,-0.038900000000000004,-0.0268,-0.0447,-0.0319,-0.0023,-0.009399999999999999,-0.031,-0.0092,-0.0346
1948-10-31,0.0363,0.0795,0.0669,0.092,0.06849999999999999,0.0111,0.0414,0.052000000000000005,0.044500000000000005,0.0496
1948-11-30,-0.061799999999999994,-0.1201,-0.10210000000000001,-0.12210000000000001,-0.0928,-0.0206,-0.057699999999999994,-0.0575,-0.0909,-0.1061
1948-12-31,0.0067,0.034300000000000004,0.0404,0.0473,0.0633,0.0109,0.0152,0.0454,0.026600000000000002,0.0287
1949-01-31,0.036699999999999997,0.024399999999999998,0.0031,-0.0383,-0.013300000000000001,-0.0127,0.011699999999999999,0.0458,0.047599999999999996,0.003
1949-02-28,-0.019299999999999998,-0.037200000000000004,-0.0344,-0.043,-0.0421,-0.003,-0.0227,-0.009300000000000001,0.0067,-0.0319
1949-03-31,0.0321,0.0342,0.035699999999999996,0.0608,0.0583,0.013600000000000001,0.044000000000000004,0.055,0.038,0.0492
1949-04-30,-0.0165,-0.042199999999999994,-0.0354,0.0128,-0.0371,-0.0165,-0.016399999999999998,0.0024,0.012199999999999999,-0.015300000000000001
1949-05-31,-0.0043,-0.0294,-0.0334,-0.0567,-0.053200000000000004,-0.0217,0.0017000000000000001,-0.019,-0.0059,-0.0271
1949-06-30,0.0104,0.013000000000000001,0.0024,-0.0118,0.0011,0.0113,0.0287,0.0217,-0.0101,-0.0137
1949-07-31,0.0495,0.0944,0.0594,0.062400000000000004,0.069,0.0241,0.0516,0.0601,0.0472,0.04190000000000001
1949-08-31,0.0397,0.0232,0.0216,0.055,0.0074,0.0097,0.015,0.0018,0.0368,0.0144
1949-09-30,0.028399999999999998,0.0264,0.0393,0.030299999999999997,0.0365,0.0121,0.023,0.018600000000000002,0.0406,0.0341
1949-10-31,0.0152,0.07339999999999999,0.0434,0.0371,0.0374,0.018799999999999997,0.0066,0.0338,0.0131,0.0242
1949-11-30,0.0184,0.048799999999999996,0.0323,-0.0285,0.039,0.0167,0.021099999999999997,0.048,0.032799999999999996,0.012199999999999999
1949-12-31,0.051500000000000004,0.08289999999999999,0.06509999999999999,0.0109,0.0919,0.0158,0.0478,0.0872,0.0325,0.07139999999999999
1950-01-31,0.0137,0.0187,0.019799999999999998,-0.006500000000000001,0.0454,0.018600000000000002,0.0043,0.0106,0.0375,0.032
1950-02-28,0.0053,0.0347,0.0194,-0.0054,0.034,0.0066,0.0233,0.0192,0.024,0.0101
1950-03-31,-0.005699999999999999,0.0187,0.008100000000000001,0.048499999999999995,0.0241,0.046,-0.0018,-0.0292,0.005600000000000001,-0.0070999999999999995
1950-04-30,0.0014000000000000002,0.1057,0.0745,0.0323,0.0473,0.023700000000000002,-0.0036,0.0552,0.009399999999999999,0.0151
1950-05-31,0.0207,0.0655,0.0599,0.08779999999999999,0.0023,0.0197,0.0317,0.0397,0.0183,0.013600000000000001
1950-06-30,-0.0572,-0.0406,-0.0658,-0.0443,-0.0801,-0.0434,-0.044500000000000005,-0.042,-0.07690000000000001,-0.0684
1950-07-31,0.0045000000000000005,-0.027200000000000002,0.021400000000000002,0.0883,-0.0291,-0.013300000000000001,-0.0096,-0.0696,-0.052300000000000006,0.075
1950-08-31,0.0393,0.09210000000000002,0.0633,0.0434,0.0525,0.0256,0.0438,0.0368,0.0345,0.0233
1950-09-30,0.0489,0.0883,0.0451,0.0353,0.050199999999999995,-0.0048,0.0849,0.0616,0.0453,0.0652
1950-10-31,-0.0038,0.0060999999999999995,0.0045000000000000005,0.0029,-0.0149,0.0021,0.0084,-0.0177,-0.0075,-0.0152
1950-11-30,0.0,-0.028999999999999998,0.0593,0.053399999999999996,0.0263,-0.0024,0.011000000000000001,0.0467,-0.011899999999999999,0.0393
1950-12-31,0.028399999999999998,0.0151,0.06709999999999999,0.08689999999999999,0.0391,0.019,0.0279,0.061,0.0361,0.1112
1951-01-31,0.0462,0.0922,0.0613,0.063,0.07730000000000001,0.0187,0.0363,0.031,0.050499999999999996,0.0637
1951-02-28,0.0095,0.0279,0.012199999999999999,0.0096,0.0091,0.041100000000000005,0.031200000000000002,0.014499999999999999,0.0313,-0.0042
1951-03-31,-0.0279,0.011699999999999999,-0.0305,-0.023700000000000002,-0.0091,-0.0109,-0.021099999999999997,0.017,-0.013999999999999999,-0.0286
1951-04-30,0.0095,0.0342,0.06849999999999999,0.1081,0.0317,0.0084,0.0039000000000000003,0.1041,0.0022,0.0375
1951-05-31,-0.0129,-0.053399999999999996,-0.0215,-0.0305,-0.0277,-0.004,-0.013300000000000001,0.015700000000000002,-0.0004,-0.0326
1951-06-30,-0.036000000000000004,-0.0684,-0.0382,0.0109,-0.0163,-0.0019,-0.027200000000000002,0.0083,-0.0042,-0.0512
1951-07-31,0.0313,0.031,0.08449999999999999,0.1137,0.0567,0.027999999999999997,0.028399999999999998,0.1448,0.053099999999999994,0.07400000000000001
1951-08-31,0.035,0.0703,0.0489,0.057699999999999994,0.0593,0.0264,0.0264,-0.0143,0.0213,0.0345
1951-09-30,-0.0043,0.026600000000000002,0.0022,-0.0076,0.0333,-0.0006,0.034,-0.0183,0.013300000000000001,0.0358
1951-10-31,-0.031200000000000002,-0.0204,-0.0415,0.011699999999999999,-0.0637,-0.0108,-0.0313,-0.059800000000000006,0.006999999999999999,-0.0362
1951-11-30,-0.0006,0.0202,0.0044,-0.0077,0.0254,0.005,0.015300000000000001,-0.0048,0.0166,0.0212
1951-12-31,0.0192,0.0248,0.045700000000000005,0.0472,0.0492,0.0087,-0.0027,0.051500000000000004,0.032799999999999996,0.0213
1952-01-31,0.0052,-0.011699999999999999,-0.003,0.066,-0.0165,0.0018,-0.0046,0.006500000000000001,0.0308,0.0333
1952-02-29,-0.0203,0.0043,-0.0385,-0.034300000000000004,-0.0331,-0.0062,-0.0377,-0.0425,0.0069,-0.0158
1952-03-31,0.0172,0.0833,0.0298,0.0872,0.052199999999999996,0.0127,0.0254,0.0044,0.0223,0.0584
1952-04-30,-0.0333,-0.03,-0.0662,-0.0766,-0.0337,-0.0075,-0.018500000000000003,-0.055,-0.018000000000000002,-0.0339
1952-05-31,0.021400000000000002,0.0401,0.042800000000000005,0.0352,0.029300000000000003,0.0103,0.0259,0.0252,0.029900000000000003,0.029500000000000002
1952-06-30,0.0287,0.0525,0.0433,0.0545,0.059000000000000004,0.0207,0.0301,-0.0096,0.011000000000000001,0.0403
1952-07-31,0.0058,0.0253,0.0222,-0.0102,0.014199999999999999,0.0025,0.0194,-0.044000000000000004,0.0203,0.011399999999999999
1952-08-31,0.0096,0.0202,-0.0167,-0.0268,-0.0022,0.0089,-0.0031,-0.005699999999999999,0.0182,-0.0014000000000000002
1952-09-30,-0.0285,-0.0078000000000000005,-0.021,-0.043,0.0105,-0.0034999999999999996,-0.0077,-0.0412,0.0033,-0.0137
1952-10-31,-0.0089,0.012,-0.0155,0.0038,-0.0106,0.0092,-0.011000000000000001,-0.0138,0.0034000000000000002,-0.015700000000000002
1952-11-30,0.0605,0.06559999999999999,0.0874,0.0208,0.0919,0.0407,0.045700000000000005,0.0724,0.0509,0.073
1952-12-31,0.0143,0.0702,0.0268,0.0455,0.030600000000000002,0.0088,0.013000000000000001,-0.0195,0.020099999999999996,0.0374
1953-01-31,0.0216,-0.0036,0.0066,-0.029900000000000003,-0.0231,0.01,0.008199999999999999,-0.0512,0.0092,0.0108
1953-02-28,0.0178,-0.011899999999999999,-0.0098,0.0033,0.0052,-0.004,-0.0015,0.0207,0.0051,-0.0022
1953-03-31,-0.0175,-0.043899999999999995,-0.016399999999999998,-0.0055000000000000005,-0.0077,-0.0044,-0.0049,-0.0016,0.0015,-0.014499999999999999
1953-04-30,-0.0013,-0.0197,-0.0268,-0.0518,-0.0037,-0.0104,-0.008100000000000001,-0.053399999999999996,-0.0296,-0.0321
1953-05-31,0.0023,-0.0005,0.0022,0.0183,0.011399999999999999,0.0037,0.0152,-0.0005,-0.0014000000000000002,0.0143
1953-06-30,-0.0084,-0.0333,-0.0232,-0.0007000000000000001,-0.02,0.0051,-0.0219,-0.0331,-0.0282,-0.020499999999999997
1953-07-31,0.027200000000000002,0.0072,0.026000000000000002,0.0393,0.0231,0.009399999999999999,0.0197,0.0366,0.0341,0.0143
1953-08-31,-0.0352,-0.0646,-0.0489,-0.0644,-0.044199999999999996,-0.0084,-0.023700000000000002,0.0004,-0.0036,-0.0681
1953-09-30,0.0025,-0.0083,0.0116,-0.0192,0.0337,0.0178,0.001,0.0043,0.016399999999999998,-0.01
1953-10-31,0.0069,0.077,0.0601,0.0564,0.0725,0.0139,0.0087,0.0265,0.0447,0.037000000000000005
1953-11-30,0.0034000000000000002,0.0049,0.0418,0.02,0.0507,0.0227,0.0334,0.0803,0.03,0.0278
1953-12-31,-0.0062,-0.0121,0.0062,0.0044,0.0069,0.0053,0.0124,-0.013500000000000002,0.0069,-0.0231
1954-01-31,0.0418,0.0528,0.0451,0.0864,0.06849999999999999,0.0189,0.0332,0.0565,0.0332,0.0665
1954-02-28,-0.0031,0.0172,0.0097,0.0282,0.0501,0.0258,0.0044,-0.0018,0.0159,0.0154
1954-03-31,0.0137,0.0351,0.048600000000000004,0.042800000000000005,0.08869999999999999,0.0172,0.0037,0.0029,0.0296,0.018000000000000002
1954-04-30,0.0098,0.0409,0.0572,0.061500000000000006,0.0908,0.0196,0.015300000000000001,0.012,0.0125,0.0287
1954-05-31,0.0239,0.0447,0.0449,0.029900000000000003,-0.0042,0.0123,0.0285,0.0161,0.0264,0.044000000000000004
1954-06-30,0.0058,0.011899999999999999,0.0361,-0.0587,0.0973,0.0055000000000000005,0.025,-0.0245,0.0129,0.015
1954-07-31,0.0639,0.0984,0.0521,0.0418,-0.005,0.0436,0.042199999999999994,0.08220000000000001,0.0542,0.0682
1954-08-31,-0.0271,-0.0337,-0.0379,0.005600000000000001,-0.046799999999999994,-0.014199999999999999,-0.0023,-0.0258,-0.0173,-0.0227
1954-09-30,0.0388,0.1447,0.066,0.1001,0.0643,0.025,0.0484,0.0281,0.020099999999999996,0.043
1954-10-31,-0.0222,-0.0076,-0.0111,-0.0199,-0.0197,-0.0085,-0.0253,-0.0163,-0.0381,0.0059
1954-11-30,0.060899999999999996,0.0447,0.1374,0.0809,0.1321,0.034300000000000004,0.08410000000000001,0.1261,0.056799999999999996,0.1118
1954-12-31,0.0435,0.0726,0.0655,0.06480000000000001,0.0308,0.0158,0.0227,0.061500000000000006,0.0354,0.09369999999999999
1955-01-31,0.0028000000000000004,0.0054,-0.0011,0.0040999999999999995,0.0349,0.008,0.0174,-0.0288,0.0146,0.0089
1955-02-28,0.0154,-0.0106,0.0418,0.024300000000000002,0.044199999999999996,0.039900000000000005,0.013000000000000001,0.0286,0.0364,0.0378
1955-03-31,-0.0085,0.0005,0.0036,-0.0024,-0.0109,-0.0019,-0.013999999999999999,0.0611,-0.0074,0.009399999999999999
1955-04-30,0.0408,0.0567,0.0434,0.005600000000000001,0.0537,0.0197,0.0183,0.0001,0.0256,0.0342
1955-05-31,-0.0029,-0.011200000000000002,0.0301,-0.006,0.0007000000000000001,0.0129,0.0302,0.0317,-0.0015,0.016399999999999998
1955-06-30,0.025,0.1009,0.0959,0.11199999999999999,0.027200000000000002,0.0069,0.0443,0.0017000000000000001,0.0167,0.023700000000000002
1955-07-31,0.0206,0.196,-0.011699999999999999,0.0276,-0.0264,0.026099999999999998,0.0203,0.0013,0.0368,-0.014199999999999999
1955-08-31,-0.0067,-0.0431,0.0305,-0.0108,0.0086,-0.024399999999999998,0.0163,0.0016,0.0005,0.0058
1955-09-30,-0.016,0.09210000000000002,-0.0076,-0.0038,-0.042199999999999994,0.0109,0.0342,-0.0318,-0.0268,-0.0271
1955-10-31,-0.0083,-0.049400000000000006,-0.0305,-0.0098,-0.052000000000000005,-0.0115,-0.025099999999999997,0.008199999999999999,-0.009399999999999999,-0.0263
1955-11-30,0.0351,0.0908,0.0802,0.0862,0.1013,0.0163,0.0601,0.0629,0.034,0.0836
1955-12-31,0.011899999999999999,-0.0407,0.028900000000000002,0.037000000000000005,0.048799999999999996,0.0087,-0.0077,0.0623,-0.0012,-0.0067
1956-01-31,-0.0152,-0.0672,-0.045700000000000005,0.0054,-0.0521,0.0187,-0.0441,-0.065,-0.0034000000000000002,-0.0276
1956-02-29,0.0109,0.0565,0.0489,0.042800000000000005,0.06280000000000001,0.0016,0.0282,0.08289999999999999,0.0194,0.0338
1956-03-31,0.0175,0.0374,0.07719999999999999,0.1144,0.1048,0.0143,0.0043,0.0726,0.0377,0.0571
1956-04-30,0.0086,-0.051399999999999994,0.0102,0.0362,0.0009,-0.0088,-0.0182,0.0277,-0.0218,0.0089
1956-05-31,-0.0325,-0.044800000000000006,-0.061799999999999994,-0.0641,-0.0528,-0.0106,-0.045599999999999995,-0.0124,-0.0073,-0.0541
1956-06-30,0.006500000000000001,0.0702,0.0461,0.0273,0.0713,0.0128,0.022099999999999998,0.036000000000000004,0.0236,0.0155
1956-07-31,0.0199,0.0436,0.060599999999999994,0.0603,0.0528,0.0265,0.045700000000000005,0.031,0.0524,0.0242
1956-08-31,-0.0138,0.008100000000000001,-0.0302,-0.053,-0.0356,-0.0139,-0.0262,-0.0308,-0.024900000000000002,-0.0355
1956-09-30,-0.0326,-0.0121,-0.0608,-0.0581,-0.0687,-0.0282,-0.0441,-0.037000000000000005,-0.0387,-0.0441
1956-10-31,0.004,-0.0101,0.0109,0.0053,0.0325,-0.013999999999999999,0.013300000000000001,0.0058,0.0113,0.011000000000000001
1956-11-30,-0.0044,-0.0349,-0.0077,0.0529,0.0069,0.015300000000000001,-0.0215,-0.013600000000000001,0.0040999999999999995,0.0021
1956-12-31,0.0125,0.0104,0.048600000000000004,0.041100000000000005,0.0443,0.0258,-0.0043,0.060700000000000004,0.0182,0.0199
1957-01-31,0.0177,-0.0622,-0.0587,-0.0412,-0.0564,0.028999999999999998,-0.0125,-0.0227,0.0263,-0.0054
1957-02-28,-0.013999999999999999,-0.018799999999999997,-0.0275,-0.0227,-0.006500000000000001,0.0033,-0.009300000000000001,-0.0034999999999999996,-0.003,-0.0256
1957-03-31,0.0158,0.0054,0.0203,0.0317,0.0478,0.0152,0.02,0.0823,0.0169,0.0231
1957-04-30,0.0139,0.0795,0.037000000000000005,0.0694,0.0839,0.0044,0.0018,0.054299999999999994,0.0316,0.0316
1957-05-31,0.0139,0.0103,0.0317,0.0765,0.0579,0.0104,0.0256,0.048,0.0225,0.013600000000000001
1957-06-30,-0.006500000000000001,0.0007000000000000001,0.0034000000000000002,-0.0175,0.0525,-0.021099999999999997,-0.0191,0.06480000000000001,-0.0512,-0.011000000000000001
1957-07-31,0.0092,0.0364,0.0045000000000000005,0.01,0.010700000000000001,-0.0024,0.028900000000000002,0.026000000000000002,0.0001,0.0113
1957-08-31,-0.02,-0.0311,-0.0623,-0.0575,-0.0705,-0.0012,-0.0271,-0.0297,-0.0258,-0.0547
1957-09-30,-0.0116,-0.071,-0.0689,-0.07980000000000001,-0.0638,-0.0225,0.0040999999999999995,-0.0304,-0.0174,-0.0667
1957-10-31,-0.0212,-0.0395,-0.0473,-0.057699999999999994,-0.0178,-0.021,-0.0393,-0.0068000000000000005,-0.006999999999999999,-0.0687
1957-11-30,0.0337,-0.0528,0.0337,0.024300000000000002,0.06480000000000001,0.0149,0.0174,0.0863,0.044000000000000004,0.0040999999999999995
1957-12-31,0.0043,-0.0789,-0.046,-0.0699,-0.0322,0.0126,-0.0172,-0.0048,0.0256,-0.0443
1958-01-31,0.0746,0.0496,0.053899999999999997,0.0159,0.0403,0.0426,0.07490000000000001,-0.0040999999999999995,0.060599999999999994,0.1103
1958-02-28,0.0204,-0.0146,-0.0203,-0.0463,-0.016399999999999998,0.0066,0.0141,0.0495,0.0129,-0.0178
1958-03-31,0.042,0.029500000000000002,0.015700000000000002,0.07919999999999999,0.026099999999999998,0.011699999999999999,0.0408,0.0817,0.0207,0.025099999999999997
1958-04-30,0.0354,0.0496,0.0144,0.051399999999999994,-0.0012,0.027000000000000003,0.03,0.06559999999999999,0.0495,0.0452
1958-05-31,0.027200000000000002,0.0481,0.0345,0.0033,0.015,0.021099999999999997,0.0362,0.0144,0.014499999999999999,0.0374
1958-06-30,0.0264,0.0262,0.023700000000000002,0.0493,0.0363,0.0167,0.0215,0.0355,0.0219,0.028900000000000002
1958-07-31,0.016399999999999998,0.0998,0.0849,0.0069,0.0374,0.009000000000000001,0.0187,0.059800000000000006,0.011200000000000002,0.052199999999999996
1958-08-31,0.029300000000000003,-0.0001,0.0242,0.0192,0.0208,0.0241,0.0571,0.019799999999999998,-0.01,0.030600000000000002
1958-09-30,0.0426,0.10039999999999999,0.0454,0.032799999999999996,0.062,0.0508,0.0403,0.1174,0.0346,0.042699999999999995
1958-10-31,0.025,0.022799999999999997,0.0305,0.013300000000000001,0.0449,0.0146,0.0121,0.0105,0.042800000000000005,0.0375
1958-11-30,0.040999999999999995,0.0171,0.0292,0.019299999999999998,0.0435,0.0215,0.059000000000000004,0.08039999999999999,0.0296,0.0463
1958-12-31,0.0268,0.0275,0.0521,0.0125,0.13140000000000002,0.134,0.0572,0.0461,0.0594,0.030899999999999997
1959-01-31,0.0381,-0.0109,0.0079,0.0051,-0.0222,0.0391,0.0349,-0.0062,0.0125,0.021
1959-02-28,0.0301,-0.0195,0.0363,-0.07429999999999999,0.051500000000000004,0.048600000000000004,0.0265,0.0388,0.0126,0.0176
1959-03-31,0.0029,-0.011899999999999999,-0.0024,0.021400000000000002,0.0233,-0.0052,-0.0167,0.0425,0.016399999999999998,-0.0074
1959-04-30,0.0301,0.09380000000000001,0.0417,0.0171,0.08439999999999999,0.0461,0.0154,0.1193,-0.0113,0.0195
1959-05-31,0.013300000000000001,0.0521,0.0405,-0.0095,0.048499999999999995,-0.0101,0.027200000000000002,-0.010700000000000001,-0.011000000000000001,0.0063
1959-06-30,0.0167,0.0016,0.0128,-0.027200000000000002,-0.0098,-0.011000000000000001,0.0227,0.066,-0.0223,0.0123
1959-07-31,0.037000000000000005,0.0843,0.0373,0.0496,0.0045000000000000005,0.006,0.0212,0.047400000000000005,0.0382,0.0046
1959-08-31,-0.0039000000000000003,0.0246,-0.0189,-0.0315,-0.025,0.0060999999999999995,0.0079,-0.035699999999999996,0.0134,-0.0223
1959-09-30,-0.0325,-0.044500000000000005,-0.0496,-0.0691,-0.0418,-0.0096,-0.0212,-0.0495,-0.0435,-0.041100000000000005
1959-10-31,0.038,-0.0126,0.014199999999999999,0.0116,0.049800000000000004,0.013000000000000001,0.0087,0.023399999999999997,0.0089,0.003
1959-11-30,0.0125,-0.0011,0.0219,-0.0040999999999999995,0.09210000000000002,-0.0123,0.023399999999999997,0.0562,0.004,-0.005
1959-12-31,0.0123,0.0516,0.0216,0.0424,0.0342,0.0434,0.0268,-0.0168,0.021400000000000002,0.0207
1960-01-31,-0.0336,-0.1117,-0.08410000000000001,-0.075,-0.09789999999999999,0.0095,-0.0567,-0.0638,-0.0208,-0.0451
1960-02-29,0.0296,-0.0222,0.0049,-0.0346,0.0535,0.0837,0.042199999999999994,0.0031,0.0277,-0.0002
1960-03-31,-0.0141,-0.0438,-0.0355,-0.008,0.016399999999999998,0.0017000000000000001,0.001,0.016200000000000003,0.0175,-0.0227
1960-04-30,0.0152,-0.015700000000000002,-0.0353,-0.0426,0.0052,-0.0105,-0.0023,0.0165,0.0138,-0.0111
1960-05-31,0.0653,-0.0069,0.038599999999999995,-0.0349,0.0955,0.0332,0.031400000000000004,0.1373,0.015,0.0025
1960-06-30,0.0433,0.008,0.0167,0.0353,0.014499999999999999,-0.0034999999999999996,0.0382,-0.0016,0.057699999999999994,0.0279
1960-07-31,-0.0095,-0.0059,-0.0416,0.006999999999999999,-0.042,0.001,-0.0301,-0.0387,-0.010700000000000001,-0.0139
1960-08-31,0.0452,0.035,0.017,0.040999999999999995,0.0116,0.0711,0.0313,0.024700000000000003,0.0432,0.0311
1960-09-30,-0.0344,-0.056799999999999996,-0.0704,-0.01,-0.0873,-0.059500000000000004,-0.0839,-0.0872,-0.0449,-0.057
1960-10-31,0.0166,-0.0134,-0.0097,0.0242,-0.0325,0.0014000000000000002,0.0023,-0.0349,-0.0034000000000000002,-0.008100000000000001
1960-11-30,0.0867,-0.006999999999999999,0.0484,0.0339,0.0702,0.04190000000000001,0.0692,0.0405,0.0374,0.0667
1960-12-31,0.044800000000000006,-0.0040999999999999995,0.039599999999999996,0.053099999999999994,0.030299999999999997,0.12560000000000002,0.0226,0.0622,0.0636,0.0421
1961-01-31,0.0541,0.0836,0.066,0.09759999999999999,0.0287,0.0789,0.0294,0.0602,0.0496,0.07780000000000001
1961-02-28,0.0661,0.0401,0.0506,0.0073,0.0271,0.0075,0.0496,0.052000000000000005,0.0363,0.056799999999999996
1961-03-31,0.048499999999999995,0.034300000000000004,0.0161,0.013999999999999999,0.0277,0.0748,0.0587,0.038,0.0202,0.0355
1961-04-30,-0.013500000000000002,-0.0171,-0.0134,0.0475,0.0048,0.008,0.0059,-0.0031,0.018600000000000002,0.005699999999999999
1961-05-31,0.0368,0.0128,0.0458,0.0014000000000000002,0.0286,-0.0104,0.0409,0.022799999999999997,0.0239,0.0418
1961-06-30,-0.013999999999999999,-0.015300000000000001,-0.0297,-0.04019999999999999,-0.0336,-0.04019999999999999,0.0058,-0.034300000000000004,-0.0187,-0.0374
1961-07-31,0.028399999999999998,0.061500000000000006,0.0248,0.022799999999999997,0.0179,0.0643,0.0246,0.035,0.0287,0.0126
1961-08-31,0.0513,0.013600000000000001,0.0245,0.0017000000000000001,0.0449,0.0021,0.0326,0.038599999999999995,0.0381,0.0519
1961-09-30,0.0005,0.0467,-0.0447,-0.0642,0.0022,-0.0273,0.0031,-0.0123,0.0141,-0.018000000000000002
1961-10-31,0.0335,0.0054,-0.0022,0.0667,0.0337,0.002,0.0906,0.0366,0.053099999999999994,0.023
1961-11-30,0.054900000000000004,0.0973,0.029300000000000003,0.054400000000000004,0.0292,0.085,0.0513,0.0313,0.0342,0.0384
1961-12-31,-0.0319,0.0287,0.0017000000000000001,0.0385,-0.0068000000000000005,0.0332,-0.0034999999999999996,-0.0199,-0.042,-0.018600000000000002
1962-01-31,-0.061500000000000006,-0.0017000000000000001,-0.0355,0.0014000000000000002,-0.0496,-0.060700000000000004,-0.0863,-0.0478,-0.0259,-0.0146
1962-02-28,0.0025,-0.0147,0.013999999999999999,0.053099999999999994,-0.0002,0.041100000000000005,0.016399999999999998,0.0375,0.0263,0.017
1962-03-31,-0.011000000000000001,0.0040999999999999995,-0.0044,-0.0168,0.0023,-0.0294,0.0091,0.0040999999999999995,0.0196,-0.0177
1962-04-30,-0.0677,-0.0518,-0.0795,-0.035699999999999996,-0.1107,-0.046799999999999994,-0.0443,-0.1134,-0.0279,-0.0708
1962-05-31,-0.1131,-0.044500000000000005,-0.0823,-0.0495,-0.1118,-0.0706,-0.0908,-0.1081,-0.1047,-0.0786
1962-06-30,-0.0882,-0.060700000000000004,-0.0962,-0.0484,-0.1157,-0.0852,-0.1026,-0.129,-0.051100000000000007,-0.0916
1962-07-31,0.052300000000000006,0.0803,0.0525,0.049,0.113,0.0723,0.0437,0.07780000000000001,0.0739,0.0574
1962-08-31,0.009000000000000001,0.0385,0.0236,0.0184,0.0339,0.0158,0.043,-0.07919999999999999,0.0315,0.0383
1962-09-30,-0.056100000000000004,-0.022000000000000002,-0.057999999999999996,-0.0177,-0.08869999999999999,-0.060599999999999994,-0.0663,-0.0405,-0.0287,-0.0576
1962-10-31,-0.0327,0.0246,0.0148,-0.0029,-0.0014000000000000002,0.0277,-0.0134,0.0246,-0.0109,0.005699999999999999
1962-11-30,0.12119999999999999,0.0682,0.1323,0.1075,0.1458,0.0717,0.1116,0.17629999999999998,0.0765,0.1478
1962-12-31,0.014499999999999999,0.0354,-0.010700000000000001,0.046900000000000004,-0.0017000000000000001,0.0108,0.0004,0.0088,0.0348,0.0139
1963-01-31,0.0594,0.076,0.057800000000000004,0.0268,0.0564,0.041299999999999996,0.041299999999999996,0.056600000000000004,0.0525,0.052199999999999996
1963-02-28,-0.0304,-0.0292,-0.0256,-0.013300000000000001,-0.0507,-0.0111,-0.0068000000000000005,-0.0258,-0.0146,-0.0049
1963-03-31,0.0256,0.0709,0.0288,0.0698,0.0275,0.0194,0.020099999999999996,0.0118,0.0179,0.0294
1963-04-30,0.0239,0.0565,0.0467,0.0605,0.0642,0.0373,0.0546,0.07629999999999999,0.023700000000000002,0.0593
1963-05-31,0.018799999999999997,0.0805,0.021,-0.001,0.042,-0.0064,0.026099999999999998,-0.0025,0.0104,0.035699999999999996
1963-06-30,-0.0138,-0.032400000000000005,-0.0256,0.0121,-0.0492,-0.0194,-0.0139,-0.0109,-0.0113,-0.0137
1963-07-31,-0.0048,-0.0007000000000000001,-0.0138,0.023,-0.0068000000000000005,-0.0025,-0.0105,0.005699999999999999,0.008100000000000001,-0.0159
1963-08-31,0.0489,0.06570000000000001,0.062,0.0394,0.051399999999999994,0.0429,0.0643,0.09570000000000001,0.0412,0.054000000000000006
1963-09-30,-0.0174,-0.0025,-0.008100000000000001,-0.0365,0.0017000000000000001,0.0236,0.0092,-0.0407,-0.024900000000000002,-0.0316
1963-10-31,0.026600000000000002,0.10710000000000001,0.0256,-0.0033,0.08220000000000001,0.034300000000000004,0.0052,0.0339,-0.0067,0.013999999999999999
1963-11-30,-0.0113,-0.052000000000000005,0.0031,-0.011399999999999999,-0.0029,0.0414,-0.0125,-0.016399999999999998,-0.0106,0.001
1963-12-31,0.028399999999999998,0.0058,0.0194,0.0466,0.0304,-0.0009,0.0033,0.0154,0.0241,0.0265
1964-01-31,0.0078000000000000005,0.012199999999999999,0.026600000000000002,0.048499999999999995,0.029300000000000003,0.0332,0.025099999999999997,0.037000000000000005,0.0139,0.011699999999999999
1964-02-29,0.018600000000000002,0.0165,0.0273,0.0108,0.0196,-0.0028000000000000004,0.0163,0.0165,0.0087,0.053399999999999996
1964-03-31,0.0308,0.0108,0.0369,0.013999999999999999,0.0338,-0.009000000000000001,0.024300000000000002,-0.0194,-0.0074,0.0233
1964-04-30,-0.004699999999999999,0.018000000000000002,-0.0172,0.0404,-0.0363,0.0083,0.0287,-0.014199999999999999,0.0105,0.0029
1964-05-31,0.0155,0.0151,0.0175,0.021400000000000002,0.0273,-0.0039000000000000003,0.039,0.0052,0.0084,0.023799999999999998
1964-06-30,0.0167,0.0077,0.0088,0.0067,0.0051,0.046900000000000004,0.0383,0.0058,0.022099999999999998,0.0128
1964-07-31,0.0176,0.056299999999999996,0.0134,0.0334,-0.0181,-0.020099999999999996,0.011899999999999999,0.0475,0.0493,0.0129
1964-08-31,-0.0026,0.014199999999999999,-0.0126,-0.0187,-0.0276,-0.015600000000000001,0.0033,-0.042199999999999994,-0.0004,-0.031400000000000004
1964-09-30,0.017,0.0464,0.04769999999999999,0.030600000000000002,0.0115,-0.0103,0.0348,0.0275,0.018799999999999997,0.0394
1964-10-31,-0.0019,0.0007000000000000001,0.0043,0.030699999999999998,-0.009899999999999999,-0.0089,0.0231,0.0286,0.0095,0.018600000000000002
1964-11-30,0.0070999999999999995,-0.011399999999999999,-0.006,0.0255,-0.0023,-0.0223,0.0323,0.0217,0.0137,-0.0165
1964-12-31,0.0023,0.0189,-0.006999999999999999,-0.0021,-0.0001,0.031200000000000002,0.0016,0.0438,0.0049,-0.0178
1965-01-31,0.060599999999999994,0.0381,0.053899999999999997,0.0034999999999999996,0.0746,0.0025,0.0305,0.0766,0.039599999999999996,0.0473
1965-02-28,0.0159,-0.0052,0.0255,-0.0339,0.0219,0.008,0.0139,0.0242,0.0043,0.0258
1965-03-31,-0.0077,0.0128,-0.0115,-0.030299999999999997,-0.0046,-0.0168,-0.008199999999999999,-0.0092,-0.0052,-0.0038
1965-04-30,0.042,0.0678,0.0405,0.0086,0.051399999999999994,0.0233,0.068,0.0297,0.0066,0.0232
1965-05-31,-0.0078000000000000005,-0.033,-0.0055000000000000005,0.0086,0.004699999999999999,0.0277,0.0019,-0.0125,-0.0097,-0.0151
1965-06-30,-0.051,-0.0681,-0.062400000000000004,-0.020499999999999997,-0.057300000000000004,-0.0418,-0.0622,-0.053099999999999994,-0.0366,-0.0702
1965-07-31,0.0158,0.0229,0.0207,0.018600000000000002,0.0359,-0.0037,-0.013999999999999999,0.0395,0.0106,0.0334
1965-08-31,0.0406,0.034300000000000004,0.0352,0.0154,0.0587,0.013300000000000001,0.0229,0.063,0.009300000000000001,0.0509
1965-09-30,0.0048,0.0712,0.0384,0.0437,0.0526,0.011000000000000001,-0.0068000000000000005,0.022400000000000003,0.0139,0.0177
1965-10-31,0.0259,0.061399999999999996,0.0436,0.0184,0.0521,-0.0227,0.0031,0.0323,0.0105,0.0403
1965-11-30,0.0108,-0.0381,0.0139,0.006999999999999999,0.0274,-0.0431,0.0134,0.0379,-0.0101,0.0412
1965-12-31,0.0129,0.0148,0.032400000000000005,0.0019,-0.0152,-0.0085,0.0126,0.0382,-0.0033,0.0331
1966-01-31,0.019299999999999998,0.006,0.0291,0.0103,0.0134,-0.0129,-0.042800000000000005,0.0278,-0.0301,0.0516
1966-02-28,-0.0048,-0.0149,-0.0072,-0.0347,0.0501,0.004699999999999999,-0.0184,-0.015600000000000001,-0.0418,0.0206
1966-03-31,-0.0265,-0.0297,-0.0178,-0.022400000000000003,-0.009000000000000001,-0.048499999999999995,-0.0212,-0.016,-0.0014000000000000002,-0.025699999999999997
1966-04-30,0.0040999999999999995,0.0015,0.0286,0.031400000000000004,0.07629999999999999,0.0127,0.0308,-0.0001,0.0118,0.0302
1966-05-31,-0.0492,-0.084,-0.056900000000000006,-0.0378,-0.060700000000000004,-0.029900000000000003,-0.029300000000000003,-0.0526,-0.0274,-0.07780000000000001
1966-06-30,-0.018000000000000002,-0.0197,-0.0095,-0.0227,-0.0013,0.004699999999999999,-0.023799999999999998,0.009899999999999999,-0.0179,0.0064
1966-07-31,-0.011899999999999999,-0.025699999999999997,-0.016,0.004,-0.0171,-0.0116,-0.0197,-0.0172,-0.0018,-0.019
1966-08-31,-0.0722,-0.0762,-0.0787,-0.0644,-0.0611,-0.045700000000000005,-0.0642,-0.08109999999999999,-0.0861,-0.1184
1966-09-30,-0.014499999999999999,-0.0097,-0.0361,0.0391,-0.0194,-0.005600000000000001,-0.02,-0.011399999999999999,0.0436,-0.0192
1966-10-31,0.0453,0.0037,0.0252,0.08460000000000001,0.0028000000000000004,0.09179999999999999,-0.0138,0.0487,0.09960000000000001,0.030299999999999997
1966-11-30,0.0231,-0.0346,0.0278,-0.011699999999999999,0.10980000000000001,-0.028399999999999998,0.006999999999999999,0.0691,-0.0137,0.07919999999999999
1966-12-31,0.0022,-0.0265,0.0137,-0.0066,0.0046,0.0296,-0.0416,-0.0018,0.0209,0.0219
1967-01-31,0.09390000000000001,0.11779999999999999,0.1119,0.0358,0.10310000000000001,0.062400000000000004,0.11800000000000001,0.0645,0.028399999999999998,0.1197
1967-02-28,0.0203,-0.0109,0.012199999999999999,-0.001,0.061900000000000004,0.0213,0.0322,0.013999999999999999,-0.0173,-0.0032
1967-03-31,0.044500000000000005,0.0384,0.0579,0.0362,0.055099999999999996,0.0296,0.0233,0.0786,0.0154,0.0441
1967-04-30,0.046,0.1106,0.0375,0.0167,0.0783,0.0022,0.09210000000000002,0.044500000000000005,0.018799999999999997,0.021099999999999997
1967-05-31,-0.027200000000000002,-0.0735,-0.036699999999999997,-0.0246,-0.0434,-0.056600000000000004,-0.045700000000000005,-0.0529,-0.0412,-0.0202
1967-06-30,0.0275,0.0159,0.021,0.022799999999999997,0.0642,0.0273,0.0378,0.0541,-0.0131,0.0351
1967-07-31,0.0605,0.11109999999999999,0.050300000000000004,0.0693,0.039900000000000005,-0.0658,0.06,0.0379,0.0233,0.0782
1967-08-31,-0.008199999999999999,0.0014000000000000002,-0.004,-0.0148,-0.0101,-0.0124,0.0033,0.006500000000000001,-0.006500000000000001,-0.0025
1967-09-30,0.031,0.049800000000000004,0.0311,0.0424,0.0836,0.012199999999999999,0.0245,0.028999999999999998,-0.001,0.0127
1967-10-31,-0.0262,-0.049100000000000005,-0.0452,-0.0096,0.0489,-0.0349,0.0066,-0.050300000000000004,-0.0537,-0.0504
1967-11-30,0.0049,-0.0096,0.0063,0.0078000000000000005,0.014199999999999999,0.0008,0.0084,0.013300000000000001,0.0319,-0.0032
1967-12-31,0.0313,0.0088,0.052000000000000005,0.030699999999999998,0.0213,0.0012,0.0345,0.017,0.0329,0.054000000000000006
1968-01-31,-0.0043,-0.051500000000000004,-0.0636,-0.009000000000000001,-0.0873,0.026699999999999998,0.0113,-0.06570000000000001,0.0018,-0.019
1968-02-29,-0.0271,-0.023399999999999997,-0.042699999999999995,-0.0268,-0.0458,-0.0242,-0.0085,-0.0425,-0.0149,-0.0344
1968-03-31,0.0064,0.006500000000000001,0.0084,0.0074,0.0424,-0.011200000000000002,0.0286,0.0011,-0.0394,-0.0027
1968-04-30,0.1097,0.11689999999999999,0.1065,0.0565,0.1244,0.022099999999999998,0.1222,0.11900000000000001,0.0242,0.11939999999999999
1968-05-31,0.05,-0.0034000000000000002,0.0316,0.0124,0.0383,-0.0073,0.034300000000000004,0.0335,0.0044,0.0623
1968-06-30,0.01,-0.014199999999999999,-0.0022,0.0184,-0.0203,0.0418,0.0051,0.0223,0.08449999999999999,0.030299999999999997
1968-07-31,-0.0369,-0.0292,-0.0397,0.0528,-0.055099999999999996,-0.002,-0.0516,-0.0412,0.0018,-0.0301
1968-08-31,0.0274,0.0125,0.0334,0.013000000000000001,0.0054,0.0129,0.0226,0.0068000000000000005,-0.0087,0.0262
1968-09-30,0.0487,0.0664,0.0455,0.0351,0.0294,0.0297,0.0784,0.0084,0.0026,0.0944
1968-10-31,0.0087,0.0467,0.009300000000000001,0.0259,-0.049,0.0317,0.0069,-0.0004,0.0049,0.0109
1968-11-30,0.0467,-0.0014000000000000002,0.057699999999999994,0.056799999999999996,0.0861,0.053899999999999997,0.051399999999999994,0.0812,0.08810000000000001,0.0771
1968-12-31,-0.0102,-0.0446,-0.0332,-0.0253,-0.053399999999999996,-0.0667,-0.041299999999999996,-0.0102,-0.0292,-0.0368
1969-01-31,-0.011899999999999999,-0.0172,-0.0045000000000000005,-0.011399999999999999,-0.046799999999999994,0.011699999999999999,-0.0097,-0.0023,0.024399999999999998,0.0078000000000000005
1969-02-28,-0.0662,-0.0358,-0.057300000000000004,-0.0495,-0.0362,-0.0334,-0.0415,-0.051699999999999996,-0.052199999999999996,-0.08410000000000001
1969-03-31,0.0070999999999999995,0.051,0.0265,0.0736,0.054400000000000004,-0.0042,0.0507,0.0335,-0.0129,0.0074
1969-04-30,0.0105,0.012199999999999999,0.013000000000000001,-0.0036,0.038599999999999995,0.0768,0.0394,0.049800000000000004,0.0134,0.0183
1969-05-31,0.0121,0.0013,-0.0086,0.04,-0.016,0.010700000000000001,0.0048,0.0168,0.0002,-0.012
1969-06-30,-0.0737,-0.0599,-0.0692,-0.09960000000000001,-0.0016,-0.04,-0.055099999999999996,-0.0504,-0.0574,-0.1052
1969-07-31,-0.06849999999999999,-0.0697,-0.0545,-0.0964,-0.054299999999999994,-0.045,-0.08449999999999999,-0.0273,-0.0298,-0.0913
1969-08-31,0.0495,0.0273,0.04190000000000001,0.0662,0.0703,0.0165,0.08130000000000001,0.0931,-0.0129,0.0898
1969-09-30,0.0033,-0.0006,-0.0207,-0.09630000000000001,0.002,-0.04,-0.0066,0.0209,-0.0415,-0.0063
1969-10-31,0.0832,0.038599999999999995,0.0668,-0.0103,0.0579,0.035,0.06709999999999999,0.0898,0.083,0.08
1969-11-30,-0.0236,-0.044800000000000006,-0.0342,-0.045599999999999995,-0.0179,0.0116,-0.0409,0.0032,-0.0528,-0.0556
1969-12-31,-0.0194,-0.0344,-0.0143,-0.0301,-0.0074,-0.055099999999999996,-0.03,0.043,-0.0063,-0.037599999999999995
1970-01-31,-0.0425,-0.0825,-0.073,-0.11460000000000001,-0.0907,-0.025699999999999997,-0.060899999999999996,-0.0712,-0.0424,-0.0885
1970-02-28,0.047,0.055999999999999994,0.0519,0.053899999999999997,0.029500000000000002,0.0797,0.0558,0.055999999999999994,0.08380000000000001,0.09480000000000001
1970-03-31,-0.0078000000000000005,0.0487,-0.0029,-0.0045000000000000005,-0.0258,0.0229,-0.0172,-0.0509,0.0291,-0.018000000000000002
1970-04-30,-0.1014,-0.0886,-0.0898,-0.0917,-0.1435,-0.08789999999999999,-0.1112,-0.1011,-0.08070000000000001,-0.1382
1970-05-31,-0.0745,-0.0647,-0.0751,0.026600000000000002,-0.0956,-0.0371,-0.0947,-0.07769999999999999,-0.0535,-0.0817
1970-06-30,-0.0148,-0.0415,-0.0482,-0.024399999999999998,-0.1173,-0.0849,-0.0398,-0.0051,-0.0471,-0.06849999999999999
1970-07-31,0.0668,0.106,0.051,0.1276,0.023399999999999997,0.1026,0.1038,0.0216,0.08710000000000001,0.0802
1970-08-31,0.0146,0.0828,0.04650000000000001,0.0659,0.0803,0.024399999999999998,0.053099999999999994,0.0182,0.046900000000000004,0.051
1970-09-30,0.0552,0.0269,0.0397,0.032,0.1018,-0.0088,0.0795,0.0803,-0.0052,0.0759
1970-10-31,0.006999999999999999,-0.02,-0.0315,0.029500000000000002,-0.0348,-0.0375,-0.0169,0.001,-0.0083,-0.058899999999999994
1970-11-30,0.0473,0.0698,0.0392,0.0495,0.0406,0.0616,0.0688,0.0308,0.0941,0.0385
1970-12-31,0.075,0.0617,0.0801,0.0225,0.044000000000000004,0.06849999999999999,0.0541,0.0536,0.0718,0.0837
1971-01-31,0.0482,0.0387,0.0591,0.0033,0.053899999999999997,0.0977,0.08289999999999999,0.048799999999999996,0.029300000000000003,0.0781
1971-02-28,0.0377,0.022400000000000003,0.0124,0.0481,0.027999999999999997,-0.0529,0.0364,0.0139,-0.026000000000000002,0.0235
1971-03-31,0.044500000000000005,0.0344,0.0408,0.0276,0.0805,0.0070999999999999995,0.0681,0.036699999999999997,0.0241,0.0601
1971-04-30,0.0213,0.0849,0.042800000000000005,0.0431,0.0231,0.008100000000000001,0.049699999999999994,0.0425,-0.0355,0.0436
1971-05-31,-0.0301,-0.042800000000000005,-0.0226,-0.04769999999999999,-0.061799999999999994,-0.0516,-0.0179,-0.021099999999999997,-0.0371,-0.046
1971-06-30,-0.0015,-0.0066,0.0037,0.0103,-0.0218,0.0104,0.003,0.0202,0.0432,-0.0106
1971-07-31,-0.021400000000000002,-0.0555,-0.048799999999999996,-0.021400000000000002,-0.0858,-0.0361,-0.0345,-0.0225,-0.021400000000000002,-0.0385
1971-08-31,0.031,0.106,0.0639,-0.012199999999999999,0.0567,-0.0034000000000000002,0.062,0.032799999999999996,-0.0233,0.0703
1971-09-30,-0.0007000000000000001,-0.0007000000000000001,-0.0032,-0.016399999999999998,-0.0155,0.0023,0.0073,0.0066,-0.0151,-0.0043
1971-10-31,-0.0433,-0.0521,-0.0604,-0.0429,-0.0435,-0.0174,-0.0345,-0.025,0.020499999999999997,-0.042
1971-11-30,-0.0034000000000000002,0.0033,-0.0098,0.0006,0.0177,0.0039000000000000003,0.0024,0.0059,-0.012,-0.0018
1971-12-31,0.1054,0.061399999999999996,0.0987,0.08839999999999999,0.1127,0.0737,0.1017,0.0791,0.08109999999999999,0.0814
1972-01-31,0.025,0.0323,0.0322,0.0016,0.08349999999999999,0.009399999999999999,0.0043,0.026000000000000002,-0.003,0.0333
1972-02-29,0.04650000000000001,0.0084,0.0499,0.026099999999999998,0.0189,0.0016,0.056600000000000004,0.0713,-0.025,0.0225
1972-03-31,0.0008,0.042300000000000004,0.024900000000000002,-0.0546,0.011000000000000001,-0.0032,0.019799999999999998,0.0046,-0.0016,0.0231
1972-04-30,0.019,-0.0053,0.0197,-0.0069,0.0076,-0.0105,-0.005600000000000001,0.0108,-0.0282,0.0182
1972-05-31,0.0040999999999999995,-0.0102,0.019,0.0369,0.0374,0.011699999999999999,0.0179,0.0352,-0.0018,-0.0060999999999999995
1972-06-30,-0.0115,-0.028900000000000002,-0.0225,-0.0092,-0.0253,-0.0275,-0.042199999999999994,0.025099999999999997,-0.0155,-0.0451
1972-07-31,-0.0158,-0.0213,0.0048,-0.0105,0.0096,0.0075,-0.0246,0.0313,0.0004,-0.029500000000000002
1972-08-31,-0.0011,0.0378,0.0229,0.1245,0.0285,0.051500000000000004,-0.0043,0.0104,0.059699999999999996,0.0362
1972-09-30,-0.0262,-0.0089,-0.012199999999999999,-0.0024,-0.0115,0.0431,-0.005,-0.0044,0.002,-0.0172
1972-10-31,-0.0001,-0.024399999999999998,0.011399999999999999,0.031,-0.0334,0.023,0.0089,0.0151,0.0677,0.0113
1972-11-30,0.0688,0.0794,0.042,0.062,0.0253,0.0706,0.0601,-0.005600000000000001,0.064,0.051399999999999994
1972-12-31,0.0053,0.016399999999999998,0.0092,0.0105,0.019799999999999998,0.014499999999999999,0.0173,0.0374,-0.0154,-0.0073
1973-01-31,-0.047599999999999996,-0.067,-0.037000000000000005,0.050300000000000004,0.0196,-0.0212,-0.0409,-0.011899999999999999,-0.042699999999999995,-0.0745
1973-02-28,-0.0437,-0.058600000000000006,-0.0227,-0.0738,-0.03,-0.0464,-0.0645,-0.0070999999999999995,-0.019799999999999998,-0.060599999999999994
1973-03-31,-0.01,-0.0282,-0.002,0.0305,-0.012,0.0053,-0.0564,0.0078000000000000005,-0.0215,-0.0026
1973-04-30,-0.0625,-0.0519,-0.044000000000000004,-0.0098,-0.0666,0.0088,-0.0852,-0.054900000000000004,-0.006,-0.0775
1973-05-31,-0.0213,-0.042300000000000004,-0.0115,-0.0356,-0.026099999999999998,-0.0084,-0.0223,0.0106,0.0034999999999999996,-0.0499
1973-06-30,-0.0344,-0.0254,-0.0034999999999999996,0.0159,-0.0006,-0.0032,-0.0576,0.0001,-0.025,-0.0023
1973-07-31,0.07429999999999999,0.0726,0.0665,0.003,0.0495,-0.0032,0.1114,0.0687,-0.024,0.0953
1973-08-31,-0.0331,-0.0394,-0.0146,-0.0382,-0.037000000000000005,-0.038900000000000004,-0.0415,-0.069,-0.021,-0.023
1973-09-30,0.059000000000000004,0.0782,0.045599999999999995,0.09210000000000002,-0.028300000000000002,0.0764,0.0717,0.0078000000000000005,0.0791,0.0724
1973-10-31,-0.0225,-0.0435,0.0045000000000000005,0.051699999999999996,0.039,-0.0556,-0.0365,0.0183,-0.0341,-0.0101
1973-11-30,-0.1432,-0.1631,-0.1427,-0.0622,-0.11449999999999999,-0.0433,-0.18899999999999997,-0.0776,-0.1164,-0.135
1973-12-31,-0.015700000000000002,-0.037599999999999995,0.0129,0.0863,-0.0432,0.0417,-0.0021,-0.044800000000000006,0.034300000000000004,0.0245
1974-01-31,0.0236,0.061,0.0040999999999999995,-0.0746,0.0125,0.0209,0.0669,-0.0256,0.0455,0.0118
1974-02-28,0.0015,-0.010700000000000001,0.0003,-0.0155,-0.006,0.0471,0.008100000000000001,-0.012199999999999999,0.0029,0.0101
1974-03-31,-0.019,-0.001,-0.0078000000000000005,-0.032400000000000005,-0.0273,-0.0458,-0.031200000000000002,0.0121,-0.0366,-0.0363
1974-04-30,-0.036699999999999997,-0.0407,-0.0204,-0.06309999999999999,-0.0364,-0.053200000000000004,-0.0196,-0.0148,-0.1223,-0.0633
1974-05-31,-0.0291,0.0044,-0.0254,-0.0754,-0.042199999999999994,-0.0155,0.011899999999999999,-0.0012,-0.0493,-0.0849
1974-06-30,-0.005699999999999999,-0.0264,-0.0042,-0.0031,-0.029300000000000003,0.0027,-0.0273,-0.016200000000000003,-0.0622,-0.0556
1974-07-31,-0.1016,-0.1191,-0.0717,-0.0052,-0.0823,-0.07629999999999999,-0.1283,-0.1414,0.0074,-0.0663
1974-08-31,-0.102,-0.06709999999999999,-0.1016,-0.08650000000000001,-0.0493,-0.0003,-0.1308,-0.0806,-0.08689999999999999,-0.10640000000000001
1974-09-30,-0.1206,-0.1298,-0.12869999999999998,-0.0797,-0.16829999999999998,-0.0381,-0.12269999999999999,-0.15560000000000002,-0.0132,-0.09630000000000001
1974-10-31,0.157,0.045,0.1606,0.2078,0.1471,0.1085,0.1,0.2959,0.13019999999999998,0.2018
1974-11-30,-0.038599999999999995,-0.0479,-0.059000000000000004,-0.0429,-0.049400000000000006,-0.030699999999999998,-0.0575,-0.0123,-0.0015,-0.0281
1974-12-31,-0.0051,-0.0409,-0.0444,0.0084,-0.0524,0.015700000000000002,-0.0336,-0.0332,-0.0083,-0.0431
1975-01-31,0.1873,0.2152,0.1451,0.0676,0.15289999999999998,0.1109,0.2597,-0.0075,0.1883,0.1793
1975-02-28,0.0404,0.0499,0.0802,0.0227,0.1317,0.051500000000000004,0.051699999999999996,0.1607,0.0088,0.0287
1975-03-31,0.0716,0.0662,0.050499999999999996,-0.0232,0.009899999999999999,-0.0088,0.1076,0.0129,-0.013300000000000001,0.0414
1975-04-30,0.0302,0.0408,0.0956,0.0725,0.0557,-0.0096,0.0259,0.006500000000000001,-0.0163,0.0326
1975-05-31,0.052199999999999996,0.026000000000000002,0.027999999999999997,0.1207,0.0592,0.0355,0.0401,0.0653,0.08539999999999999,0.0572
1975-06-30,0.0528,0.1024,0.0354,0.065,0.0231,0.0405,0.0745,0.0096,0.1074,0.059500000000000004
1975-07-31,-0.0538,-0.0202,-0.0591,-0.0425,-0.0942,-0.0421,-0.0747,-0.12029999999999999,-0.048,-0.0613
1975-08-31,-0.0313,-0.0348,-0.0078000000000000005,-0.0088,-0.0296,-0.0354,-0.0033,-0.0332,-0.0123,-0.051399999999999994
1975-09-30,-0.024399999999999998,-0.0245,-0.0582,-0.011699999999999999,-0.0085,-0.0127,-0.0354,-0.0652,-0.0098,-0.0632
1975-10-31,0.1058,0.0891,0.0571,-0.0134,0.084,0.0682,0.0992,0.1067,0.0655,0.0391
1975-11-30,0.0409,0.0327,0.0297,-0.016399999999999998,0.0506,0.042800000000000005,0.0466,0.0513,0.0316,0.0358
1975-12-31,-0.0149,-0.0045000000000000005,-0.013600000000000001,0.0009,-0.0126,-0.0012,-0.0304,-0.0636,0.013500000000000002,-0.0026
1976-01-31,0.1094,0.1564,0.1685,0.0848,0.18289999999999998,0.0949,0.08990000000000001,0.0774,0.08310000000000001,0.1293
1976-02-29,-0.0109,0.0387,0.0173,-0.0316,0.0115,0.0354,0.046799999999999994,-0.06559999999999999,-0.0355,0.0318
1976-03-31,0.0072,0.0354,0.0113,0.0722,0.029300000000000003,0.005699999999999999,0.0344,0.0654,0.014499999999999999,0.02
1976-04-30,-0.0166,0.018500000000000003,-0.014199999999999999,0.021400000000000002,-0.0341,0.0172,-0.0467,-0.0431,0.0063,-0.015600000000000001
1976-05-31,-0.0217,-0.0313,-0.012199999999999999,0.0553,0.0049,-0.028999999999999998,-0.057699999999999994,-0.0282,-0.0147,-0.0171
1976-06-30,0.0364,0.0424,0.037000000000000005,0.0509,0.0821,0.0359,0.0147,0.036699999999999997,0.0426,0.0536
1976-07-31,0.0148,-0.010700000000000001,-0.018500000000000003,-0.0062,-0.022000000000000002,0.0125,-0.022400000000000003,-0.0038,0.0282,-0.0005
1976-08-31,-0.0034000000000000002,-0.0146,-0.017,-0.0089,-0.0085,0.047400000000000005,0.0286,0.0217,0.0297,-0.0116
1976-09-30,0.0159,0.0449,0.011000000000000001,0.0592,0.0291,0.016,0.0045000000000000005,0.0363,0.0408,0.0092
1976-10-31,-0.016200000000000003,-0.0116,-0.032799999999999996,-0.0242,-0.045,0.0129,-0.0091,-0.0374,-0.008100000000000001,-0.0043
1976-11-30,0.0174,-0.0070999999999999995,-0.0037,0.0083,0.016200000000000003,0.0315,0.048499999999999995,-0.09759999999999999,0.0315,0.0199
1976-12-31,0.0521,0.0967,0.0581,0.0633,0.0387,0.0345,0.0233,0.0629,0.065,0.08380000000000001
1977-01-31,-0.0408,-0.04190000000000001,-0.0596,0.0029,-0.038599999999999995,0.0012,-0.0713,-0.0883,0.0084,-0.0416
1977-02-28,-0.0139,-0.0348,-0.0063,-0.0301,-0.0060999999999999995,0.0098,-0.0184,-0.0021,-0.0342,-0.0173
1977-03-31,-0.013999999999999999,-0.0335,-0.0027,-0.0207,-0.0003,-0.0104,-0.0275,-0.0179,0.0018,-0.0009
1977-04-30,0.0052,0.0316,0.0049,0.0252,-0.0345,0.0066,-0.0344,-0.052199999999999996,0.0194,0.0213
1977-05-31,-0.009399999999999999,-0.0053,-0.0298,-0.0043,-0.0152,0.0143,-0.0278,-0.0189,0.0167,-0.0089
1977-06-30,0.0453,0.0429,0.034,0.060899999999999996,0.07769999999999999,0.0194,0.060899999999999996,0.09029999999999999,0.0571,0.053399999999999996
1977-07-31,0.0118,-0.024300000000000002,-0.0362,-0.018000000000000002,-0.0016,-0.0085,-0.0022,-0.0223,0.0087,-0.0039000000000000003
1977-08-31,0.0011,-0.0085,-0.0127,-0.0584,0.005,-0.022799999999999997,0.0463,0.0384,-0.0325,-0.0118
1977-09-30,0.0027,0.0155,-0.009300000000000001,0.0074,-0.0178,0.0348,-0.006999999999999999,-0.0089,0.020099999999999996,-0.001
1977-10-31,-0.0335,-0.0446,-0.0463,-0.0355,-0.0322,-0.050499999999999996,-0.0318,-0.0175,-0.0315,-0.0441
1977-11-30,0.045899999999999996,0.0187,0.0433,0.0347,0.0528,0.0216,0.0555,0.060899999999999996,0.0429,0.0649
1977-12-31,0.0001,-0.0075,0.0074,0.0189,0.023799999999999998,0.0215,-0.0123,0.0062,-0.0033,0.0062
1978-01-31,-0.053,-0.0682,-0.0603,-0.0693,-0.047400000000000005,-0.0416,-0.0684,-0.0189,-0.0454,-0.0529
1978-02-28,0.0011,0.0038,-0.0263,-0.0109,-0.0347,0.0416,-0.0044,-0.0302,-0.0042,-0.0016
1978-03-31,0.0417,0.061,0.039,0.020499999999999997,-0.0060999999999999995,0.0262,0.0285,0.0417,0.0248,0.0546
1978-04-30,0.0692,0.09630000000000001,0.11380000000000001,0.067,0.1329,0.029300000000000003,0.10830000000000001,0.0924,0.0018,0.09359999999999999
1978-05-31,0.042300000000000004,0.0018,0.040999999999999995,0.0086,0.0167,-0.0039000000000000003,0.0126,0.051699999999999996,0.0070999999999999995,0.026000000000000002
1978-06-30,-0.0026,-0.0277,-0.0147,-0.0374,-0.0036,-0.0154,-0.0197,0.011399999999999999,0.0083,-0.0034999999999999996
1978-07-31,0.035,0.0473,0.0784,0.0334,0.0858,0.0143,0.0513,0.08869999999999999,0.0282,0.0664
1978-08-31,0.041100000000000005,0.0297,0.0394,0.0513,0.0602,0.0353,0.057,0.0097,0.0045000000000000005,0.0653
1978-09-30,-0.004,-0.0051,-0.0212,0.047599999999999996,-0.0418,0.012199999999999999,-0.0264,-0.0271,-0.0025,-0.014499999999999999
1978-10-31,-0.1158,-0.1118,-0.11359999999999999,-0.1061,-0.1076,-0.045,-0.1418,-0.1284,-0.071,-0.1411
1978-11-30,0.0219,0.0068000000000000005,0.0287,0.061799999999999994,0.0508,0.0302,0.0263,0.0518,0.03,0.025099999999999997
1978-12-31,0.0168,-0.0062,0.0141,0.0282,0.064,0.001,-0.0066,0.0342,-0.0125,0.0129
1979-01-31,0.0418,0.0506,0.06509999999999999,0.030899999999999997,0.043,0.0366,0.057300000000000004,0.014199999999999999,0.0637,0.0603
1979-02-28,-0.0349,-0.036000000000000004,-0.0449,0.0060999999999999995,-0.0332,-0.006500000000000001,-0.044199999999999996,-0.0452,-0.016399999999999998,-0.0321
1979-03-31,0.0415,0.066,0.07339999999999999,0.0928,0.0761,0.0016,0.061200000000000004,0.0504,0.0232,0.0816
1979-04-30,0.002,0.029300000000000003,-0.0046,0.0433,0.0033,-0.0215,0.0088,0.0043,-0.0275,0.0149
1979-05-31,-0.0178,-0.0069,-0.0229,-0.0246,-0.019799999999999998,0.0009,-0.024399999999999998,-0.0264,0.0144,-0.0028000000000000004
1979-06-30,0.0332,0.03,0.0349,0.09269999999999999,0.005,0.019299999999999998,0.027999999999999997,0.0483,0.049699999999999994,0.07
1979-07-31,0.0203,0.0206,0.0202,0.0158,-0.0149,-0.0011,0.0126,0.0015,0.0207,0.0331
1979-08-31,0.0756,0.0472,0.0771,0.0793,0.0591,0.0152,0.0888,0.0858,0.020499999999999997,0.057800000000000004
1979-09-30,-0.0187,0.0039000000000000003,-0.0069,0.0592,-0.0175,-0.023799999999999998,-0.0075,-0.0055000000000000005,-0.0219,-0.0066
1979-10-31,-0.0766,-0.0928,-0.0885,-0.0255,-0.0774,-0.0507,-0.0889,-0.0434,-0.0583,-0.1015
1979-11-30,0.0516,-0.022000000000000002,0.0472,0.0892,0.0818,0.0406,0.0383,0.08789999999999999,0.07780000000000001,0.0703
1979-12-31,0.0337,0.0326,0.0446,0.024900000000000002,0.0179,-0.0152,0.030699999999999998,0.0208,-0.0101,0.0412
1980-01-31,0.0311,0.0911,0.0706,0.1405,0.0735,-0.0207,0.0131,-0.0129,0.0155,0.0554
1980-02-29,-0.048600000000000004,-0.0635,-0.025,0.13,-0.0359,-0.013999999999999999,-0.048600000000000004,-0.0464,-0.0342,-0.0337
1980-03-31,-0.0817,-0.08800000000000001,-0.1177,-0.1791,-0.1267,-0.026600000000000002,-0.09630000000000001,-0.0285,-0.066,-0.1233
1980-04-30,0.064,-0.0175,0.0321,0.06860000000000001,0.0072,0.0733,0.045,0.0429,0.1204,0.0613
1980-05-31,0.0795,0.0437,0.0625,0.041299999999999996,0.0481,0.05,0.10679999999999999,0.0697,0.046,0.0809
1980-06-30,0.029900000000000003,0.0279,0.023399999999999997,0.0584,0.030299999999999997,-0.005699999999999999,0.0242,0.0022,0.0455,0.0509
1980-07-31,0.0774,0.1175,0.10830000000000001,0.020099999999999996,0.1548,0.01,0.1082,0.0888,-0.0012,0.0684
1980-08-31,0.0147,0.015300000000000001,0.0158,0.0366,0.0366,0.063,0.018000000000000002,0.0027,-0.011699999999999999,0.027000000000000003
1980-09-30,0.002,0.009300000000000001,0.028300000000000002,0.0653,0.0199,-0.016200000000000003,0.0128,0.0362,0.0012,0.0382
1980-10-31,0.0029,-0.0172,0.0042,0.0776,0.0196,-0.0321,-0.0115,-0.0124,0.0192,0.015600000000000001
1980-11-30,0.009300000000000001,0.0489,0.08410000000000001,0.243,0.0983,-0.0046,0.0258,0.0888,0.0739,0.0767
1980-12-31,0.01,-0.0108,-0.0207,-0.1059,-0.011399999999999999,0.012199999999999999,-0.0139,0.0461,-0.0192,0.0004
1981-01-31,0.0203,-0.022400000000000003,-0.0196,-0.1016,-0.08070000000000001,0.0555,0.0044,-0.016200000000000003,-0.0256,-0.0336
1981-02-28,0.0248,0.0645,0.0438,-0.0031,0.004699999999999999,0.0213,0.0268,0.018000000000000002,-0.0127,0.0167
1981-03-31,0.0694,0.0698,0.0605,-0.020499999999999997,0.049800000000000004,0.011699999999999999,0.1284,0.0587,0.03,0.09029999999999999
1981-04-30,0.0115,0.0187,-0.0102,-0.078,0.0017000000000000001,0.062,0.028900000000000002,0.030299999999999997,-0.0269,0.0033
1981-05-31,0.0265,0.0288,-0.0040999999999999995,-0.0395,0.0426,0.0721,0.0286,0.0346,0.0184,0.027999999999999997
1981-06-30,-0.0018,-0.043,-0.0125,0.0471,-0.0674,-0.0191,-0.0143,-0.055999999999999994,0.0346,-0.013600000000000001
1981-07-31,-0.0076,-0.0291,-0.0286,0.0794,-0.0379,0.0034000000000000002,-0.034,-0.039,0.027999999999999997,-0.0273
1981-08-31,-0.0493,-0.0793,-0.0692,-0.0634,-0.0731,-0.0077,-0.056100000000000004,-0.0775,-0.0085,-0.0552
1981-09-30,-0.0217,-0.0296,-0.0717,-0.12300000000000001,-0.0391,0.028399999999999998,-0.0363,-0.0129,-0.0554,-0.0529
1981-10-31,0.0741,-0.0415,0.037000000000000005,0.096,0.0521,0.0602,0.0676,0.0796,0.0489,0.07150000000000001
1981-11-30,0.026600000000000002,0.048600000000000004,0.0467,0.06849999999999999,0.015,0.027000000000000003,0.010700000000000001,0.0394,0.059500000000000004,0.050499999999999996
1981-12-31,-0.0181,0.004699999999999999,-0.0166,-0.0641,-0.0002,-0.014499999999999999,-0.0192,-0.0074,-0.0235,-0.0379
1982-01-31,-0.0092,0.0116,-0.033,-0.08470000000000001,0.027000000000000003,0.0067,0.0013,0.0144,-0.0067,-0.0318
1982-02-28,-0.0194,-0.020499999999999997,-0.0562,-0.11199999999999999,-0.053200000000000004,-0.056900000000000006,-0.0141,-0.0174,-0.0034000000000000002,-0.0392
1982-03-31,0.024700000000000003,0.0351,-0.0177,-0.0341,-0.0356,0.020499999999999997,0.042800000000000005,-0.0256,0.0166,-0.0126
1982-04-30,0.0668,0.0444,0.0325,0.0431,0.07440000000000001,-0.013600000000000001,0.053099999999999994,0.0739,0.0385,0.0364
1982-05-31,-0.0329,-0.0195,-0.0475,0.023399999999999997,-0.0545,0.002,-0.0273,-0.0305,-0.0054,-0.0559
1982-06-30,0.0166,0.026699999999999998,-0.025699999999999997,-0.0626,-0.023799999999999998,-0.0245,0.0265,-0.0075,-0.022099999999999998,-0.0242
1982-07-31,-0.0045000000000000005,-0.0033,-0.0233,-0.08109999999999999,0.0151,0.012,0.0022,0.0078000000000000005,-0.0259,-0.030299999999999997
1982-08-31,0.0916,0.1386,0.1396,0.1005,0.1286,0.1085,0.126,0.1244,0.1208,0.11359999999999999
1982-09-30,0.051399999999999994,-0.0075,-0.0104,0.018500000000000003,0.011699999999999999,0.01,0.04769999999999999,0.013600000000000001,0.010700000000000001,0.042
1982-10-31,0.10460000000000001,0.16519999999999999,0.1306,0.055,0.1699,0.0812,0.16870000000000002,0.08220000000000001,0.0473,0.1568
1982-11-30,0.052300000000000006,0.0825,0.0579,-0.0458,0.1069,0.06,0.1119,0.051699999999999996,0.0012,0.0757
1982-12-31,0.0097,0.030299999999999997,0.0073,0.0553,0.0265,-0.0123,-0.0207,0.0058,0.0434,-0.013600000000000001
1983-01-31,-0.0101,0.051699999999999996,0.050300000000000004,0.0364,0.08380000000000001,0.1244,0.0126,0.014199999999999999,0.036699999999999997,0.0285
1983-02-28,0.037599999999999995,0.0364,0.0406,-0.0059,0.0361,-0.0037,0.0791,0.028300000000000002,0.0159,0.045599999999999995
1983-03-31,0.07519999999999999,-0.0115,0.021,0.0593,0.0066,0.0064,0.0851,0.0454,0.0025,0.0495
1983-04-30,0.062,0.10880000000000001,0.0634,0.09359999999999999,0.07490000000000001,0.051399999999999994,0.0858,0.050499999999999996,0.0478,0.0834
1983-05-31,-0.0095,-0.0208,0.020099999999999996,0.013300000000000001,0.027999999999999997,-0.0131,0.004699999999999999,-0.0275,0.0254,0.023700000000000002
1983-06-30,0.0319,0.1032,0.0158,0.0643,0.0613,0.0018,0.0611,0.0692,-0.0055000000000000005,0.0168
1983-07-31,-0.026600000000000002,-0.039,-0.0258,-0.0227,-0.0536,-0.051699999999999996,-0.032799999999999996,-0.056799999999999996,0.0102,-0.0364
1983-08-31,0.0072,-0.023700000000000002,0.006,0.0687,-0.0111,0.022000000000000002,-0.0473,-0.0101,0.0152,-0.0091
1983-09-30,0.0466,0.043899999999999995,0.022799999999999997,-0.046,0.0216,0.0226,0.0219,0.013000000000000001,0.0466,0.016
1983-10-31,-0.0021,0.0004,-0.0229,-0.020499999999999997,-0.0695,-0.0519,-0.0177,-0.0218,0.0305,-0.0407
1983-11-30,0.023,0.042300000000000004,0.06480000000000001,-0.0045000000000000005,0.0233,0.0317,0.0444,-0.030299999999999997,-0.016399999999999998,0.0472
1983-12-31,-0.004699999999999999,0.0092,-0.0111,0.021,0.0036,-0.015300000000000001,-0.0472,-0.0363,-0.0364,-0.0087
1984-01-31,-0.0070999999999999995,-0.0538,-0.0349,0.09849999999999999,-0.062,0.040999999999999995,-0.058499999999999996,-0.005699999999999999,0.0144,-0.0163
1984-02-29,-0.0565,-0.060899999999999996,-0.0659,0.039599999999999996,-0.0593,-0.0368,-0.044500000000000005,-0.0203,-0.0334,-0.0493
1984-03-31,0.0163,0.0037,0.0329,0.0027,0.0179,-0.043,0.0121,-0.0067,-0.0031,0.0245
1984-04-30,0.005699999999999999,0.0132,-0.0013,0.0398,-0.0043,0.022000000000000002,0.0034000000000000002,0.0232,-0.005,-0.0203
1984-05-31,-0.0241,-0.0579,-0.0581,-0.0512,-0.055999999999999994,-0.035699999999999996,-0.0518,-0.0646,-0.0083,-0.0688
1984-06-30,0.0632,0.021099999999999997,0.0319,-0.02,0.0179,0.12210000000000001,0.07400000000000001,0.038599999999999995,0.0044,0.0222
1984-07-31,-0.015700000000000002,0.0253,-0.0147,-0.0747,-0.0245,0.0281,0.0012,-0.0377,-0.0001,-0.0187
1984-08-31,0.08689999999999999,0.1,0.11900000000000001,0.1401,0.1396,0.0672,0.0986,0.10439999999999999,0.07780000000000001,0.1109
1984-09-30,0.0126,-0.002,-0.025699999999999997,0.0225,-0.0394,0.0292,0.0006,-0.044199999999999996,0.048600000000000004,0.0218
1984-10-31,0.0138,0.0215,0.0059,-0.0435,-0.0055000000000000005,-0.008,-0.0069,0.0166,0.0335,0.0077
1984-11-30,0.0038,-0.030299999999999997,-0.013500000000000002,-0.009899999999999999,-0.038,-0.0024,-0.0291,-0.0008,0.030600000000000002,-0.0034000000000000002
1984-12-31,0.024399999999999998,0.0461,0.0216,-0.005699999999999999,0.0254,0.0512,0.0076,0.0271,0.0265,0.037000000000000005
1985-01-31,0.0484,0.0984,0.08470000000000001,0.0654,0.12560000000000002,0.058600000000000006,0.1313,0.08310000000000001,0.024,0.0981
1985-02-28,0.0507,-0.015700000000000002,0.013300000000000001,0.0388,-0.0132,0.0269,0.021,0.036000000000000004,0.0137,0.021
1985-03-31,0.0464,-0.052300000000000006,-0.0276,0.014499999999999999,-0.0602,0.0548,-0.0060999999999999995,0.030699999999999998,0.0613,-0.0016
1985-04-30,-0.0213,-0.0345,-0.0149,0.038,-0.0364,0.009000000000000001,0.0004,-0.0177,0.016,0.0144
1985-05-31,0.07980000000000001,0.059000000000000004,0.060899999999999996,0.0062,0.028399999999999998,0.0663,0.096,0.09369999999999999,0.0538,0.063
1985-06-30,0.0276,0.0149,0.0151,-0.0064,-0.006999999999999999,0.040999999999999995,0.016,0.0227,0.0362,0.0286
1985-07-31,-0.0262,0.0254,0.0341,-0.0059,0.0441,-0.045700000000000005,-0.039900000000000005,-0.004699999999999999,-0.04650000000000001,-0.0016
1985-08-31,0.006999999999999999,-0.030299999999999997,-0.011399999999999999,0.0158,-0.0253,0.0053,-0.0060999999999999995,-0.008199999999999999,0.0192,-0.0038
1985-09-30,-0.005699999999999999,-0.030899999999999997,-0.0398,-0.013000000000000001,-0.047400000000000005,-0.0408,-0.0433,-0.0392,-0.0538,-0.049800000000000004
1985-10-31,0.035699999999999996,0.0098,0.0329,0.059500000000000004,0.0302,0.0416,0.0683,0.0287,0.0633,0.064
1985-11-30,0.0823,0.09880000000000001,0.0794,0.0034000000000000002,0.0866,0.0741,0.0797,0.0956,0.040999999999999995,0.0742
1985-12-31,0.0546,0.07,0.044800000000000006,-0.0268,0.0827,0.0603,0.0454,0.0352,0.049800000000000004,0.0447
1986-01-31,0.0179,0.0209,0.016200000000000003,-0.068,-0.0029,-0.0378,0.0165,0.0106,0.0379,0.0354
1986-02-28,0.10830000000000001,0.1074,0.1024,0.0087,0.0496,0.0739,0.0782,0.060700000000000004,0.0659,0.0834
1986-03-31,0.0812,0.0784,0.0599,0.0095,-0.0008,0.0418,0.08560000000000001,0.1208,0.0398,0.0576
1986-04-30,0.0043,-0.0331,-0.0161,0.0075,0.0392,0.024300000000000002,0.004,0.0070999999999999995,-0.0393,-0.025699999999999997
1986-05-31,0.08869999999999999,0.030600000000000002,0.0441,0.0736,0.0095,0.045899999999999996,0.0977,0.0725,0.0363,0.0466
1986-06-30,0.0632,-0.011699999999999999,-0.0004,-0.020499999999999997,-0.0387,0.0538,0.0394,0.056799999999999996,0.050499999999999996,0.0154
1986-07-31,-0.057300000000000004,-0.0895,-0.0751,-0.0512,-0.0834,-0.0298,-0.09390000000000001,-0.0536,0.0513,-0.0643
1986-08-31,0.0258,0.0701,0.0646,0.1673,0.0698,0.0684,0.0166,0.04,0.07919999999999999,0.0681
1986-09-30,-0.1085,-0.0812,-0.0655,-0.0088,-0.0697,-0.0944,-0.08460000000000001,-0.126,-0.0911,-0.0883
1986-10-31,0.0886,0.0601,0.0647,0.0191,0.0059,0.0463,0.0731,0.07980000000000001,0.0521,0.042
1986-11-30,0.0072,0.0464,0.024399999999999998,0.0325,0.0355,0.0398,0.0161,0.0137,0.0055000000000000005,-0.0066
1986-12-31,-0.0322,-0.025699999999999997,-0.019799999999999998,-0.0046,-0.036699999999999997,-0.0371,-0.0599,-0.012199999999999999,-0.033,-0.0258
1987-01-31,0.1446,0.1866,0.1444,0.14150000000000001,0.16399999999999998,0.053,0.11720000000000001,0.1315,0.09300000000000001,0.1117
1987-02-28,0.056100000000000004,0.0359,0.0478,-0.0176,0.0943,0.0003,0.0981,0.1112,-0.0215,0.0466
1987-03-31,0.011399999999999999,0.0443,0.034,0.1183,0.026099999999999998,0.0139,0.0168,0.0015,-0.0168,-0.0036
1987-04-30,-0.0368,0.041100000000000005,-0.015600000000000001,0.0011,0.043899999999999995,-0.024700000000000003,-0.027000000000000003,-0.0245,-0.0433,-0.0407
1987-05-31,0.0263,-0.0129,0.0033,0.0302,0.0029,0.0329,-0.0005,0.0125,-0.018500000000000003,-0.0001
1987-06-30,0.0679,0.0278,0.0519,0.0583,-0.0002,0.0695,0.0626,0.0478,0.034,0.0462
1987-07-31,0.057300000000000004,0.0693,0.0702,0.0319,0.0096,0.0584,0.057,0.0579,-0.0167,0.0355
1987-08-31,0.036699999999999997,0.056600000000000004,0.0285,0.019299999999999998,0.0746,0.0508,0.0333,0.022099999999999998,0.0371,0.0433
1987-09-30,-0.0277,-0.0383,0.0029,-0.038599999999999995,-0.0268,0.0334,-0.0637,-0.025699999999999997,-0.0231,-0.018000000000000002
1987-10-31,-0.20980000000000001,-0.2658,-0.2733,-0.1885,-0.2582,-0.1216,-0.2791,-0.203,-0.0693,-0.2372
1987-11-30,-0.08,-0.0833,-0.0516,-0.1066,-0.0987,-0.08900000000000001,-0.08650000000000001,-0.0931,-0.0255,-0.06570000000000001
1987-12-31,0.0756,0.0876,0.10869999999999999,0.0675,0.1189,0.0391,0.0859,0.0535,0.005600000000000001,0.053899999999999997
1988-01-31,0.0304,0.042800000000000005,0.0028000000000000004,0.0843,-0.0248,0.1003,0.0562,0.0637,0.0977,0.06309999999999999
1988-02-29,0.0604,0.0645,0.0776,0.0361,0.0748,0.0124,0.1027,0.0421,-0.0141,0.0433
1988-03-31,-0.0152,-0.0362,-0.0134,0.0262,-0.046900000000000004,-0.039599999999999996,-0.0115,-0.024900000000000002,-0.0318,-0.013500000000000002
1988-04-30,-0.0017000000000000001,0.027200000000000002,0.016,0.0462,0.0262,0.0074,0.016,-0.020099999999999996,-0.003,-0.0039000000000000003
1988-05-31,-0.0026,0.0096,-0.0040999999999999995,-0.0040999999999999995,-0.0134,0.023399999999999997,-0.0141,-0.0037,0.0362,0.009399999999999999
1988-06-30,0.0337,0.0783,0.0757,-0.0208,0.0942,0.0291,0.0644,0.0278,0.0323,0.0603
1988-07-31,0.0131,0.001,-0.022799999999999997,0.0359,-0.049100000000000005,0.0015,-0.009300000000000001,0.0051,-0.0022,-0.0060999999999999995
1988-08-31,-0.0034000000000000002,-0.0638,-0.044000000000000004,-0.015,-0.0809,-0.028999999999999998,-0.0226,-0.0108,-0.0012,-0.0091
1988-09-30,0.0669,0.0366,0.035,-0.024700000000000003,0.0288,0.0707,0.0814,0.037599999999999995,0.026699999999999998,0.0406
1988-10-31,0.0833,0.0321,0.0076,0.0189,-0.0009,0.0297,0.0139,0.0126,0.025099999999999997,0.0001
1988-11-30,-0.012199999999999999,-0.0088,-0.0219,-0.0029,-0.0305,0.0005,-0.027000000000000003,-0.0213,-0.005,-0.0216
1988-12-31,0.0327,0.0039000000000000003,0.031400000000000004,0.0183,0.0464,0.0125,0.0159,0.0176,0.0104,0.0091
1989-01-31,0.055999999999999994,0.0741,0.0746,0.0626,0.0711,0.0836,0.061799999999999994,0.0681,0.026699999999999998,0.06860000000000001
1989-02-28,-0.0127,-0.027999999999999997,-0.021,-0.0128,-0.0374,-0.0137,-0.0187,-0.0124,-0.0178,-0.0052
1989-03-31,0.057,-0.0159,0.011899999999999999,0.038900000000000004,-0.0533,0.0529,0.0263,0.049100000000000005,0.0055000000000000005,0.035699999999999996
1989-04-30,0.057999999999999996,0.0033,0.053399999999999996,0.024900000000000002,0.0518,0.09539999999999998,0.0535,0.054299999999999994,0.0397,0.0463
1989-05-31,0.0493,0.018600000000000002,0.0368,0.027000000000000003,0.023799999999999998,0.0592,0.0528,0.0337,0.0528,0.0424
1989-06-30,0.0144,0.014499999999999999,-0.026699999999999998,-0.0101,-0.0317,0.0018,-0.0213,-0.029500000000000002,0.0342,0.0077
1989-07-31,0.11900000000000001,0.0524,0.0762,0.037599999999999995,0.029500000000000002,0.0913,0.0917,0.13570000000000002,0.0581,0.08109999999999999
1989-08-31,-0.019799999999999998,0.0489,0.0438,0.0352,0.024700000000000003,0.008,0.026099999999999998,0.004,-0.008,0.0322
1989-09-30,-0.005699999999999999,-0.0466,-0.025699999999999997,0.013500000000000002,-0.0273,0.0403,-0.0235,0.023399999999999997,0.0048,0.013999999999999999
1989-10-31,-0.0245,-0.057300000000000004,-0.0434,0.0075,-0.0433,-0.0196,-0.0403,0.0037,0.0101,-0.049
1989-11-30,0.0169,-0.011200000000000002,0.030699999999999998,0.039900000000000005,-0.0203,0.021099999999999997,0.012199999999999999,0.045599999999999995,0.032400000000000005,-0.0005
1989-12-31,0.0139,-0.013500000000000002,0.0296,0.06,-0.0105,0.058499999999999996,0.012199999999999999,0.0104,0.048,-0.016
1990-01-31,-0.0947,-0.0352,-0.06309999999999999,-0.042800000000000005,-0.0147,-0.1304,-0.0641,-0.073,-0.0535,-0.0892
1990-02-28,-0.0055000000000000005,0.050499999999999996,0.0256,0.0311,0.0404,-0.0026,0.019299999999999998,-0.0208,0.0021,0.0252
1990-03-31,0.0463,0.0288,0.0388,-0.0059,0.0463,0.042199999999999994,0.0516,0.038,-0.0075,-0.0038
1990-04-30,-0.0017000000000000001,-0.0408,-0.0277,-0.0358,-0.0194,-0.0329,-0.0208,0.0034000000000000002,-0.0552,-0.0342
1990-05-31,0.0909,0.0775,0.08109999999999999,0.0605,0.1241,0.092,0.1153,0.1281,0.054299999999999994,0.09179999999999999
1990-06-30,0.0208,-0.022099999999999998,-0.0055000000000000005,-0.0204,-0.0127,-0.047400000000000005,0.015300000000000001,0.044199999999999996,0.0075,-0.0173
1990-07-31,-0.0079,-0.0345,0.0018,0.083,-0.0764,-0.044199999999999996,-0.0414,0.026699999999999998,0.009000000000000001,-0.0358
1990-08-31,-0.0737,-0.1424,-0.12,-0.013000000000000001,-0.1204,-0.1038,-0.1204,-0.0665,-0.0664,-0.113
1990-09-30,-0.0407,-0.1063,-0.08,-0.016200000000000003,-0.0655,0.0182,-0.0877,-0.0432,0.0048,-0.09970000000000001
1990-10-31,0.025,-0.0329,-0.019299999999999998,-0.0397,-0.0317,0.0302,-0.0304,0.0146,0.0722,-0.0649
1990-11-30,0.06559999999999999,0.0417,0.0737,0.016200000000000003,0.11,0.0212,0.1043,0.0968,0.0231,0.1063
1990-12-31,0.044000000000000004,-0.0040999999999999995,0.0493,-0.0204,0.0407,0.0151,0.033,0.0287,0.0079,0.054900000000000004
1991-01-31,0.051,0.0737,0.063,-0.0203,0.1508,0.0002,0.09390000000000001,0.0478,-0.0137,0.0739
1991-02-28,0.10310000000000001,0.1027,0.0584,0.08560000000000001,0.0599,0.030299999999999997,0.08349999999999999,0.1016,0.0484,0.098
1991-03-31,0.0482,0.012199999999999999,0.0141,0.0129,0.0028000000000000004,0.023,0.086,0.062400000000000004,0.0172,0.030699999999999998
1991-04-30,-0.009899999999999999,-0.022799999999999997,0.005,0.024,-0.0271,0.0113,0.0202,-0.0121,-0.0005,0.0134
1991-05-31,0.0361,0.14880000000000002,0.076,-0.014199999999999999,0.0368,-0.0146,0.07719999999999999,0.0447,0.0015,0.049800000000000004
1991-06-30,-0.0496,-0.0449,-0.0426,-0.0366,-0.0886,-0.0149,-0.0431,-0.04190000000000001,-0.023700000000000002,-0.0524
1991-07-31,0.057699999999999994,-0.0042,0.0311,0.050300000000000004,0.0475,0.0311,0.053099999999999994,0.0851,0.039900000000000005,0.047400000000000005
1991-08-31,0.0548,-0.0215,0.018600000000000002,0.0163,0.028399999999999998,0.0066,0.036000000000000004,0.029500000000000002,0.0352,0.0321
1991-09-30,-0.032400000000000005,-0.026699999999999998,-0.0231,-0.0068000000000000005,-0.0148,0.0037,-0.0316,-0.0033,0.037200000000000004,-0.0067
1991-10-31,-0.0054,-0.0199,0.0148,0.0206,0.0213,0.019299999999999998,-0.0194,0.0653,0.0125,0.0225
1991-11-30,-0.0042,-0.0802,-0.0557,-0.0775,-0.0432,-0.0475,-0.012,-0.0253,0.019,-0.0541
1991-12-31,0.1477,0.0761,0.1158,0.0215,0.0929,0.09849999999999999,0.1304,0.166,0.0501,0.1276
1992-01-31,-0.031200000000000002,0.105,0.0231,-0.041299999999999996,0.0643,-0.0288,0.0028000000000000004,-0.054400000000000004,-0.045700000000000005,0.0199
1992-02-29,0.0105,0.12359999999999999,0.022000000000000002,-0.0054,0.0381,-0.014499999999999999,0.0264,-0.0274,-0.0124,0.030699999999999998
1992-03-31,-0.0151,0.008,-0.0116,-0.027200000000000002,-0.0507,-0.0087,-0.013600000000000001,-0.0553,-0.0053,-0.0219
1992-04-30,0.0076,0.0795,0.030299999999999997,0.0946,-0.009000000000000001,0.071,-0.0351,-0.023,0.0269,0.0062
1992-05-31,0.0131,-0.019299999999999998,-0.0060999999999999995,0.0315,0.001,-0.026099999999999998,0.0024,0.0111,0.0254,0.0147
1992-06-30,-0.0281,0.0218,-0.0325,-0.035,-0.0405,0.0149,-0.0192,-0.0478,0.0054,-0.0006
1992-07-31,0.0467,0.003,0.0291,0.0528,0.0286,0.0546,0.0383,0.0579,0.0673,0.031200000000000002
1992-08-31,0.0087,-0.09609999999999999,-0.0353,0.0255,-0.0438,-0.0097,-0.005,-0.0346,-0.004699999999999999,-0.0346
1992-09-30,0.0106,0.001,0.0179,0.0013,0.0333,0.0191,0.0408,-0.048600000000000004,0.0083,0.0344
1992-10-31,-0.008199999999999999,-0.0002,0.0096,-0.035,0.0195,-0.0055000000000000005,0.0436,0.0334,-0.0042,0.0298
1992-11-30,0.0362,0.0858,0.0393,-0.0271,0.0658,0.0388,0.0708,0.0484,-0.0023,0.0611
1992-12-31,0.0005,0.0335,0.0144,0.0199,0.0002,0.0564,0.0060999999999999995,-0.013500000000000002,0.0271,0.038
1993-01-31,-0.008,0.0958,0.0016,0.0278,0.048,0.013300000000000001,0.0009,-0.0687,0.0246,0.0336
1993-02-28,-0.021400000000000002,-0.003,0.0171,0.0602,-0.0053,0.055999999999999994,-0.0148,-0.0901,0.0623,0.0034999999999999996
1993-03-31,0.0,0.054000000000000006,0.022000000000000002,0.0409,0.0225,0.0335,0.0278,0.0073,0.0176,0.038
1993-04-30,-0.0932,0.024399999999999998,0.0004,0.011000000000000001,-0.0358,-0.0288,-0.0809,0.0129,-0.0015,-0.032799999999999996
1993-05-31,0.026699999999999998,0.011000000000000001,0.023399999999999997,0.0182,0.0874,0.0416,0.0587,0.036000000000000004,-0.0004,0.016399999999999998
1993-06-30,-0.0069,0.0345,-0.0027,-0.0111,-0.0052,0.0464,-0.028900000000000002,-0.0298,0.0319,0.023
1993-07-31,-0.0236,0.0149,-0.0011,0.004699999999999999,-0.0384,0.021400000000000002,0.0073,-0.059800000000000006,0.0194,0.0206
1993-08-31,0.043,0.004699999999999999,0.0348,0.042800000000000005,0.06570000000000001,0.0525,0.0393,0.030299999999999997,0.037000000000000005,0.0347
1993-09-30,-0.0184,0.01,-0.0189,0.0134,0.012,-0.0048,-0.0038,0.0084,-0.0064,0.0178
1993-10-31,0.0604,0.07730000000000001,0.0308,-0.0197,0.0165,0.0242,0.045899999999999996,0.0593,-0.0197,-0.0233
1993-11-30,0.0069,0.0067,0.0134,-0.0599,-0.0023,-0.0596,0.0076,0.0098,-0.0552,-0.028300000000000002
1993-12-31,0.0147,0.0444,0.037599999999999995,0.006,0.029500000000000002,-0.0053,-0.018799999999999997,0.0232,0.0161,0.0253
1994-01-31,-0.0040999999999999995,0.0717,0.048499999999999995,0.048799999999999996,0.0462,0.0217,0.011000000000000001,0.0174,-0.012,0.0436
1994-02-28,-0.0127,-0.0443,-0.0067,-0.0296,0.0172,-0.055,0.018799999999999997,-0.0542,-0.049800000000000004,-0.0385
1994-03-31,-0.0404,-0.06480000000000001,-0.0441,-0.0358,-0.038,-0.0361,-0.0484,-0.0675,-0.0394,-0.0429
1994-04-30,0.0123,-0.0059,0.0004,0.04190000000000001,-0.015300000000000001,0.0159,0.0021,0.0225,0.0213,0.0137
1994-05-31,-0.013500000000000002,-0.0264,0.0204,0.009399999999999999,0.0209,0.0163,-0.0181,0.0431,-0.0536,0.0304
1994-06-30,-0.019,-0.0342,-0.026099999999999998,-0.027000000000000003,-0.051500000000000004,0.0062,-0.0263,-0.0342,-0.0315,-0.026099999999999998
1994-07-31,0.0292,0.0348,0.045899999999999996,0.0325,0.0378,0.031,0.009399999999999999,0.011000000000000001,0.0519,0.027000000000000003
1994-08-31,0.0605,-0.0004,0.0473,-0.001,0.0919,0.0102,0.0441,0.10869999999999999,0.0066,0.0348
1994-09-30,-0.0032,-0.0506,-0.0165,-0.021,-0.0039000000000000003,-0.0115,-0.0232,0.0171,-0.0279,-0.0421
1994-10-31,0.022000000000000002,-0.0174,0.005699999999999999,0.07400000000000001,0.0707,-0.0013,0.013000000000000001,0.0091,0.0159,0.0006
1994-11-30,-0.0167,-0.0507,-0.053399999999999996,-0.048600000000000004,-0.0209,-0.0542,-0.0342,0.0043,0.0028000000000000004,-0.0518
1994-12-31,0.013300000000000001,0.0388,0.04,-0.009899999999999999,0.0246,0.0086,-0.027000000000000003,0.005699999999999999,0.0034999999999999996,0.013999999999999999
1995-01-31,0.0181,-0.0575,-0.004,0.0037,-0.008,0.0416,0.0159,0.060599999999999994,0.0622,0.046799999999999994
1995-02-28,0.0294,0.0512,0.0554,0.045,0.0666,0.0151,0.026600000000000002,0.0232,0.008199999999999999,0.048600000000000004
1995-03-31,0.0276,0.0143,0.0351,0.0528,0.0454,0.0024,0.0362,0.0277,-0.0175,0.019
1995-04-30,0.019,0.0144,0.029500000000000002,0.0222,0.0823,0.016200000000000003,-0.0172,0.03,0.023799999999999998,0.0177
1995-05-31,0.0475,0.048,0.0321,0.0408,0.0292,0.0091,0.026699999999999998,0.0163,0.0604,0.0446
1995-06-30,0.0168,0.0075,0.021,-0.030699999999999998,0.09699999999999999,0.0387,0.049400000000000006,0.044800000000000006,-0.0046,0.0222
1995-07-31,0.0115,0.0246,0.0363,0.0229,0.0771,0.0507,0.035699999999999996,0.0547,-0.0037,0.0475
1995-08-31,0.0064,0.0079,-0.0022,-0.0158,0.0005,0.0438,-0.0271,0.0103,0.009899999999999999,0.037200000000000004
1995-09-30,0.0673,-0.0064,0.0222,0.0129,0.0127,0.0575,0.028900000000000002,0.0738,0.063,0.0447
1995-10-31,0.0054,-0.049,-0.0265,-0.0026,0.0147,0.0015,-0.0548,0.0103,0.0148,-0.0199
1995-11-30,0.0452,0.055,0.0642,0.0479,-0.0044,0.0279,0.061399999999999996,0.0493,0.0158,0.0611
1995-12-31,0.0151,0.030600000000000002,0.0149,0.057999999999999996,-0.040999999999999995,0.0412,-0.0084,0.058899999999999994,0.051,0.0105
1996-01-31,0.026099999999999998,0.0347,0.0331,-0.0040999999999999995,0.020099999999999996,0.022799999999999997,-0.003,0.0605,0.018600000000000002,0.0348
1996-02-29,0.0322,0.0203,0.009000000000000001,0.0102,0.0636,-0.023799999999999998,0.0441,-0.011200000000000002,-0.026699999999999998,0.021400000000000002
1996-03-31,-0.0084,0.0434,0.034300000000000004,0.0501,-0.0333,-0.020099999999999996,0.059699999999999996,0.0021,-0.0052,0.0181
1996-04-30,0.0017000000000000001,0.036000000000000004,0.0166,0.0345,0.0968,0.0288,0.042699999999999995,-0.0060999999999999995,-0.026600000000000002,0.0022
1996-05-31,0.0655,0.022400000000000003,0.022799999999999997,0.0052,0.038900000000000004,-0.0002,0.043899999999999995,0.0391,0.0132,0.015
1996-06-30,0.032,-0.0483,-0.0043,0.0097,-0.0475,0.0055000000000000005,-0.0171,-0.0025,0.0527,-0.0024
1996-07-31,-0.0405,-0.0454,-0.0401,-0.0463,-0.07400000000000001,-0.0849,-0.0762,-0.0625,-0.0581,-0.0424
1996-08-31,-0.008100000000000001,0.0301,0.0316,0.0294,0.044000000000000004,-0.0132,0.060700000000000004,0.0431,0.028900000000000002,0.0391
1996-09-30,0.0375,0.0137,0.061399999999999996,0.0401,0.1065,0.016200000000000003,0.0368,0.0736,0.0068000000000000005,0.0509
1996-10-31,0.0155,0.0322,0.016399999999999998,0.0596,-0.0192,-0.0031,-0.0229,-0.0085,0.0361,0.0394
1996-11-30,0.0516,0.0604,0.0608,0.0554,0.1193,0.054900000000000004,0.0311,0.0661,0.026000000000000002,0.0745
1996-12-31,0.005,-0.0226,-0.0036,0.0079,-0.0274,0.028999999999999998,-0.034300000000000004,-0.0262,0.0013,-0.0181
1997-01-31,0.0575,0.029900000000000003,0.0418,0.0435,0.09300000000000001,0.0229,0.001,0.09570000000000001,0.0092,0.06
1997-02-28,0.0415,0.0055000000000000005,0.0067,-0.0574,-0.0742,0.025699999999999997,0.0316,0.009300000000000001,-0.005699999999999999,0.025699999999999997
1997-03-31,-0.0524,-0.0332,-0.0364,0.052300000000000006,-0.056600000000000004,-0.0783,-0.014499999999999999,-0.0748,-0.0279,-0.0582
1997-04-30,0.053099999999999994,0.0381,0.0537,0.0003,0.0768,0.024900000000000002,0.021099999999999997,0.060700000000000004,-0.0139,0.051
1997-05-31,0.0593,0.063,0.0782,0.0732,0.1018,0.06559999999999999,0.0603,0.0701,0.0363,0.0603
1997-06-30,0.0358,0.0335,0.052000000000000005,0.0128,0.0143,0.0346,0.051,0.08869999999999999,0.031400000000000004,0.052000000000000005
1997-07-31,0.0334,0.0746,0.0718,0.07429999999999999,0.1597,0.0225,0.078,0.021,0.028300000000000002,0.09230000000000001
1997-08-31,-0.0641,0.0123,-0.0541,0.0029,-0.0139,-0.0241,-0.0252,-0.061,-0.0116,-0.0472
1997-09-30,0.0554,0.0519,0.0339,0.0625,0.034300000000000004,0.0965,0.053,0.0661,0.0462,0.08
1997-10-31,-0.0315,-0.0337,-0.0584,-0.0202,-0.0828,0.0288,-0.0197,0.0009,0.0089,-0.027999999999999997
1997-11-30,0.0646,-0.014199999999999999,0.042199999999999994,-0.0348,0.0144,0.10679999999999999,0.053099999999999994,0.0277,0.0718,0.029300000000000003
1997-12-31,0.0377,0.0363,-0.0028000000000000004,-0.0146,-0.042199999999999994,0.0416,-0.0015,0.0352,0.0801,0.0519
1998-01-31,-0.0273,0.0049,0.0069,-0.056600000000000004,0.0525,0.0509,0.009000000000000001,0.056600000000000004,-0.0438,-0.0196
1998-02-28,0.0496,0.1229,0.0709,0.0679,0.10339999999999999,0.0241,0.1038,0.0553,0.0264,0.08199999999999999
1998-03-31,0.0588,0.061799999999999994,0.0481,0.048,0.0131,0.1009,0.0679,0.0358,0.067,0.059000000000000004
1998-04-30,-0.032400000000000005,0.018000000000000002,0.012199999999999999,0.0374,0.0518,-0.0321,-0.0063,0.0191,-0.024900000000000002,0.020099999999999996
1998-05-31,0.011000000000000001,0.061500000000000006,-0.024900000000000002,-0.042699999999999995,-0.0704,-0.0182,0.0212,-0.025,-0.0109,-0.0308
1998-06-30,0.0414,0.011200000000000002,-0.0074,-0.0124,0.0874,0.029300000000000003,0.0526,0.062,0.03,0.0311
1998-07-31,-0.0414,-0.0104,-0.0576,-0.0649,0.0052,0.0382,-0.0292,-0.0026,-0.0541,-0.0173
1998-08-31,-0.131,-0.18960000000000002,-0.1431,-0.1039,-0.17679999999999998,-0.12359999999999999,-0.142,-0.12369999999999999,0.0196,-0.2143
1998-09-30,0.0126,0.008,0.0066,0.1295,0.1515,0.1027,0.0148,0.1209,0.0817,0.03
1998-10-31,0.1099,0.1063,0.1127,0.0116,0.0621,0.0674,0.1069,0.0383,-0.0177,0.0834
1998-11-30,0.0641,0.0524,0.0352,0.0060999999999999995,0.1166,0.0366,0.0946,0.061900000000000004,0.013300000000000001,0.0605
1998-12-31,0.0033,0.0374,0.0239,-0.0124,0.1515,0.1439,0.0922,0.049400000000000006,0.0286,0.0339
1999-01-31,-0.0347,0.049,0.0059,-0.049699999999999994,0.1507,0.0913,0.0218,0.0028000000000000004,-0.0625,0.0097
1999-02-28,-0.039900000000000005,-0.045,-0.0213,-0.0326,-0.1157,-0.028900000000000002,-0.0134,0.0017000000000000001,-0.0363,0.0001
1999-03-31,-0.0203,-0.0037,0.048600000000000004,0.1528,0.08470000000000001,-0.0068000000000000005,0.027000000000000003,0.025099999999999997,-0.016399999999999998,0.0242
1999-04-30,0.0391,0.0941,0.09449999999999999,0.1577,0.0226,0.0775,0.0038,-0.0553,0.0735,0.06709999999999999
1999-05-31,0.0137,-0.0447,-0.033,-0.031,-0.0083,0.0066,-0.0298,-0.0203,0.0673,-0.038900000000000004
1999-06-30,0.0026,0.009300000000000001,0.0451,-0.0148,0.11560000000000001,0.0588,0.08070000000000001,0.0443,-0.0449,0.0305
1999-07-31,-0.024399999999999998,-0.0603,-0.0116,0.016399999999999998,-0.0173,-0.0172,-0.05,-0.044000000000000004,-0.0058,-0.0594
1999-08-31,-0.045899999999999996,0.006,-0.0052,0.0192,0.0546,-0.0825,-0.0596,0.037599999999999995,0.0058,-0.0504
1999-09-30,-0.0691,-0.0837,-0.0315,-0.039599999999999996,-0.001,0.04650000000000001,0.0127,-0.0707,-0.042800000000000005,-0.0455
1999-10-31,0.066,0.046,0.0571,-0.015700000000000002,0.0301,0.083,0.0321,0.1073,0.0216,0.1143
1999-11-30,-0.011000000000000001,-0.022000000000000002,-0.0098,0.0381,0.1275,0.0461,0.0415,0.0152,-0.0736,-0.024900000000000002
1999-12-31,-0.0264,0.0275,0.10279999999999999,0.0063,0.2075,0.0453,0.0676,-0.0562,-0.023700000000000002,0.013999999999999999
2000-01-31,-0.0472,-0.013300000000000001,-0.0866,0.0128,-0.0521,-0.0385,-0.1101,0.07629999999999999,0.0554,-0.0475
2000-02-29,-0.06269999999999999,-0.08810000000000001,-0.0374,-0.055999999999999994,0.1804,-0.0369,-0.0395,-0.025099999999999997,-0.0707,-0.0738
2000-03-31,0.07429999999999999,0.10890000000000001,0.07519999999999999,0.1192,0.0409,0.0827,0.13390000000000002,-0.0003,0.058899999999999994,0.1436
2000-04-30,-0.0196,0.08689999999999999,0.0146,-0.0231,-0.10550000000000001,-0.0833,-0.044800000000000006,0.0504,0.0742,-0.028300000000000002
2000-05-31,0.071,-0.1231,-0.0172,0.09390000000000001,-0.1085,-0.09970000000000001,-0.028300000000000002,0.037200000000000004,0.039599999999999996,0.0335
2000-06-30,0.0218,-0.08990000000000001,-0.0128,-0.050499999999999996,0.1263,0.039900000000000005,-0.022099999999999998,0.1099,-0.046799999999999994,-0.0313
2000-07-31,0.0072,0.0473,-0.014499999999999999,-0.0268,-0.051500000000000004,-0.0674,-0.012199999999999999,-0.06509999999999999,0.0387,0.0536
2000-08-31,-0.0208,0.054400000000000004,0.0741,0.0875,0.1268,-0.0149,-0.024,0.035,0.1166,0.0924
2000-09-30,0.0373,-0.0416,-0.057,0.045599999999999995,-0.14730000000000001,-0.044500000000000005,0.026600000000000002,0.036699999999999997,0.08800000000000001,0.0025
2000-10-31,0.0748,0.0255,0.034,-0.0281,-0.0747,-0.0017000000000000001,-0.0175,0.0206,-0.0167,-0.0129
2000-11-30,0.027000000000000003,-0.1114,-0.0308,-0.0252,-0.23199999999999998,-0.1653,-0.0104,0.0075,0.0296,-0.059800000000000006
2000-12-31,0.054400000000000004,0.0008,0.0697,0.075,-0.0799,-0.042699999999999995,0.0567,0.0349,0.0647,0.0647
2001-01-31,-0.0218,0.1305,-0.0098,-0.034300000000000004,0.1618,0.155,0.0641,-0.0851,-0.1023,0.0063
2001-02-28,0.0014000000000000002,-0.0125,-0.0379,-0.0003,-0.2607,-0.10300000000000001,-0.0533,-0.0054,0.061799999999999994,-0.0425
2001-03-31,-0.0478,-0.0333,-0.0605,-0.001,-0.1389,-0.06,-0.0287,-0.0859,0.0105,-0.045
2001-04-30,0.0092,0.087,0.0755,0.1002,0.1801,0.0401,0.055999999999999994,0.0425,0.0541,0.0608
2001-05-31,0.034,-0.015600000000000001,0.0215,0.001,-0.032,-0.0163,0.0161,0.0277,0.004699999999999999,0.0364
2001-06-30,-0.0152,0.0379,-0.04650000000000001,-0.0746,0.0141,-0.0268,-0.0258,-0.0298,-0.061500000000000006,-0.0009
2001-07-31,-0.0054,0.0326,0.0053,-0.0223,-0.0757,-0.0096,0.0455,0.022799999999999997,-0.0384,-0.0217
2001-08-31,0.0199,-0.1005,-0.0218,-0.035,-0.1263,-0.0864,-0.0692,-0.031,0.0053,-0.052000000000000005
2001-09-30,-0.0352,-0.1727,-0.127,-0.061799999999999994,-0.19,-0.0235,-0.0951,-0.0063,-0.066,-0.0787
2001-10-31,0.0128,0.010700000000000001,0.0394,0.051399999999999994,0.157,-0.09570000000000001,0.015700000000000002,0.0126,0.0176,-0.0098
2001-11-30,0.0258,0.1501,0.08460000000000001,-0.0421,0.1589,0.058499999999999996,0.0981,0.050199999999999995,-0.0143,0.07200000000000001
2001-12-31,0.0189,-0.0084,0.0264,0.059699999999999996,-0.0063,0.026000000000000002,0.0434,-0.0282,0.0404,0.0368
2002-01-31,0.0087,0.0285,0.015600000000000001,-0.0287,-0.0052,-0.07150000000000001,0.026099999999999998,-0.0241,-0.0433,-0.015600000000000001
2002-02-28,0.0424,0.0327,0.0436,0.0556,-0.1315,-0.0275,-0.0015,-0.0045000000000000005,-0.0036,-0.0025
2002-03-31,0.038,0.0689,0.0493,0.07690000000000001,0.065,0.0036,0.0209,0.0054,0.10289999999999999,0.0524
2002-04-30,0.0212,0.019299999999999998,-0.0151,-0.0455,-0.11900000000000001,-0.1276,-0.016200000000000003,-0.0755,-0.0042,-0.0275
2002-05-31,0.0127,-0.0043,-0.0026,-0.0074,-0.0359,0.03,-0.0144,-0.022799999999999997,-0.0692,-0.0053
2002-06-30,-0.0605,-0.0816,-0.0298,0.0001,-0.1215,-0.14400000000000002,-0.051,-0.0953,-0.0581,-0.051100000000000007
2002-07-31,-0.0663,-0.1192,-0.0852,-0.1183,-0.09699999999999999,-0.1167,-0.1143,-0.0276,-0.12140000000000001,-0.0637
2002-08-31,0.0225,0.0062,-0.0129,0.0063,-0.0096,0.002,0.0184,0.006500000000000001,0.034,0.0113
2002-09-30,-0.07730000000000001,-0.109,-0.0834,-0.0785,-0.166,-0.09849999999999999,-0.0944,-0.058899999999999994,-0.10880000000000001,-0.106
2002-10-31,0.0506,-0.0271,0.0378,0.031400000000000004,0.1937,0.2194,0.0572,0.056799999999999996,-0.0060999999999999995,0.0638
2002-11-30,-0.0109,0.1199,0.0625,0.0302,0.16269999999999998,0.11810000000000001,0.019,0.0378,0.0158,0.042
2002-12-31,-0.0023,-0.0652,-0.0381,0.0084,-0.129,-0.0951,-0.0699,-0.0409,0.0383,-0.0479
2003-01-31,-0.0393,-0.034,-0.0407,-0.025,-0.0151,-0.041100000000000005,-0.047599999999999996,-0.006,-0.0321,-0.023799999999999998
2003-02-28,-0.0288,-0.0479,-0.0227,0.0195,0.0116,-0.0645,-0.0121,-0.0196,-0.0398,-0.027000000000000003
2003-03-31,-0.0262,-0.025699999999999997,0.0132,0.015,-0.0097,-0.0043,0.046799999999999994,0.0373,0.0431,0.0104
2003-04-30,0.0438,0.1505,0.063,-0.004699999999999999,0.09179999999999999,0.11259999999999999,0.0897,0.042699999999999995,0.0723,0.1164
2003-05-31,0.09539999999999998,0.0286,0.0466,0.0866,0.098,0.0632,0.0348,0.0394,0.1016,0.052300000000000006
2003-06-30,0.0166,0.0242,0.0054,-0.0096,0.0034999999999999996,0.0209,0.0344,0.0416,0.0106,0.0091
2003-07-31,-0.0169,0.0667,0.049699999999999994,-0.0262,0.055999999999999994,-0.0171,0.0329,0.0048,-0.054299999999999994,0.0361
2003-08-31,0.0029,0.0803,0.0409,0.061900000000000004,0.060599999999999994,0.0126,0.0673,-0.0282,0.0192,0.0062
2003-09-30,0.011399999999999999,-0.0421,-0.0374,-0.0218,-0.009300000000000001,-0.0552,-0.0454,0.003,0.0384,0.0026
2003-10-31,0.0593,0.0731,0.0889,0.0165,0.0828,0.0683,0.09029999999999999,0.0087,0.0151,0.0634
2003-11-30,0.0359,0.030699999999999998,0.0208,0.006500000000000001,0.018600000000000002,-0.0063,0.005600000000000001,0.0182,0.0095,0.0115
2003-12-31,0.0344,0.11900000000000001,0.0673,0.136,0.0215,0.0757,-0.0213,0.0564,0.058600000000000006,0.042800000000000005
2004-01-31,0.0006,-0.0076,-0.006999999999999999,0.0023,0.0451,0.0165,0.0045000000000000005,0.031,0.0191,0.028900000000000002
2004-02-29,0.0426,0.0,0.0197,0.0454,-0.0291,-0.0042,0.061,0.0089,0.021099999999999997,0.0213
2004-03-31,-0.0009,-0.013600000000000001,-0.0028000000000000004,0.0002,-0.025099999999999997,-0.0203,0.0028000000000000004,-0.0391,0.011399999999999999,-0.0066
2004-04-30,0.0141,0.0246,-0.0017000000000000001,0.026600000000000002,-0.0489,-0.0043,-0.027200000000000002,0.0351,-0.035699999999999996,-0.037000000000000005
2004-05-31,-0.0191,-0.016399999999999998,0.0167,0.0055000000000000005,0.0483,-0.0296,0.003,-0.0042,0.0126,0.0172
2004-06-30,0.0167,0.053399999999999996,0.053,0.0546,0.026699999999999998,0.008,0.0003,-0.005,0.0203,0.0131
2004-07-31,-0.059699999999999996,-0.0464,-0.0406,0.0332,-0.0851,-0.01,-0.0403,-0.0593,0.0106,-0.023
2004-08-31,0.0079,-0.0223,0.0134,-0.0138,-0.0451,0.011699999999999999,-0.012,0.016399999999999998,0.036699999999999997,0.018799999999999997
2004-09-30,-0.0202,0.023,0.0194,0.0882,0.0346,0.013300000000000001,0.026099999999999998,-0.0141,0.0138,0.011000000000000001
2004-10-31,0.028399999999999998,-0.03,-0.014499999999999999,0.0064,0.051399999999999994,0.0331,0.030600000000000002,-0.024300000000000002,0.0424,0.0109
2004-11-30,0.0461,0.0727,0.0723,0.0658,0.057300000000000004,0.0363,0.036699999999999997,0.0067,0.0489,0.046900000000000004
2004-12-31,0.04769999999999999,0.048799999999999996,0.0252,-0.0231,0.030899999999999997,0.0418,0.035,0.056600000000000004,0.0248,0.0441
2005-01-31,0.0023,-0.0702,-0.0176,0.030299999999999997,-0.0632,-0.0424,-0.0103,-0.0408,0.0176,-0.0217
2005-02-28,0.0073,-0.0025,0.0407,0.1945,0.0003,-0.0044,0.0063,0.024399999999999998,0.0236,0.0015
2005-03-31,-0.0085,-0.08,-0.0139,-0.0344,-0.0254,-0.0004,0.0022,-0.0048,0.0060999999999999995,-0.0236
2005-04-30,-0.0096,-0.1105,-0.046799999999999994,-0.056100000000000004,-0.0451,-0.02,-0.0528,0.0395,0.0213,-0.0159
2005-05-31,0.0233,0.08810000000000001,0.0291,0.021,0.0821,0.015,0.0643,0.0148,0.0166,0.032400000000000005
2005-06-30,-0.0167,0.021,-0.0116,0.0576,-0.016399999999999998,0.0019,0.024399999999999998,-0.0058,0.0556,0.014199999999999999
2005-07-31,0.0271,0.0542,0.0583,0.058899999999999994,0.0613,0.0313,0.0583,0.037200000000000004,0.0298,0.0241
2005-08-31,0.0008,-0.0287,-0.013600000000000001,0.0581,-0.0038,-0.012,-0.055999999999999994,-0.0031,0.0125,-0.0167
2005-09-30,0.0037,-0.0434,0.0084,0.0726,0.0067,-0.0147,-0.018000000000000002,-0.019299999999999998,0.0438,0.012199999999999999
2005-10-31,-0.015,-0.0521,-0.0239,-0.1016,-0.0178,-0.030299999999999997,0.0154,-0.0326,-0.06849999999999999,0.0124
2005-11-30,0.009899999999999999,0.022099999999999998,0.053099999999999994,0.0101,0.0645,0.0264,0.0394,0.0159,-0.0022,0.049100000000000005
2005-12-31,-0.0007000000000000001,-0.006500000000000001,0.0144,0.0044,-0.0191,-0.0173,-0.0059,0.024,0.0124,0.0019
2006-01-31,0.001,0.0579,0.051699999999999996,0.12539999999999998,0.0406,0.038599999999999995,0.020099999999999996,0.0219,0.030299999999999997,0.0158
2006-02-28,0.0115,-0.0038,0.0102,-0.0814,-0.009899999999999999,0.033,0.013999999999999999,0.0105,0.0023,0.009899999999999999
2006-03-31,0.0124,0.026600000000000002,0.0301,0.04,0.0288,0.018000000000000002,0.024300000000000002,-0.0101,-0.0365,0.0187
2006-04-30,0.0105,0.0028000000000000004,0.0408,0.0452,-0.011399999999999999,0.0147,-0.0158,-0.018600000000000002,0.0182,0.0215
2006-05-31,0.0106,0.0063,-0.0335,-0.0346,-0.069,0.0,-0.0187,-0.022000000000000002,0.0151,-0.030899999999999997
2006-06-30,0.003,0.0187,-0.005,0.0273,-0.0143,0.029500000000000002,0.0029,-0.0011,0.0242,-0.0034999999999999996
2006-07-31,0.0355,-0.0301,-0.0365,0.0506,-0.0378,0.024399999999999998,-0.0429,0.0412,0.0483,-0.0091
2006-08-31,0.030600000000000002,0.023700000000000002,0.020499999999999997,-0.032400000000000005,0.0741,0.022799999999999997,0.0222,0.0233,0.022799999999999997,0.0173
2006-09-30,-0.006500000000000001,0.042199999999999994,0.0189,-0.0381,0.035699999999999996,0.0366,0.056900000000000006,0.015300000000000001,-0.0212,0.032400000000000005
2006-10-31,0.0281,0.0496,0.044199999999999996,0.052000000000000005,0.0404,0.052000000000000005,0.0392,0.017,0.0536,0.029500000000000002
2006-11-30,0.014499999999999999,0.018000000000000002,0.0354,0.0859,0.0302,0.0063,-0.0123,0.0007000000000000001,0.030600000000000002,0.016
2006-12-31,0.0202,-0.008100000000000001,0.005,-0.019299999999999998,-0.0097,0.0433,0.0146,0.0013,0.0073,0.0321
2007-01-31,0.0154,0.0291,0.0316,-0.013300000000000001,0.0199,0.0273,0.0364,0.0351,0.0048,0.0105
2007-02-28,-0.0149,-0.004,0.0070999999999999995,-0.0212,-0.0235,-0.0278,-0.0068000000000000005,-0.0285,0.0416,-0.0229
2007-03-31,0.0265,-0.011000000000000001,0.016399999999999998,0.059000000000000004,0.0087,0.0231,0.008,-0.0025,0.0433,-0.0026
2007-04-30,0.0362,0.0621,0.0441,0.0513,0.048499999999999995,0.0174,0.022799999999999997,0.0678,0.0392,0.033
2007-05-31,0.0288,0.0317,0.04769999999999999,0.07150000000000001,0.0392,0.0731,0.0236,0.011399999999999999,0.011899999999999999,0.0317
2007-06-30,-0.0106,0.018799999999999997,-0.0068000000000000005,0.0086,0.0053,-0.018000000000000002,-0.0197,-0.0337,-0.0482,-0.0277
2007-07-31,-0.0415,-0.057999999999999996,-0.0002,-0.011000000000000001,-0.0106,-0.0311,-0.053200000000000004,-0.04019999999999999,-0.0373,-0.0527
2007-08-31,0.0182,-0.0179,0.0068000000000000005,0.0023,0.028900000000000002,-0.0086,0.015300000000000001,0.0232,0.0184,0.0118
2007-09-30,0.04,0.0172,0.054299999999999994,0.0784,0.0417,0.020499999999999997,-0.006500000000000001,0.0354,0.0348,0.0263
2007-10-31,0.0218,0.0095,0.0097,0.0279,0.0679,-0.0218,0.011699999999999999,0.0141,0.06559999999999999,0.0024
2007-11-30,0.0085,-0.08960000000000001,-0.026600000000000002,-0.0434,-0.0751,-0.0625,-0.0373,0.0001,-0.0070999999999999995,-0.059800000000000006
2007-12-31,-0.0101,-0.0216,0.01,0.077,0.0146,-0.0025,-0.0268,-0.0395,0.009000000000000001,-0.0349
2008-01-31,-0.0519,-0.052000000000000005,-0.07429999999999999,-0.0911,-0.1235,-0.07780000000000001,-0.004699999999999999,-0.0461,-0.0693,-0.0204
2008-02-29,-0.0013,-0.06,0.0074,0.0694,-0.0358,-0.0385,-0.04650000000000001,-0.009300000000000001,-0.030299999999999997,-0.079
2008-03-31,0.0118,-0.0414,-0.0015,-0.028900000000000002,0.0067,-0.0005,0.018500000000000003,-0.0177,0.008100000000000001,-0.0194
2008-04-30,-0.0115,0.06559999999999999,0.0507,0.1063,0.0644,0.0462,0.0501,0.0043,0.0639,0.0347
2008-05-31,0.0338,0.013300000000000001,0.033,0.042800000000000005,0.0565,0.0479,0.011899999999999999,0.016200000000000003,0.0359,-0.0239
2008-06-30,-0.07339999999999999,-0.195,-0.0919,0.0282,-0.0882,-0.1092,-0.0809,-0.0301,-0.0040999999999999995,-0.1476
2008-07-31,0.0226,-0.0066,-0.0024,-0.1566,-0.005699999999999999,-0.030899999999999997,0.011399999999999999,0.0675,-0.071,0.043899999999999995
2008-08-31,0.0172,0.0166,0.014199999999999999,-0.0004,0.024,0.04,0.053899999999999997,0.0177,-0.0046,0.0067
2008-09-30,-0.0296,-0.08990000000000001,-0.1351,-0.12119999999999999,-0.1247,-0.1261,-0.0576,-0.059500000000000004,-0.1184,-0.06309999999999999
2008-10-31,-0.1341,-0.3362,-0.2071,-0.1678,-0.1826,-0.1553,-0.1508,-0.1103,-0.1112,-0.1972
2008-11-30,-0.0437,-0.10710000000000001,-0.0768,0.0014000000000000002,-0.10869999999999999,-0.0158,-0.0768,-0.0733,0.0126,-0.12359999999999999
2008-12-31,0.0087,0.0017000000000000001,0.0139,-0.024300000000000002,0.0217,0.0347,0.0489,0.0674,-0.0204,0.008100000000000001
2009-01-31,-0.050499999999999996,-0.12689999999999999,-0.0922,-0.0353,-0.032,-0.1032,-0.0761,-0.022000000000000002,-0.0084,-0.1766
2009-02-28,-0.0766,-0.12140000000000001,-0.1353,-0.1251,-0.0508,-0.0695,-0.0305,-0.1082,-0.1252,-0.1459
2009-03-31,0.0644,0.12210000000000001,0.0761,0.039599999999999996,0.11470000000000001,0.0795,0.0998,0.0741,0.0282,0.1307
2009-04-30,0.049699999999999994,0.4432,0.17059999999999997,0.0454,0.1229,0.0965,0.09539999999999998,-0.009399999999999999,0.0209,0.16219999999999998
2009-05-31,0.0716,-0.0322,0.055,0.105,0.0304,0.0105,-0.009300000000000001,0.0621,0.0464,0.0716
2009-06-30,0.006500000000000001,0.044000000000000004,-0.0173,-0.0478,0.0453,0.0165,-0.0029,0.0361,0.0464,-0.02
2009-07-31,0.0731,0.19760000000000003,0.1133,0.0535,0.081,0.0554,0.0677,0.0548,0.0441,0.0917
2009-08-31,0.0074,0.025,0.0297,0.0078000000000000005,0.0227,0.0073,0.0371,0.022000000000000002,0.0025,0.07730000000000001
2009-09-30,0.042300000000000004,0.021,0.0652,0.0512,0.052300000000000006,0.0649,0.024,0.0218,0.022400000000000003,0.031200000000000002
2009-10-31,-0.0062,-0.0060999999999999995,-0.0287,0.0248,-0.015,-0.0398,0.0004,-0.0347,-0.0271,-0.0545
2009-11-30,0.038599999999999995,0.10369999999999999,0.0761,0.0322,0.0483,0.0684,0.05,0.08070000000000001,0.0458,0.0596
2009-12-31,0.0264,0.0565,0.0287,-0.0052,0.059800000000000006,0.0642,0.0195,0.024700000000000003,0.0587,0.0088
2010-01-31,-0.024,-0.004,-0.0331,-0.048499999999999995,-0.0781,-0.0677,-0.0183,-0.0001,-0.044500000000000005,-0.0053
2010-02-28,0.026600000000000002,0.0739,0.0521,0.0259,0.0479,0.0276,0.0429,0.0038,-0.0042,0.0361
2010-03-31,0.057999999999999996,0.09380000000000001,0.065,0.032,0.0668,0.07629999999999999,0.0625,0.0363,0.031200000000000002,0.081
2010-04-30,-0.0102,0.0727,0.0318,0.0408,0.0227,0.0341,0.0252,-0.0218,0.0285,0.0181
2010-05-31,-0.057300000000000004,-0.0907,-0.0843,-0.1023,-0.0776,-0.058499999999999996,-0.0541,-0.0808,-0.063,-0.0875
2010-06-30,-0.0191,-0.10679999999999999,-0.057999999999999996,-0.0626,-0.061500000000000006,-0.0384,-0.0911,-0.0166,-0.0070999999999999995,-0.065
2010-07-31,0.0736,0.15380000000000002,0.0981,0.07690000000000001,0.0726,0.0959,0.0461,0.021400000000000002,0.0681,0.0678
2010-08-31,-0.011699999999999999,-0.0958,-0.0557,-0.0344,-0.0653,-0.0199,-0.0397,-0.017,0.0036,-0.071
2010-09-30,0.061500000000000006,0.1308,0.1016,0.092,0.1255,0.0788,0.1215,0.09,0.0365,0.0851
2010-10-31,0.044000000000000004,0.08539999999999999,0.051699999999999996,0.0458,0.0641,0.045599999999999995,0.0241,0.0194,0.018600000000000002,0.0203
2010-11-30,-0.0007000000000000001,0.0732,0.0148,0.055099999999999996,-0.0073,-0.0189,0.0418,-0.0334,-0.013600000000000001,0.0049
2010-12-31,0.0435,0.08900000000000001,0.0699,0.0941,0.059800000000000006,0.0659,0.0321,0.0545,0.0323,0.09230000000000001
2011-01-31,-0.023700000000000002,-0.0024,0.0301,0.0693,0.0392,0.0005,-0.0086,-0.0072,0.0218,0.021
2011-02-28,0.0472,-0.0215,0.034300000000000004,0.07629999999999999,0.0241,0.07400000000000001,0.0226,0.0333,0.0242,0.029500000000000002
2011-03-31,0.030299999999999997,0.0187,0.0184,0.021099999999999997,-0.0143,0.0168,0.011000000000000001,0.0226,0.0092,-0.011000000000000001
2011-04-30,0.0461,0.0278,0.0291,0.0158,0.031200000000000002,0.0326,0.0451,0.0625,0.04,0.0106
2011-05-31,0.0204,-0.0358,-0.0217,-0.0451,-0.0176,0.0077,0.0088,0.0199,0.0132,-0.0264
2011-06-30,-0.010700000000000001,-0.0109,-0.006,-0.0231,-0.0246,-0.0138,-0.0088,-0.0187,-0.0034000000000000002,-0.021099999999999997
2011-07-31,-0.0042,-0.09029999999999999,-0.048,0.0049,-0.0053,-0.049800000000000004,-0.0064,-0.036699999999999997,-0.0033,-0.0364
2011-08-31,-0.0066,-0.1223,-0.0616,-0.09910000000000001,-0.0677,-0.0504,-0.0288,-0.0313,0.002,-0.0816
2011-09-30,-0.0487,-0.13849999999999998,-0.11019999999999999,-0.1223,-0.0478,-0.0572,-0.038900000000000004,-0.0397,-0.0161,-0.1109
2011-10-31,0.063,0.23070000000000002,0.1417,0.1625,0.11800000000000001,0.0761,0.0975,0.0552,0.067,0.1358
2011-11-30,0.0144,-0.0868,0.0138,0.0215,-0.019799999999999998,0.003,0.010700000000000001,0.013000000000000001,0.0101,-0.0204
2011-12-31,0.0189,-0.0103,-0.0079,-0.0034999999999999996,-0.0143,0.031200000000000002,0.009000000000000001,0.0347,0.0291,0.0147
2012-01-31,0.0039000000000000003,0.1366,0.0678,0.0101,0.08470000000000001,0.023700000000000002,0.0406,0.034300000000000004,-0.0271,0.0723
2012-02-29,0.0393,0.059500000000000004,0.038900000000000004,0.0652,0.0663,0.0507,0.031200000000000002,0.0125,0.013000000000000001,0.042
2012-03-31,0.039,0.0138,0.0063,-0.0327,0.04650000000000001,0.023799999999999998,0.0466,0.0395,0.0148,0.049100000000000005
2012-04-30,0.008100000000000001,-0.073,-0.0075,-0.015700000000000002,-0.021,0.0169,0.0095,0.006,0.017,-0.0168
2012-05-31,-0.026699999999999998,-0.0782,-0.0781,-0.1057,-0.078,-0.0077,-0.030299999999999997,-0.032400000000000005,-0.0088,-0.07719999999999999
2012-06-30,0.0344,-0.054299999999999994,0.0118,0.057800000000000004,0.029300000000000003,0.0702,0.0217,0.0684,0.0342,0.049100000000000005
2012-07-31,0.013999999999999999,-0.0034999999999999996,0.009300000000000001,0.0281,-0.001,0.0415,0.012199999999999999,0.0163,0.035,-0.0123
2012-08-31,0.0012,0.0425,0.0325,0.0236,0.048,0.0097,0.0276,0.0097,-0.0346,0.0313
2012-09-30,0.009399999999999999,0.034,0.017,0.0381,0.0121,0.048600000000000004,0.0192,0.046799999999999994,0.021099999999999997,0.0383
2012-10-31,-0.0168,0.06309999999999999,-0.006,-0.018600000000000002,-0.0634,-0.024300000000000002,-0.0103,-0.0192,0.0109,0.009300000000000001
2012-11-30,0.032,0.0256,0.0275,-0.0149,0.0148,0.0006,0.0147,0.0151,-0.0379,-0.0038
2012-12-31,-0.0226,0.076,0.0277,0.013300000000000001,0.0037,0.0115,-0.011200000000000002,-0.0053,0.0012,0.0366
2013-01-31,0.0512,0.0336,0.0604,0.0747,0.0239,0.048499999999999995,0.0554,0.0808,0.050499999999999996,0.0676
2013-02-28,0.0317,-0.0073,0.0128,0.0068000000000000005,0.0068000000000000005,0.0229,0.0084,0.013300000000000001,0.022000000000000002,0.013999999999999999
2013-03-31,0.0506,0.0444,0.026099999999999998,0.0207,0.027000000000000003,0.0564,0.0473,0.0652,0.056900000000000006,0.04190000000000001
2013-04-30,0.0374,0.0394,0.0073,-0.0139,0.0038,0.0432,0.027200000000000002,0.0259,0.0513,0.0083
2013-05-31,-0.0229,0.10039999999999999,0.0348,0.030299999999999997,0.045599999999999995,-0.0176,0.0223,0.0161,-0.07139999999999999,0.0594
2013-06-30,0.0007000000000000001,-0.0045000000000000005,-0.0199,-0.0239,-0.0292,0.019799999999999998,-0.0003,-0.0138,0.008199999999999999,-0.012
2013-07-31,0.028900000000000002,0.0901,0.0621,0.0518,0.057,0.034300000000000004,0.059000000000000004,0.08070000000000001,0.0458,0.0565
2013-08-31,-0.0391,-0.0103,-0.0181,-0.019,-0.0021,-0.0329,-0.0426,-0.036699999999999997,-0.0443,-0.0368
2013-09-30,0.02,0.0645,0.051699999999999996,0.0197,0.0382,0.042800000000000005,0.0449,0.0417,0.0105,0.0383
2013-10-31,0.0482,0.0076,0.046,0.0479,0.037599999999999995,0.058499999999999996,0.0512,0.0355,0.0334,0.0383
2013-11-30,0.0127,0.018799999999999997,0.0297,0.0087,0.0359,0.0008,0.0369,0.045,-0.0181,0.047
2013-12-31,0.024700000000000003,0.0124,0.031,0.030299999999999997,0.0398,0.0398,0.0025,0.0059,0.0179,0.0315
2014-01-31,-0.0572,-0.0362,-0.042800000000000005,-0.0689,-0.013999999999999999,-0.0381,-0.06480000000000001,0.0179,0.024900000000000002,-0.0433
2014-02-28,0.0346,0.0801,0.0542,0.056900000000000006,0.051500000000000004,0.0256,0.0533,0.0635,0.030899999999999997,0.0345
2014-03-31,0.0325,-0.0113,0.0031,0.024300000000000002,-0.0060999999999999995,0.0015,-0.0059,-0.024700000000000003,0.0268,0.0204
2014-04-30,0.0149,0.0033,0.0083,0.0567,-0.0105,0.0039000000000000003,-0.009300000000000001,-0.0033,0.0398,-0.0194
2014-05-31,0.0337,0.0069,0.0127,0.0088,0.0342,0.041100000000000005,0.009899999999999999,0.018500000000000003,0.0001,0.0178
2014-06-30,0.012,0.044500000000000005,0.0141,0.0412,0.0286,0.0154,0.0126,0.0287,0.054299999999999994,0.024399999999999998
2014-07-31,-0.0435,-0.0471,-0.041299999999999996,-0.0356,0.0015,0.008,-0.0202,-0.0034000000000000002,-0.064,-0.0226
2014-08-31,0.0556,0.0507,0.0483,0.0232,0.0424,0.0033,0.0501,0.0554,0.053099999999999994,0.041100000000000005
2014-09-30,-0.0007000000000000001,-0.09380000000000001,-0.025,-0.0783,-0.013999999999999999,-0.014499999999999999,-0.013300000000000001,-0.0022,-0.0338,-0.0111
2014-10-31,0.0269,0.0349,0.0241,-0.04190000000000001,0.0158,0.013000000000000001,0.0271,0.0592,0.06709999999999999,0.0341
2014-11-30,0.0479,0.044199999999999996,0.022799999999999997,-0.09570000000000001,0.042800000000000005,0.0246,0.0751,0.0252,0.0026,0.025099999999999997
2014-12-31,-0.0241,0.0034999999999999996,-0.0008,0.0054,-0.0126,-0.020499999999999997,0.016,-0.0083,0.018600000000000002,0.0118
2015-01-31,-0.005600000000000001,-0.042800000000000005,-0.0375,-0.0431,-0.0346,-0.0447,-0.004,0.0158,0.0124,-0.064
2015-02-28,0.0513,0.0802,0.061500000000000006,0.0472,0.08220000000000001,0.0892,0.0567,0.04,-0.0436,0.0724
2015-03-31,-0.0242,-0.0058,-0.020499999999999997,-0.024900000000000002,-0.025099999999999997,-0.0212,0.0066,0.0086,-0.0031,-0.0060999999999999995
2015-04-30,0.008100000000000001,-0.0070999999999999995,-0.0076,0.0665,0.0144,0.0363,-0.0209,-0.0155,0.0028000000000000004,0.0062
2015-05-31,0.015,0.009899999999999999,0.0088,-0.051100000000000007,0.019299999999999998,0.0033,0.010700000000000001,0.0499,-0.0043,0.0172
2015-06-30,-0.015300000000000001,-0.018500000000000003,-0.0199,-0.0375,-0.0359,-0.0055000000000000005,-0.0060999999999999995,0.0037,-0.0527,0.0003
2015-07-31,0.0496,-0.0231,-0.02,-0.0895,0.022099999999999998,0.0152,0.051399999999999994,0.035,0.0265,0.0182
2015-08-31,-0.040999999999999995,-0.059800000000000006,-0.056100000000000004,-0.0365,-0.0583,-0.08380000000000001,-0.053,-0.08380000000000001,-0.0408,-0.0617
2015-09-30,-0.005600000000000001,-0.0345,-0.0424,-0.0575,-0.0132,-0.025,-0.0206,-0.0692,-0.005,-0.030600000000000002
2015-10-31,0.068,0.0696,0.0941,0.1217,0.1012,0.0907,0.0482,0.0751,0.0209,0.06570000000000001
2015-11-30,-0.0092,0.0196,0.0040999999999999995,0.0106,0.0115,-0.0192,0.011000000000000001,0.0058,-0.0342,0.0138
2015-12-31,0.0078000000000000005,-0.0408,-0.0254,-0.096,-0.0252,-0.0296,0.0004,0.0032,-0.0239,-0.026699999999999998
2016-01-31,0.0017000000000000001,-0.1233,-0.0571,-0.0437,-0.0596,0.0039000000000000003,-0.0453,-0.1012,0.0467,-0.0873
2016-02-29,0.0059,0.0409,0.033,-0.029500000000000002,-0.0088,0.0091,0.0011,-0.0097,0.0172,-0.0042
2016-03-31,0.0496,0.1065,0.0691,0.10890000000000001,0.0849,0.0616,0.0556,0.0395,0.0784,0.07150000000000001
2016-04-30,0.0027,0.0154,0.0229,0.0917,-0.042,0.0069,-0.0055000000000000005,0.0496,-0.008,0.0241
2016-05-31,0.0074,-0.0109,-0.0053,-0.0059,0.051399999999999994,0.0017000000000000001,0.0096,0.0242,0.022400000000000003,0.012
2016-06-30,0.047400000000000005,-0.0548,0.0091,0.0255,-0.0174,0.0355,0.0073,-0.0017000000000000001,0.07429999999999999,-0.030699999999999998
2016-07-31,-0.0006,0.0858,0.0407,-0.0273,0.0753,0.0225,0.0384,0.0616,-0.0025,0.0373
2016-08-31,-0.0060999999999999995,0.0025,0.013999999999999999,0.0161,0.0179,-0.0317,-0.013600000000000001,-0.0315,-0.0378,0.0329
2016-09-30,-0.0248,-0.0154,-0.0002,0.0281,0.0222,0.004699999999999999,-0.0062,0.006,0.0183,-0.0102
2016-10-31,-0.0018,-0.0377,-0.0255,-0.0296,-0.011200000000000002,-0.0305,-0.0412,-0.0753,-0.0066,0.0077
2016-11-30,-0.0387,0.0755,0.0629,0.0959,0.0074,0.0654,0.042800000000000005,0.0239,-0.0265,0.115
2016-12-31,0.0346,0.0398,0.0049,0.0197,0.0092,0.0489,-0.003,0.0069,0.0361,0.0296
2017-01-31,0.0169,0.0294,0.0334,-0.0429,0.046,0.0333,0.0111,0.0202,0.0109,0.009300000000000001
2017-02-28,0.0375,0.0072,0.0417,-0.0246,0.0484,-0.0012,0.0288,0.0697,0.0385,0.037200000000000004
2017-03-31,0.0088,0.0024,0.0013,-0.012,0.021099999999999997,0.0088,0.0079,0.0004,0.0038,-0.016200000000000003
2017-04-30,0.0051,0.0169,0.0187,-0.0273,0.0255,0.0011,0.0265,0.009300000000000001,0.0032,0.0039000000000000003
2017-05-31,0.0322,-0.0015,0.0127,-0.0338,0.041100000000000005,-0.0152,0.0167,-0.0027,0.024399999999999998,-0.004
2017-06-30,-0.011200000000000002,0.0335,0.012199999999999999,-0.0014000000000000002,-0.0203,-0.0246,-0.018799999999999997,0.0553,-0.0191,0.043899999999999995
2017-07-31,-0.0006,-0.0101,0.0217,0.0204,0.0361,0.0533,0.002,0.0069,0.029900000000000003,0.0144
2017-08-31,-0.0175,0.0003,0.0033,-0.0513,0.03,-0.0248,-0.016,0.0259,0.0218,-0.005699999999999999
2017-09-30,-0.0038,0.053899999999999997,0.0394,0.1094,0.006,-0.015,0.024900000000000002,0.0208,-0.0195,0.045700000000000005
2017-10-31,0.0008,0.0131,0.0276,0.004699999999999999,0.0689,-0.0558,0.0269,-0.0225,0.0302,0.0222
2017-11-30,0.0407,-0.0049,0.0347,0.029900000000000003,0.0106,0.0401,0.07769999999999999,0.0248,0.0242,0.0392
2017-12-31,0.020099999999999996,-0.0072,0.022799999999999997,0.05,-0.0018,0.0449,0.0254,-0.0016,-0.049800000000000004,0.013600000000000001
2018-01-31,0.019299999999999998,0.0275,0.0409,0.0277,0.0774,0.0315,0.09380000000000001,0.0639,-0.0281,0.0591
2018-02-28,-0.0622,-0.0604,-0.0403,-0.10779999999999999,-0.0001,-0.0705,-0.044800000000000006,-0.0349,-0.0454,-0.0332
2018-03-31,-0.0108,-0.0557,-0.022400000000000003,0.030699999999999998,-0.0313,-0.0253,-0.0258,-0.0239,0.0317,-0.0265
2018-04-30,-0.0395,-0.003,-0.0342,0.0993,-0.0016,-0.0231,0.0378,-0.0005,0.0278,0.0059
2018-05-31,-0.0058,0.0311,0.025,0.0339,0.068,-0.0131,0.0085,0.023799999999999998,0.0027,0.014499999999999999
2018-06-30,0.0433,0.0060999999999999995,-0.0098,0.005,-0.0040999999999999995,0.06509999999999999,0.029300000000000003,0.0147,0.025699999999999997,-0.009399999999999999
2018-07-31,0.0287,-0.0116,0.052199999999999996,0.0111,0.0255,0.0273,0.0308,0.059000000000000004,0.0168,0.0374
2018-08-31,-0.0116,-0.0054,-0.0037,-0.028399999999999998,0.07150000000000001,0.028900000000000002,0.0799,0.045,0.009300000000000001,0.024
2018-09-30,0.0070999999999999995,-0.0369,0.0125,0.0337,-0.0005,0.0179,0.0055000000000000005,0.0208,-0.005699999999999999,-0.015
2018-10-31,-0.0022,-0.029900000000000003,-0.09789999999999999,-0.1173,-0.0882,-0.0040999999999999995,-0.08800000000000001,-0.08789999999999999,-0.0006,-0.0676
2018-11-30,0.0049,0.0524,0.046799999999999994,-0.022000000000000002,-0.0158,0.0252,0.0264,0.0641,0.0326,0.028399999999999998
2018-12-31,-0.1131,-0.1158,-0.087,-0.1306,-0.08220000000000001,-0.087,-0.0901,-0.0824,-0.04769999999999999,-0.1082
2019-01-31,0.0729,0.1103,0.0966,0.10339999999999999,0.09300000000000001,0.0545,0.0832,0.053099999999999994,0.0538,0.0974
2019-02-28,0.0134,0.0374,0.052000000000000005,0.024700000000000003,0.056600000000000004,0.0304,0.008,0.033,0.0355,0.0308
2019-03-31,0.036699999999999997,-0.05,-0.0088,0.0202,0.037599999999999995,0.006,0.0339,0.0051,0.0333,-0.013600000000000001
2019-04-30,0.0313,0.0341,0.0404,0.0022,0.0581,0.059800000000000006,0.0462,-0.0316,0.01,0.0667
2019-05-31,-0.0562,-0.12240000000000001,-0.0917,-0.1188,-0.08539999999999999,-0.03,-0.0605,-0.034,-0.0155,-0.061200000000000004
2019-06-30,0.049100000000000005,0.13119999999999998,0.092,0.0883,0.0801,0.051500000000000004,0.0717,0.0682,0.0364,0.0659
2019-07-31,0.016,0.0083,0.0097,-0.0264,0.0363,0.020499999999999997,0.0102,-0.0216,-0.0101,0.0177
2019-08-31,-0.014199999999999999,-0.046799999999999994,-0.0168,-0.0851,-0.0259,0.0029,0.0012,-0.0064,0.0345,-0.0463
2019-09-30,0.018799999999999997,0.0378,0.0384,0.0369,0.0129,0.0126,0.0083,-0.0098,0.0394,0.0191
2019-10-31,0.0008,0.0702,0.0006,-0.0208,0.032799999999999996,0.0219,0.0067,0.0466,-0.0139,0.030899999999999997
2019-11-30,0.0227,0.0291,0.0326,0.011200000000000002,0.0527,0.024700000000000003,0.021099999999999997,0.0548,-0.021400000000000002,0.050499999999999996
2019-12-31,0.0348,0.054000000000000006,0.0134,0.062400000000000004,0.0384,0.0104,0.013500000000000002,0.0345,0.0412,0.0236
2020-01-31,-0.0043,0.061500000000000006,-0.0274,-0.11869999999999999,0.0337,-0.0212,0.0097,-0.0199,0.0483,-0.0134
2020-02-29,-0.0876,-0.0725,-0.0861,-0.1543,-0.0699,-0.0622,-0.0672,-0.0537,-0.0989,-0.0987
2020-03-31,-0.10869999999999999,-0.2267,-0.1691,-0.3447,-0.0977,-0.1322,-0.0791,-0.0509,-0.1305,-0.19219999999999998
2020-04-30,0.0775,0.25489999999999996,0.10859999999999999,0.3231,0.1492,0.09210000000000002,0.18239999999999998,0.13449999999999998,0.0518,0.11449999999999999
2020-05-31,0.031,0.0713,0.0582,0.005600000000000001,0.07629999999999999,0.0481,0.044800000000000006,0.0416,0.0463,0.046
2020-06-30,-0.0014000000000000002,0.1413,0.026000000000000002,-0.0039000000000000003,0.057300000000000004,-0.0262,0.044199999999999996,-0.0144,-0.050199999999999995,0.005
2020-07-31,0.0587,0.1868,0.045599999999999995,-0.0479,0.0687,0.0506,0.0943,0.043899999999999995,0.0634,0.0381
2020-08-31,0.044500000000000005,0.40990000000000004,0.0617,-0.011399999999999999,0.10619999999999999,0.055999999999999994,0.08070000000000001,0.0235,-0.0225,0.0679
2020-09-30,-0.0208,-0.0904,-0.0014000000000000002,-0.1499,-0.0524,-0.0197,-0.038599999999999995,-0.0143,-0.0032,-0.029500000000000002
2020-10-31,-0.027000000000000003,-0.0325,-0.0076,-0.0446,-0.0178,-0.038900000000000004,-0.0269,-0.0437,0.0447,-0.017
2020-11-30,0.1002,0.33899999999999997,0.1396,0.2853,0.1072,0.1447,0.083,0.0983,0.026600000000000002,0.1588
2020-12-31,0.049100000000000005,0.1539,0.0252,0.056900000000000006,0.0508,0.0512,0.0138,0.0471,0.0062,0.0567
2021-01-31,-0.0415,0.1148,-0.0232,0.050499999999999996,0.005600000000000001,-0.0355,-0.0006,0.0342,-0.0044,-0.027200000000000002
2021-02-28,0.0132,-0.0808,0.0553,0.23620000000000002,0.013600000000000001,0.0426,-0.0165,-0.0125,-0.045899999999999996,0.09789999999999999
2021-03-31,0.0728,0.0087,0.0771,0.022799999999999997,0.0087,0.0163,0.057300000000000004,-0.0009,0.1039,0.0526
2021-04-30,0.0332,0.044000000000000004,0.024399999999999998,0.0075,0.0642,0.0308,0.0703,0.0296,0.0398,0.057
2021-05-31,0.0197,-0.0533,0.0277,0.062,-0.0089,-0.0051,-0.0215,-0.0012,-0.0116,0.0277
2021-06-30,-0.008100000000000001,0.0556,-0.0101,0.0553,0.0677,-0.0001,0.029300000000000003,0.0441,-0.014199999999999999,-0.0202
2021-07-31,0.0023,-0.0096,0.013300000000000001,-0.0866,0.036000000000000004,0.0036,0.0025,0.028399999999999998,0.0297,-0.005699999999999999
2021-08-31,-0.0028000000000000004,0.0178,0.0055000000000000005,-0.0116,0.0464,0.0137,0.0241,0.028399999999999998,0.0323,0.027000000000000003
2021-09-30,-0.0458,0.027999999999999997,-0.0579,0.1108,-0.061399999999999996,-0.0558,-0.0438,-0.0602,-0.0487,-0.0245
2021-10-31,0.0374,0.3078,0.0499,0.1027,0.0814,-0.0424,0.051500000000000004,0.0223,0.051100000000000007,0.0668
2021-11-30,-0.0387,0.020499999999999997,-0.0069,-0.054000000000000006,0.014499999999999999,-0.0719,0.0147,-0.0426,-0.0197,-0.0548
2021-12-31,0.08070000000000001,-0.0466,0.0581,0.0305,0.0167,0.0395,0.0152,0.0658,0.08560000000000001,0.049400000000000006
2022-01-31,-0.006500000000000001,-0.10310000000000001,-0.0584,0.17420000000000002,-0.0843,-0.019299999999999998,-0.0883,-0.0877,-0.021,-0.0326
2022-02-28,-0.005699999999999999,-0.0707,-0.0123,0.0836,-0.0452,0.0029,-0.0155,-0.0101,-0.0109,-0.0172
2022-03-31,0.0045000000000000005,0.1503,0.0092,0.09789999999999999,0.032799999999999996,-0.0242,0.0298,0.051500000000000004,0.0969,0.0109
2022-04-30,0.0226,-0.16899999999999998,-0.0529,-0.0128,-0.126,-0.1056,-0.0978,-0.0691,-0.0371,-0.0913
2022-05-31,-0.0163,-0.0904,-0.0037,0.1557,-0.0209,0.0866,-0.040999999999999995,0.0096,0.048,0.0062
2022-06-30,-0.038900000000000004,-0.1184,-0.09449999999999999,-0.1655,-0.08130000000000001,-0.0663,-0.07730000000000001,-0.0202,-0.0654,-0.09960000000000001
2022-07-31,0.041299999999999996,0.27649999999999997,0.0833,0.1047,0.1167,-0.0003,0.147,0.0277,0.06269999999999999,0.0886
2022-08-31,-0.0182,-0.0579,-0.0349,0.0335,-0.0537,-0.0287,-0.0311,-0.0504,0.0011,-0.0252
2022-09-30,-0.0837,-0.0655,-0.11539999999999999,-0.0925,-0.1149,-0.1386,-0.07629999999999999,-0.0192,-0.1161,-0.081
2022-10-31,0.09960000000000001,-0.0662,0.12210000000000001,0.2346,0.0506,0.106,0.0435,0.08779999999999999,0.0345,0.1148
2022-11-30,0.053099999999999994,-0.0808,0.0902,0.0104,0.0537,0.0218,0.0379,0.0535,0.06849999999999999,0.059000000000000004
2022-12-31,-0.0263,-0.2807,-0.0236,-0.0424,-0.0795,-0.0682,-0.0793,-0.0172,-0.011200000000000002,-0.0536
2023-01-31,-0.0037,0.2904,0.0592,0.0275,0.0958,0.1356,0.0975,-0.0105,-0.012199999999999999,0.07519999999999999
2023-02-28,-0.0217,0.10980000000000001,-0.018500000000000003,-0.069,-0.002,-0.065,-0.0467,-0.0429,-0.053200000000000004,-0.024399999999999998
2023-03-31,0.0317,-0.0064,0.0037,-0.0043,0.1047,-0.001,0.0339,0.024900000000000002,0.0395,-0.05
2023-04-30,0.0317,-0.15259999999999999,-0.0059,0.0258,0.0024,0.009899999999999999,0.022400000000000003,0.0412,0.0172,0.018000000000000002
2023-05-31,-0.0542,0.1355,-0.0554,-0.0951,0.0855,-0.0941,0.0052,-0.0366,-0.0583,-0.028399999999999998
2023-06-30,0.0285,0.2466,0.10679999999999999,0.0654,0.0591,0.0462,0.0783,0.0466,0.025099999999999997,0.07440000000000001
2023-07-31,0.023,0.0276,0.0319,0.0746,0.042199999999999994,0.0095,0.0226,-0.0012,0.0277,0.0538
2023-08-31,-0.0378,-0.0435,-0.023799999999999998,0.0197,-0.016399999999999998,0.0016,-0.0039000000000000003,-0.0023,-0.0536,-0.0337
2023-09-30,-0.046,-0.0258,-0.0707,0.031400000000000004,-0.0602,-0.032,-0.056600000000000004,-0.047,-0.050499999999999996,-0.0341
2023-10-31,-0.0369,-0.179,-0.027000000000000003,-0.0611,-0.0177,-0.0013,0.004,-0.045899999999999996,0.0102,-0.0269
2023-11-30,0.049400000000000006,0.1577,0.08689999999999999,-0.0134,0.1206,0.0696,0.0717,0.057999999999999996,0.051500000000000004,0.1045
2023-12-31,0.035699999999999996,0.0659,0.0633,0.0017000000000000001,0.0462,0.0225,0.059000000000000004,0.0691,0.0173,0.0662
2024-01-31,-0.0194,-0.1793,-0.0116,-0.0011,0.0311,0.045700000000000005,0.0124,0.0352,-0.0301,0.009899999999999999
2024-02-29,0.0169,0.0721,0.0533,0.030899999999999997,0.0622,-0.027200000000000002,0.09480000000000001,0.0463,0.0239,0.04650000000000001
2024-03-31,0.0296,-0.0559,0.044800000000000006,0.10289999999999999,0.0236,0.030899999999999997,0.0268,0.0219,0.0704,0.0449
2024-04-30,-0.013600000000000001,-0.0095,-0.0393,-0.0064,-0.0441,-0.0653,-0.0473,-0.0587,0.0158,-0.045599999999999995
2024-05-31,0.0096,-0.0078000000000000005,0.031200000000000002,-0.0045000000000000005,0.081,0.0374,0.024700000000000003,0.032,0.0803,0.0326
2024-06-30,-0.021,0.0613,-0.019,-0.0215,0.0757,-0.006,0.0353,0.029300000000000003,-0.0416,-0.0013
2024-07-31,0.04769999999999999,0.1158,0.034300000000000004,0.0199,-0.0175,0.0385,0.0054,0.0083,0.0639,0.062
2024-08-31,0.040999999999999995,-0.0513,0.0163,-0.0292,0.013500000000000002,0.0124,0.013600000000000001,0.0641,0.0458,0.0305
2024-09-30,0.0098,0.1427,0.025,-0.0315,0.0297,0.0556,0.036699999999999997,-0.0184,0.053399999999999996,0.0068000000000000005
2024-10-31,-0.0259,-0.031400000000000004,-0.04019999999999999,-0.0054,-0.0022,0.023700000000000002,-0.011399999999999999,-0.0315,0.0069,0.011000000000000001
2024-11-30,0.015300000000000001,0.29710000000000003,0.0635,0.0654,0.0495,0.09179999999999999,0.09960000000000001,-0.0051,0.0621,0.1018
2024-12-31,-0.0504,0.1101,-0.0781,-0.0898,0.0143,-0.0796,-0.0187,-0.0538,-0.07780000000000001,-0.0708
2025-01-31,0.0066,0.0043,0.0382,0.0143,0.0027,0.0137,0.0673,0.0635,0.0292,0.06309999999999999
2025-02-28,0.0553,-0.228,-0.0184,0.0297,-0.0395,0.094,-0.0374,0.035,0.0202,-0.005600000000000001
2025-03-31,0.0040999999999999995,-0.0999,-0.0455,0.0385,-0.0915,-0.0134,-0.0736,-0.0416,0.0076,-0.0434
2025-04-30,-0.006,0.058899999999999994,-0.0217,-0.14029999999999998,0.011200000000000002,-0.049,0.0095,-0.0066,-0.0132,-0.015300000000000001
2025-05-31,0.012199999999999999,0.1886,0.0682,0.0178,0.10679999999999999,0.038599999999999995,0.0557,-0.0395,0.034300000000000004,0.043
2025-06-30,-0.0074,-0.0584,0.0369,0.0513,0.0908,0.0363,0.0241,0.020099999999999996,0.0101,0.0417
2025-07-31,-0.018799999999999997,-0.0115,0.0213,0.0353,0.0565,-0.0336,0.0218,-0.0128,0.0337,-0.011899999999999999
2025-08-31,0.0305,0.08039999999999999,0.013600000000000001,0.0441,0.0096,0.038,0.008199999999999999,0.0473,-0.0159,0.042199999999999994
2025-09-30,-0.030600000000000002,0.2511,0.027200000000000002,-0.0075,0.0708,-0.0113,-0.0115,0.0203,0.0398,0.0028000000000000004
2025-10-31,-0.0335,0.0256,0.0276,-0.008100000000000001,0.0559,-0.058499999999999996,0.0174,0.042800000000000005,0.0044,-0.0278
2025-11-30,0.0526,-0.0371,-0.0029,0.023700000000000002,-0.0252,-0.014499999999999999,0.0028000000000000004,0.10859999999999999,0.028999999999999998,0.0174
2025-12-31,-0.0086,0.043899999999999995,0.0147,-0.008,-0.0063,0.0371,-0.0132,-0.015300000000000001,-0.042699999999999995,0.019799999999999998
2026-01-31,0.07,-0.024399999999999998,0.1065,0.138,-0.0084,0.034,0.05,0.0052,0.0286,-0.008100000000000001
2026-02-28,0.0711,-0.0464,0.0728,0.08689999999999999,-0.049,0.0404,-0.0178,0.0463,0.099,-0.0089
2026-03-31,-0.0805,-0.0803,-0.09609999999999999,0.1285,-0.0473,-0.026099999999999998,-0.0431,-0.0723,-0.020499999999999997,-0.0493
2026-04-30,0.026699999999999998,0.0332,0.07730000000000001,-0.0415,0.1777,-0.0226,0.1177,-0.0206,0.020499999999999997,0.0694
